cmd: ./target/profiling/examples/profile_pipeline workload.beancount
events: Ir
fl=./csu/../csu/libc-start.c
fn=__libc_start_main@@GLIBC_2.34
128 2
134 3
135 7
138 1
139 2
142 3
143 2
144 16
145 8
242 13
311 3
312 3
337 6
340 2
343 2
350 2
352 2
360 4
fl=./csu/../sysdeps/nptl/libc_start_call_main.h
fn=(below main)
29 9
44 3
46 2
51 2
52 2
55 2
58 6
74 2
fl=./csu/./csu/errno-loc.c
fn=__errno_location
25 29
26 58
27 29
fl=./csu/./csu/init-first.c
fn=_init_first
46 6
51 2
55 5
61 1
62 1
63 2
71 2
72 3
fl=./ctype/./ctype/ctype-info.c
fn=__ctype_init
29 5
31 35
33 20
35 20
36 5
fl=./debug/../sysdeps/x86_64/multiarch/ifunc-memmove.h
fn=__memcpy_chk
56 2
57 3
60 3
61 2
74 2
77 2
85 2
93 2
96 5
fn=__memmove_chk
56 2
57 3
60 3
61 2
74 2
77 2
85 2
93 2
96 5
fn=__mempcpy_chk
56 2
57 3
60 3
61 2
74 2
77 2
85 2
93 2
96 5
fl=./debug/../sysdeps/x86_64/multiarch/ifunc-memset.h
fn=__memset_chk
54 5
57 3
58 2
64 2
73 2
75 2
85 2
93 2
96 5
fl=./debug/../sysdeps/x86_64/multiarch/memcpy_chk.c
fn=__memcpy_chk
29 1
fl=./debug/../sysdeps/x86_64/multiarch/memmove_chk.c
fn=__memmove_chk
29 1
fl=./debug/../sysdeps/x86_64/multiarch/mempcpy_chk.c
fn=__mempcpy_chk
29 1
fl=./debug/../sysdeps/x86_64/multiarch/memset_chk.c
fn=__memset_chk
29 1
fl=./dirent/../sysdeps/unix/sysv/linux/closedir.c
fn=closedir
31 105
34 42
44 21
50 21
52 42
53 42
fl=./dirent/../sysdeps/unix/sysv/linux/dirfd.c
fn=dirfd
26 21
27 21
28 21
fl=./dirent/../sysdeps/unix/sysv/linux/getdents64.c
fn=__getdents
27 42
30 126
32 168
33 42
fl=./dirent/../sysdeps/unix/sysv/linux/opendir.c
fn=opendir
33 42
46 42
53 105
55 84
82 189
86 63
87 168
112 147
115 42
116 42
123 21
125 21
127 21
128 21
129 21
130 21
131 21
fl=./dirent/../sysdeps/unix/sysv/linux/readdir64.c
fn=readdir
32 6910
34 1382
37 3455
40 2073
47 210
48 84
54 21
55 21
57 84
59 42
61 42
67 691
68 2010
69 1340
72 2680
76 6219
fl=./dlfcn/./dlfcn/dlerror.c
fn=_dlerror_run
113 14
114 2
115 2
121 1
138 5
143 1
145 3
151 2
156 2
198 11
fl=./dlfcn/./dlfcn/dlsym.c
fn=dlsym@@GLIBC_2.34
47 1
48 1
49 1
52 3
54 6
56 2
64 6
65 6
68 1
69 9
fn=dlsym_doit
37 6
40 5
41 3
fl=./elf/../bits/stdlib-bsearch.h
fn=intel_check_word.constprop.0
27 96
28 48
29 744
31 648
32 348
35 264
37 120
fl=./elf/../elf/dl-tls.c
fn=_dl_add_to_slotinfo
1017 27
1023 3
1026 3
1027 3
1031 9
1065 6
1068 6
1069 9
1072 18
fn=_dl_allocate_tls
365 4
369 4
370 4
371 8
374 4
380 12
530 8
531 4
534 8
537 12
549 4
554 92
560 32
563 36
564 24
570 36
571 24
573 64
576 24
577 24
580 24
581 48
583 24
584 24
593 12
603 156
609 36
615 8
618 4
620 4
626 40
627 8
630 32
fn=_dl_allocate_tls_init
523 11
524 2
528 2
531 1
534 2
537 3
549 1
554 27
560 9
563 9
564 6
570 9
571 6
573 24
576 6
577 6
580 6
581 12
583 6
584 6
593 3
601 6
603 30
609 3
615 2
618 2
621 9
fn=_dl_allocate_tls_storage
365 1
369 1
370 1
371 2
374 1
380 2
417 7
419 1
430 1
431 1
432 2
440 6
441 1
445 305
464 1
470 7
fn=_dl_assign_tls_modid
125 8
128 4
141 2
181 2
183 2
186 2
187 4
fn=_dl_count_modids
192 1
194 2
195 1
210 2
fn=_dl_determine_tlsoffset
216 9
217 1
218 1
219 1
222 4
225 2
259 1
261 25
263 9
265 9
266 6
268 6
270 15
281 3
286 24
288 6
289 3
294 3
301 1
302 7
304 2
354 1
355 8
fn=_dl_tls_static_surplus_init
83 3
97 8
100 6
101 5
102 3
104 4
107 1
109 1
111 3
112 6
fl=./elf/../include/list.h
fn=__tls_init_tp
43 2
44 2
45 1
47 1
fl=./elf/../include/rtld-malloc.h
fn=__minimal_calloc
56 12
fn=_dl_allocate_tls
44 8
fn=_dl_allocate_tls_storage
44 2
56 1
fn=_dl_check_map_versions
44 15
fn=_dl_find_object_init
56 2
fn=_dl_important_hwcaps
56 4
fn=_dl_init_paths
56 5
fn=_dl_map_object_deps
56 10
fn=_dl_new_object
44 15
56 12
fn=fillin_rpath.isra.0
50 2
51 1
56 2
fn=init_tls
44 2
fl=./elf/../include/scratch_buffer.h
fn=_dl_map_object_deps
77 2
78 1
85 3
131 16
fl=./elf/../misc/sbrk.c
fn=sbrk
37 6
40 1
58 2
62 2
78 5
fl=./elf/../nptl/nptl-stack.h
fn=__libc_early_init
61 8
fl=./elf/../sysdeps/generic/_itoa.h
fn=_dl_check_map_versions
76 27
fl=./elf/../sysdeps/generic/dl-cache.h
fn=_dl_load_cache_lookup
125 3
194 1
195 5
fl=./elf/../sysdeps/generic/dl-call_tls_init_tp.h
fn=init_tls
31 8
33 1
fl=./elf/../sysdeps/generic/dl-debug.h
fn=dl_main
29 4
30 1
fl=./elf/../sysdeps/generic/dl-hash.h
fn=__rtld_malloc_init_real
43 1
44 1
45 19
48 18
62 24
67 1
72 1
fl=./elf/../sysdeps/generic/dl-new-hash.h
fn=_dl_lookup_symbol_x
69 303
70 606
74 2183
77 4366
80 2026
81 4052
87 146
88 146
89 292
90 146
99 1880
101 1880
102 3760
104 1880
105 1880
fl=./elf/../sysdeps/generic/dl-protected.h
fn=do_lookup_x
29 1120
fl=./elf/../sysdeps/generic/ldsodefs.h
fn=_dl_relocate_object
79 54
140 915
fn=_dl_start
79 6
fn=do_lookup_x
139 560
140 840
fl=./elf/../sysdeps/nptl/dl-mutex.c
fn=__rtld_mutex_init
30 7
37 1
40 7
44 2
45 9
47 6
51 2
52 7
53 6
fl=./elf/../sysdeps/nptl/dl-tls_init_tp.c
fn=__tls_init_tp
68 5
69 1
72 1
75 4
76 2
77 1
82 2
87 4
90 1
93 3
105 4
121 3
128 2
129 3
fn=__tls_pre_init_tp
53 3
56 10
61 2
62 1
64 1
fn=rtld_mutex_dummy
42 12
44 24
fl=./elf/../sysdeps/nptl/pthread_early_init.h
fn=__libc_early_init
33 6
34 1
38 5
45 2
46 1
48 2
52 5
53 1
54 1
56 1
fl=./elf/../sysdeps/posix/dl-fileid.h
fn=_dl_map_object_from_fd
37 16
40 16
49 40
fl=./elf/../sysdeps/unix/sysv/linux/brk.c
fn=brk
36 1
37 1
38 2
44 1
45 1
fl=./elf/../sysdeps/unix/sysv/linux/brk_call.h
fn=brk
24 2
fl=./elf/../sysdeps/unix/sysv/linux/dl-osinfo.h
fn=dl_main
39 2
52 1
fl=./elf/../sysdeps/unix/sysv/linux/dl-parse_auxv.h
fn=_dl_sysdep_parse_arguments
32 2
33 1
34 1
41 93
42 44
43 44
45 1
46 2
47 2
48 2
49 1
51 2
52 2
53 2
54 2
56 2
fl=./elf/../sysdeps/unix/sysv/linux/dl-sysdep.c
fn=_dl_sysdep_parse_arguments
78 7
79 2
80 2
81 3
82 119
83 241
86 2
90 56
93 5
94 2
95 3
96 6
fn=_dl_sysdep_start
102 6
103 1
106 2
110 2
113 1
115 2
122 3
123 2
125 5
137 3
140 5
143 4
fn=_dl_sysdep_start_cleanup
147 1
148 1
fl=./elf/../sysdeps/unix/sysv/linux/dl-vdso-setup.h
fn=dl_main
30 1
33 1
36 1
39 1
45 1
fl=./elf/../sysdeps/unix/sysv/linux/dl-vdso.h
fn=dl_main
40 2
41 5
55 2
fl=./elf/../sysdeps/unix/sysv/linux/rseq-internal.h
fn=__tls_init_tp
32 3
34 7
37 2
40 1
fl=./elf/../sysdeps/unix/sysv/linux/x86/dl-hwcap2.h
fn=update_active.constprop.0
25 2
fl=./elf/../sysdeps/unix/sysv/linux/x86/dl-minsigstacksize.h
fn=get_common_indices.constprop.0
24 2
27 2
28 2
65 3
72 1
74 1
fl=./elf/../sysdeps/x86/cpu-features.c
fn=get_common_indices.constprop.0
398 3
402 4
405 5
409 1
410 4
411 4
412 4
413 3
414 2
421 2
423 9
428 8
435 2
436 7
442 2
457 3
fn=init_cpu_features.constprop.0
376 3
377 2
378 6
383 2
384 6
389 2
390 7
682 8
685 1
686 1
687 1
690 1
699 3
702 6
703 1
706 2
708 6
713 1
715 3
717 9
721 7
774 3
781 2
799 1
832 2
866 4
869 2
870 1
878 2
885 2
887 2
891 2
897 2
899 1
1001 3
1002 2
1005 2
1006 2
1012 1
1013 1
1014 1
1015 2
1019 4
1022 4
1028 3
1041 2
1042 4
1081 1
1082 2
1086 3
1103 2
1104 2
1106 3
1107 2
1109 3
1110 2
1113 2
1127 4
1129 4
1135 4
1142 8
fn=update_active.constprop.0
72 8
76 1
84 3
85 3
86 1
94 4
95 1
103 4
104 1
109 4
112 4
113 1
116 5
117 2
121 5
122 3
123 3
124 2
128 5
129 5
130 3
132 2
133 4
147 2
151 7
152 4
154 3
158 4
161 1
164 2
166 2
170 1
171 1
178 4
180 5
186 4
188 5
190 4
195 5
244 3
245 3
261 4
277 2
281 2
282 1
285 4
289 2
293 3
294 2
296 1
297 1
300 2
302 1
305 2
356 5
360 3
369 1
370 8
fl=./elf/../sysdeps/x86/dl-cacheinfo.h
fn=get_common_cache_info.constprop.0
571 11
586 1
587 1
588 2
589 1
590 2
596 3
598 7
601 2
613 1
618 3
622 2
627 5
630 24
637 8
640 26
645 2
649 3
650 2
654 2
658 3
661 4
662 1
667 4
673 4
681 6
683 2
685 4
687 12
689 1
690 1
691 9
693 4
696 7
701 1
703 4
704 3
705 1
708 2
711 2
718 1
720 4
721 1
726 2
731 2
732 1
733 2
734 1
759 3
770 5
771 5
775 2
782 1
783 2
784 1
785 7
fn=handle_intel.constprop.0
250 108
255 24
261 12
262 12
267 48
271 24
276 24
279 60
281 24
284 60
286 24
305 96
fn=init_cpu_features.constprop.0
792 1
793 1
795 1
809 2
811 3
812 3
813 3
814 2
817 3
819 3
820 2
822 3
824 3
825 1
827 3
829 3
830 2
832 3
834 3
836 3
838 5
894 2
895 2
896 2
897 2
898 2
899 2
900 1
901 1
902 1
903 1
904 1
905 1
907 1
910 3
924 3
925 7
930 2
931 6
932 2
939 3
959 6
968 2
969 2
974 12
987 5
995 7
997 2
1000 5
1002 2
1005 5
1006 5
1010 6
1011 3
1017 7
1020 11
1021 10
1022 13
1025 10
1027 10
1040 4
1042 2
1043 2
1044 1
1045 1
1046 1
1047 1
fn=intel_check_word.constprop.0
110 648
113 324
119 216
123 48
125 12
129 120
131 144
133 60
135 120
143 120
152 12
155 138
158 99
162 58
164 189
167 120
168 72
169 60
170 48
172 11
174 22
176 12
177 16
178 12
179 20
180 14
181 12
183 8
184 12
187 21
190 2
194 192
202 168
216 48
246 144
fl=./elf/../sysdeps/x86/dl-get-cpu-features.c
fn=__x86_cpu_features
39 3
71 3
fn=_dl_x86_init_cpu_features
37 1
39 3
41 1
fl=./elf/../sysdeps/x86/dl-isa-level.h
fn=_dl_load_cache_lookup
28 18
fl=./elf/../sysdeps/x86/dl-procinfo.h
fn=_dl_load_cache_lookup
39 6
42 21
fl=./elf/../sysdeps/x86/dl-prop.h
fn=_dl_map_object_from_fd
149 16
fn=_dl_process_pt_gnu_property
95 24
102 12
115 12
118 6
252 4
253 2
254 8
255 4
257 24
258 2
260 6
fn=dl_main
36 2
37 21
40 9
49 34
53 28
71 2
149 4
235 2
236 1
fl=./elf/../sysdeps/x86/get-isa-level.h
fn=_dl_hwcaps_subdirs_active
30 4
31 1
32 3
36 3
39 4
40 4
45 4
48 2
51 5
53 4
54 2
55 2
58 4
fn=update_active.constprop.0
28 1
30 4
31 1
32 3
36 3
38 1
39 2
40 4
45 4
47 1
48 2
51 5
53 4
54 2
55 2
57 1
58 4
fl=./elf/../sysdeps/x86_64/dl-cet.c
fn=_dl_cet_check
275 2
276 1
277 2
282 4
283 3
285 2
293 5
361 8
363 6
fn=_dl_cet_setup_features
331 1
334 2
350 1
fl=./elf/../sysdeps/x86_64/dl-hwcaps-subdirs.c
fn=_dl_hwcaps_subdirs_active
29 1
38 3
43 1
48 1
52 1
fl=./elf/../sysdeps/x86_64/dl-machine.h
fn=_dl_relocate_object
81 24
87 4
91 3
97 1
108 3
129 2
132 2
134 4
267 642
274 642
278 642
287 2913
290 648
291 136
292 1192
295 20
296 30
307 20
314 50
317 1926
320 44
323 44
346 2
347 3
393 30
400 51
402 68
406 51
415 34
423 609
436 7
476 136
478 68
479 68
498 96759
499 32253
503 64506
504 64506
514 114
518 114
521 171
522 57
730 12
734 8
fn=_dl_start
55 1
278 9
287 27
290 6
291 12
317 8
323 2
fn=_dl_sysdep_start
220 1
fl=./elf/./dl-find_object.h
fn=_dl_find_object_from_map
95 12
96 12
97 6
103 30
104 171
105 118
107 18
112 6
fl=./elf/./dl-hwcaps.h
fn=_dl_important_hwcaps
43 9
45 7
46 1
77 8
78 8
79 7
fl=./elf/./dl-load.h
fn=_dl_map_object_from_fd
91 32
92 12
93 15
94 12
96 12
fl=./elf/./dl-main.h
fn=dl_main
109 5
fl=./elf/./dl-map-segments.h
fn=_dl_map_object_from_fd
28 12
29 36
81 4
101 4
102 12
105 12
106 8
108 8
125 4
135 96
137 48
139 120
149 64
155 8
156 4
157 12
158 8
160 8
165 8
168 12
176 28
182 8
186 8
189 2
194 16
fl=./elf/./dl-sym-post.h
fn=_dl_sym
24 3
25 2
41 2
53 4
fn=lookup_malloc_symbol
41 8
53 12
fl=./elf/./dl-tunable-types.h
fn=__GI___tunable_set_val
84 5
fl=./elf/./elf/dl-audit.c
fn=_dl_audit_activity_map
29 7
30 1
31 3
37 6
fn=_dl_audit_activity_nsid
41 3
45 12
46 3
47 15
fn=_dl_audit_objclose
97 6
98 24
fn=_dl_audit_objopen
77 4
78 16
fn=_dl_audit_preinit
118 1
119 4
fl=./elf/./elf/dl-cache.c
fn=_dl_cache_libcmp
357 52
358 332
360 444
362 158
368 20
369 15
370 142
372 142
374 10
380 286
382 286
383 63
386 122
387 122
390 41
fn=_dl_load_cache_lookup
191 42
205 3
208 24
210 30
211 6
213 15
220 51
222 135
223 42
227 63
231 63
232 42
240 16
242 10
245 10
247 30
249 5
259 6
269 9
270 12
286 21
295 6
298 6
301 3
302 9
330 6
346 18
347 11
349 7
403 30
405 6
408 9
411 5
419 5
420 8
423 6
424 1
431 1
432 2
477 6
482 9
485 9
500 6
512 9
513 45
514 12
515 3
516 24
fn=_dl_unload_cache
525 3
526 4
528 2
529 1
533 1
535 2
fl=./elf/./elf/dl-call-libc-early-init.c
fn=_dl_call_libc_early_init
27 7
29 2
33 5
37 2
39 4
40 2
41 3
fl=./elf/./elf/dl-call_fini.c
fn=_dl_call_fini
24 48
28 12
32 6
34 6
35 12
38 8
39 12
42 36
43 5
47 6
48 12
49 12
50 32
fl=./elf/./elf/dl-catch.c
fn=_dl_catch_error
254 24
256 4
257 4
258 4
259 4
261 12
fn=_dl_catch_exception
58 33
59 20
62 2
69 22
70 51
73 4
204 88
207 22
214 11
228 11
229 22
235 66
237 33
239 44
248 33
fn=_dl_receive_error
58 2
59 1
69 2
70 2
186 7
188 1
192 1
194 1
197 1
198 4
fl=./elf/./elf/dl-debug.c
fn=_dl_debug_initialize
56 3
57 1
59 2
61 2
63 3
64 1
85 3
90 3
91 2
92 1
95 3
96 6
99 2
107 2
fn=_dl_debug_state
116 2
117 2
fn=_dl_debug_update
38 5
40 10
41 5
44 10
48 5
fl=./elf/./elf/dl-deps.c
fn=_dl_map_object_deps
128 3
129 5
130 6
132 3
136 8
143 13
144 20
160 9
161 1
164 1
182 1
183 6
184 1
188 13
190 22
193 6
197 18
198 39
201 16
205 8
208 20
210 16
215 4
216 4
217 8
218 8
219 4
221 512
222 242
228 86
230 9
232 36
233 18
242 9
244 18
249 28
252 4
253 4
254 4
255 8
256 4
257 4
259 16
263 27
264 15
266 336
417 12
419 20
422 8
423 16
429 4
430 20
431 20
434 4
435 8
439 18
441 6
442 27
448 5
449 1
452 4
463 5
465 4
470 5
471 1
472 2
474 22
478 6
483 12
485 18
490 6
494 2
495 3
532 2
533 2
547 9
552 9
553 5
557 1
559 2
560 1
561 3
568 3
571 2
574 8
fn=openaux
61 54
64 99
65 9
68 9
69 27
fl=./elf/./elf/dl-environ.c
fn=_dl_next_ld_env_entry
28 3
29 3
32 361
34 238
35 12
37 2
40 4
42 2
45 117
fl=./elf/./elf/dl-find_object.c
fn=_dl_find_object_init
561 5
564 1
566 2
567 3
579 2
580 3
582 2
585 2
590 1
591 1
594 3
596 2
599 6
601 1
604 4
fn=_dlfo_process_initial
474 8
475 2
477 2
478 4
504 24
505 30
506 12
508 44
511 40
513 30
515 10
516 10
517 20
529 2
531 8
fn=_dlfo_sort_mappings
536 1
537 2
540 20
544 8
545 50
546 50
548 4
549 4
553 16
554 20
555 8
557 1
fl=./elf/./elf/dl-fini.c
fn=_dl_fini
26 11
43 1
46 13
49 2
51 1
54 2
56 5
61 1
63 4
68 18
73 22
75 12
77 12
79 12
80 6
81 6
85 6
87 6
88 6
94 6
103 2
108 36
110 6
112 12
114 24
117 12
122 6
126 5
132 6
134 1
138 2
145 8
fl=./elf/./elf/dl-hwcaps.c
fn=_dl_important_hwcaps
52 16
54 2
55 4
56 2
57 2
77 16
80 16
84 2
86 6
87 2
88 2
100 5
102 3
105 1
108 1
112 5
125 12
127 10
128 4
129 4
130 2
133 3
142 13
143 11
145 8
151 5
155 4
156 3
157 3
161 1
162 2
163 2
172 14
174 2
175 3
185 2
186 3
189 3
193 2
194 2
201 1
202 5
208 2
209 1
213 3
216 9
fl=./elf/./elf/dl-hwcaps_split.c
fn=_dl_hwcaps_split
25 5
26 3
27 1
47 4
fn=_dl_hwcaps_split_masked
26 44
30 24
34 78
35 12
36 24
41 36
42 18
43 12
45 6
51 110
55 5
56 18
57 27
58 24
60 6
62 88
67 12
fl=./elf/./elf/dl-init.c
fn=_dl_init
29 14
35 35
37 36
81 13
82 1
83 1
86 3
89 2
94 4
119 1
120 28
121 12
127 8
fn=call_init.part.0
26 72
43 18
46 18
47 2
51 10
59 15
60 18
63 5
64 10
70 12
72 8
73 44
74 24
76 48
fl=./elf/./elf/dl-load.c
fn=_dl_dst_count
238 81
241 18
244 18
245 9
264 81
fn=_dl_init_paths
706 13
720 4
725 1
727 3
734 3
735 2
739 4
741 4
747 1
748 1
756 8
758 8
759 4
761 5
762 7
763 4
766 13
767 10
768 18
770 32
776 1
777 1
782 1
785 3
787 4
789 3
806 1
808 3
822 2
825 5
827 23
831 2
832 60
833 14
834 28
836 1
837 1
838 2
844 6
847 3
853 1
857 8
fn=_dl_map_object
682 30
696 15
1967 120
1969 4
1975 20
1976 40
1979 194
1984 238
1986 170
1990 56
1991 84
1994 65
1995 39
1996 65
2010 16
2011 12
2019 12
2034 4
2036 20
2040 12
2042 6
2049 12
2053 3
2054 3
2058 9
2059 3
2073 15
2074 21
2075 3
2084 6
2099 6
2100 48
2106 9
2107 3
2115 3
2129 6
2131 9
2135 9
2137 6
2141 6
2149 6
2172 27
2176 9
2177 3
2194 6
2200 1
2201 4
2202 2
2203 2
2207 9
2210 3
2222 16
2267 8
2268 70
2270 94
fn=_dl_map_object_from_fd
944 56
959 16
989 70
990 28
1008 8
1036 16
1046 8
1053 32
1054 8
1065 8
1066 12
1067 8
1069 12
1070 16
1071 6
1074 17
1075 6
1086 4
1088 4
1090 88
1091 4
1092 4
1093 4
1094 4
1100 168
1101 408
1107 8
1114 10
1115 12
1116 40
1121 2
1122 1
1127 124
1135 80
1136 104
1137 80
1138 16
1139 32
1141 112
1143 32
1156 32
1157 60
1162 16
1163 164
1176 6
1180 8
1181 2
1185 10
1186 4
1189 2
1194 8
1209 8
1210 4
1213 12
1218 28
1228 76
1229 32
1235 8
1245 16
1252 28
1264 4
1268 16
1269 12
1275 10
1276 8
1278 8
1288 12
1307 12
1309 24
1361 12
1362 4
1368 136
1369 224
1375 64
1380 16
1393 8
1395 16
1397 8
1413 8
1417 8
1418 8
1435 8
1436 1
1439 8
1444 8
1449 8
1461 32
1462 12
1463 27
1464 9
1465 5
1471 8
1472 8
1477 4
1484 12
1487 8
1491 12
1492 12
1510 8
1514 28
1515 16
1519 36
fn=_dl_process_pt_gnu_property
868 12
869 8
870 4
876 8
882 20
885 12
886 8
887 8
890 12
891 12
895 4
896 8
900 12
901 6
904 12
907 6
908 24
918 12
920 16
fn=expand_dynamic_string_token
241 6
244 4
385 20
399 4
410 14
fn=fillin_rpath.isra.0
468 17
472 1
474 12
481 2
483 6
487 2
492 3
493 2
500 5
505 2
509 15
510 8
528 4
532 4
534 2
538 1
539 2
540 4
541 1
543 2
549 4
550 14
551 4
553 2
554 3
555 1
561 2
562 1
565 3
571 1
574 8
fn=open_path
1812 33
1813 6
1816 3
1817 3
1819 6
1822 6
1824 66
1827 6
1831 3
1835 18
1842 18
1843 66
1846 18
1851 55
1854 10
1860 15
1863 40
1865 15
1867 6
1872 6
1873 21
1879 9
1881 24
1882 2
1884 3
1891 30
1893 10
1937 24
1941 3
1943 12
1946 9
1960 27
fn=open_verify.constprop.0
1572 108
1604 27
1609 10
1623 45
1625 18
1633 4
1634 12
1639 24
1641 8
1643 8
1645 8
1651 8
1668 58
1749 8
1754 8
1760 16
1766 8
1772 16
1773 16
1777 16
1778 5
1799 81
fl=./elf/./elf/dl-lookup-direct.c
fn=_dl_lookup_direct
32 15
33 9
35 6
36 6
48 9
51 6
53 21
57 9
58 21
59 15
74 39
76 6
78 21
79 6
81 12
84 25
86 12
93 6
115 3
116 27
fl=./elf/./elf/dl-lookup.c
fn=_dl_lookup_symbol_x
772 3939
774 606
775 1212
778 303
782 1160
785 606
787 606
791 4357
792 5151
797 1515
799 138
816 303
817 69
820 606
821 1940
828 372
856 1120
870 840
871 2
873 560
890 1120
892 2727
fn=check_match
70 4380
73 2336
78 26
86 1460
89 1928
93 292
94 584
96 578
115 578
116 2312
117 1385
118 24
119 24
144 6
146 18
147 12
150 2
151 7
153 3
161 279
162 2336
fn=do_lookup_x
347 4242
348 303
353 303
354 303
358 3036
361 3036
365 3642
386 3036
390 3036
396 4554
400 1518
401 1518
404 7590
405 4554
408 1518
409 3036
411 1518
412 909
413 3036
415 2121
416 6072
419 10626
422 608
423 912
424 608
426 590
429 3370
431 876
432 7333
433 584
436 876
439 1211
461 2232
470 129
472 2
476 560
483 1896
487 258
499 560
500 280
501 280
518 3714
521 23
522 2424
fl=./elf/./elf/dl-minimal-malloc.c
fn=__minimal_calloc
80 60
84 12
87 12
88 36
fn=__minimal_free
97 1
99 4
fn=__minimal_malloc
36 272
37 102
42 3
43 2
44 2
48 135
51 226
56 12
57 12
59 3
60 24
62 6
64 12
65 9
67 8
70 35
71 38
73 204
fl=./elf/./elf/dl-minimal.c
fn=__rtld_malloc_init_real
76 10
86 2
87 1
89 1
91 6
92 5
93 5
94 4
99 1
100 1
101 1
102 1
103 8
fn=__rtld_malloc_init_stubs
42 1
43 2
44 2
45 2
46 2
47 1
fn=lookup_malloc_symbol
61 36
63 4
64 28
68 28
69 28
71 4
72 24
fn=strsep
239 2
242 4
244 2
245 4
247 2
249 47
251 28
254 56
256 84
264 14
267 1
271 4
fl=./elf/./elf/dl-misc.c
fn=_dl_name_match_p
68 560
69 320
70 15
72 80
74 318
75 470
80 79
82 65
83 320
fn=_dl_sysdep_read_whole_file
36 11
39 3
40 2
42 6
44 2
47 2
49 8
60 3
63 8
fl=./elf/./elf/dl-object.c
fn=_dl_add_to_namespace_list
31 45
33 15
35 44
38 56
40 4
42 4
45 2
46 15
47 10
48 10
50 10
51 25
fn=_dl_new_object
59 75
62 10
64 2
66 3
67 2
71 6
77 2
80 8
83 21
87 8
92 4
95 10
98 5
99 5
100 10
103 10
104 35
106 5
119 23
123 4
125 1
127 35
130 10
131 10
132 5
136 5
139 38
141 20
149 10
150 5
153 1
155 30
157 16
160 12
164 16
168 28
176 1
179 10
189 20
191 16
195 12
199 8
200 8
208 4
212 4
245 16
250 136
251 136
255 8
256 4
259 4
263 45
fl=./elf/./elf/dl-open.c
fn=_dl_find_dso_for_object
214 100
218 30
219 30
220 40
221 20
224 20
228 70
fl=./elf/./elf/dl-reloc.c
fn=_dl_relocate_object
170 1556
171 610
174 3286
175 84
177 7
178 28
182 596
183 298
184 298
186 2390
187 1460
188 584
190 2169
193 298
194 2086
196 7
207 77
208 14
220 12
221 18
224 24
226 18
228 6
229 18
251 30
252 12
253 3
255 12
262 18
301 10213
304 30
328 6
331 12
348 18
350 56
356 36
359 12
363 12
364 36
fl=./elf/./elf/dl-setup_hash.c
fn=_dl_setup_hash
25 12
28 18
31 18
32 12
33 6
34 6
36 18
37 6
38 18
40 6
41 12
43 6
45 18
50 6
fl=./elf/./elf/dl-sort-maps.c
fn=_dl_sort_maps
140 60
181 2
182 4
183 46
184 24
211 34
216 4
218 2
219 10
221 38
223 12
226 36
244 8
263 8
276 8
283 2
298 26
306 6
310 18
fn=_dl_sort_maps_init
289 4
290 4
291 1
292 3
293 2
fn=dfs_traversal.part.0
135 108
140 48
143 12
145 36
147 132
156 42
171 36
172 12
173 72
fl=./elf/./elf/dl-sym.c
fn=_dl_sym
51 2
88 1
95 2
104 2
105 4
146 10
157 3
162 3
168 6
170 1
173 1
194 13
196 10
fl=./elf/./elf/dl-tunables.c
fn=__GI___tunable_set_val
72 50
82 5
93 40
94 25
97 10
100 35
104 10
111 10
112 10
115 25
116 5
117 5
118 5
153 30
157 15
fn=__GI___tunables_init
42 600
45 119
48 13699
52 238
56 476
128 1
261 10
267 4
281 19516
283 2
287 35343
304 8
fn=__tunable_get_val
387 78
390 462
399 51
400 15
409 30
416 234
418 39
fl=./elf/./elf/dl-tunables.h
fn=__GI___tunable_set_val
141 10
142 10
151 5
fn=__GI___tunables_init
160 2194
161 5559
fl=./elf/./elf/dl-version.c
fn=_dl_check_all_versions
392 7
394 1
396 23
397 6
398 54
401 7
fn=_dl_check_map_versions
36 146
37 37
38 239
56 164
64 123
70 123
86 41
87 82
89 41
94 1583
108 1378
110 41
113 328
120 1944
124 648
155 60
156 6
164 10
170 18
172 30
174 6
175 6
177 12
180 12
184 32
198 5
200 27
208 27
213 27
215 32
217 164
218 371
221 82
224 123
225 5
228 20
231 164
234 123
239 32
243 27
248 5
257 25
260 8
263 336
266 251
270 77
274 15
279 5
280 20
281 15
291 5
294 27
296 10
299 16
301 5
303 27
306 123
308 164
310 205
311 82
312 123
313 123
316 123
321 32
324 27
329 5
334 10
337 8
341 77
343 162
347 77
348 385
349 231
350 77
353 243
357 77
365 8
366 8
367 8
368 4
370 4
372 124
373 60
375 2
376 7
387 54
fl=./elf/./elf/do-rel.h
fn=_dl_relocate_object
49 36
50 36
51 6
53 60
72 6
73 7
80 36
83 179
85 228
96 6
97 2
114 33
123 96784
124 64506
126 33
129 36
131 1579
133 1915
134 1532
135 1149
136 1532
138 1149
141 272
142 68
143 68
147 315
150 963
151 132
164 20
165 285
166 252
169 204
171 272
172 68
173 136
180 31
182 42
183 12
185 18
193 6
196 18
211 7
fn=_dl_start
49 6
50 4
51 1
53 10
56 4
61 13
63 9
64 6
65 3
fl=./elf/./elf/get-dynamic-info.h
fn=_dl_map_object_from_fd
39 8
43 4
45 448
49 218
51 60
52 30
53 6
54 100
55 84
56 20
59 16
62 16
64 16
68 109
72 16
84 14
85 16
86 16
87 16
88 14
89 15
90 15
91 16
103 32
110 13
115 6
122 6
123 12
129 12
130 6
147 12
152 4
154 4
156 4
158 4
159 4
162 12
164 9
165 6
174 6
175 9
180 6
181 6
184 8
fl=./elf/./elf/libc_early_init.c
fn=__libc_early_init
33 9
35 1
38 2
41 2
47 4
49 2
fl=./elf/./elf/rtld.c
fn=_dl_start
85 8
458 2
476 3
477 1
478 2
488 1
494 4
496 2
517 16
543 1
546 2
547 4
563 190
565 1
578 1
585 9
fn=dl_main
85 17
92 12
93 2
101 9
197 2
199 1
224 3
225 5
226 4
296 3
302 1
303 1
837 1
839 1
848 1
850 1
855 1
1115 1
1116 1
1118 1
1122 3
1124 1
1125 1
1140 1
1143 43
1144 110
1148 4
1153 3
1154 9
1163 2
1164 2
1166 1
1173 3
1191 2
1199 8
1200 17
1201 8
1202 1
1204 12
1205 14
1209 8
1210 8
1211 4
1215 12
1221 3
1227 4
1228 1
1233 4
1234 2
1235 1
1238 2
1243 2
1247 3
1253 26
1254 58
1260 12
1266 4
1268 3
1269 3
1271 3
1346 13
1351 1
1352 1
1357 1
1373 3
1374 4
1637 10
1639 2
1640 3
1641 2
1642 3
1646 2
1647 2
1672 3
1673 5
1674 3
1675 3
1678 1
1680 1
1681 1
1683 2
1684 2
1688 2
1690 2
1698 4
1705 2
1708 2
1733 4
1735 1
1740 2
1743 4
1744 4
1745 3
1746 1
1747 1
1748 1
1759 2
1760 2
1762 2
1764 1
1765 3
1770 5
1771 5
1773 3
1779 2
1788 2
1792 1
1793 2
1817 2
1823 1
1824 1
1825 1
1829 3
1834 3
1836 1
1838 2
1842 5
1847 2
1863 6
1939 4
1943 19
1944 1
1947 3
1948 1
1949 2
1950 2
1955 3
1965 9
1971 27
1972 16
1975 3
1976 2
1977 1
1979 22
1980 10
1984 2
1990 1
1992 3
1993 2
1995 2
1997 3
1999 3
2000 1
2001 2
2013 2
2014 2
2015 3
2026 5
2027 4
2028 5
2038 2
2039 2
2040 4
2042 2
2047 3
2246 3
2250 3
2256 2
2259 2
2267 2
2279 3
2282 3
2284 3
2285 6
2292 2
2293 27
2295 12
2300 12
2302 14
2304 1
2305 1
2308 6
2310 12
2311 40
2315 18
2316 9
2325 2
2329 4
2331 1
2338 4
2341 2
2345 3
2347 2
2357 1
2362 3
2365 1
2371 1
2372 5
2380 3
2387 1
2390 3
2394 3
2395 1
2396 1
2397 1
2401 1
2406 8
2538 1
2598 1
2600 2
2602 15
2604 2
2606 107
2607 19
2615 13
2640 2
2650 4
2652 2
2653 1
2687 5
2689 2
2690 2
2691 1
2727 5
2749 3
fn=handle_preload_list
183 3
806 1
810 2
811 2
812 1
814 1
816 6
817 3
825 3
869 13
870 3
874 5
877 4
878 3
880 4
881 2
887 1
889 2
891 2
892 1
895 9
fn=init_tls
734 4
736 2
740 3
746 2
749 1
750 1
751 1
755 1
757 1
761 2
762 2
763 16
764 6
765 12
769 9
771 3
773 3
776 2
779 1
786 2
787 2
793 2
797 1
800 5
fn=map_doit
641 6
643 4
644 6
646 3
fn=version_check_doit
674 6
676 6
680 3
fl=./elf/./get-dynamic-info.h
fn=_dl_start
45 75
49 36
51 10
52 5
54 20
55 16
56 5
59 4
62 4
64 4
68 18
72 3
84 4
85 3
86 4
87 4
88 5
89 3
90 4
91 4
103 10
110 3
123 3
129 3
130 3
133 2
134 3
139 5
142 5
fn=dl_main
39 4
43 1
45 119
49 58
51 12
52 6
54 25
55 21
56 5
59 4
62 4
64 4
68 29
72 7
84 3
85 5
86 5
87 5
88 4
89 5
90 5
91 5
103 9
110 3
115 2
122 3
123 4
129 3
147 4
152 2
154 2
156 2
158 2
159 2
162 4
164 3
165 2
174 2
175 3
180 2
181 3
184 3
fl=./elf/./setup-vdso.h
fn=dl_main
24 2
fl=./io/../sysdeps/unix/sysv/linux/access.c
fn=access
25 1
27 7
31 1
fl=./io/../sysdeps/unix/sysv/linux/close.c
fn=close
26 5
27 30
28 5
fl=./io/../sysdeps/unix/sysv/linux/close_nocancel.c
fn=__GI___close_nocancel
25 5
26 20
27 5
fn=__close_nocancel
25 22
26 88
27 22
fl=./io/../sysdeps/unix/sysv/linux/fstat64.c
fn=fstat
30 27
39 108
72 27
fl=./io/../sysdeps/unix/sysv/linux/fstatat64.c
fn=fstatat
91 6
146 6
160 4
161 11
162 1
fl=./io/../sysdeps/unix/sysv/linux/getcwd.c
fn=getcwd
49 14
55 2
66 2
76 1
80 5
81 5
84 3
88 4
131 12
fl=./io/../sysdeps/unix/sysv/linux/lseek64.c
fn=lseek
28 4
40 16
42 4
fl=./io/../sysdeps/unix/sysv/linux/open64.c
fn=open
30 72
33 42
41 59
43 48
fl=./io/../sysdeps/unix/sysv/linux/open64_nocancel.c
fn=__open_nocancel
28 216
31 224
39 239
41 130
fl=./io/../sysdeps/unix/sysv/linux/poll.c
fn=poll
27 1
29 6
43 1
fl=./io/../sysdeps/unix/sysv/linux/pread64_nocancel.c
fn=__pread64_nocancel
25 4
26 8
27 2
fl=./io/../sysdeps/unix/sysv/linux/read.c
fn=read
25 10
26 60
27 10
fl=./io/../sysdeps/unix/sysv/linux/read_nocancel.c
fn=__read_nocancel
25 9
26 36
27 9
fl=./io/../sysdeps/unix/sysv/linux/readlink.c
fn=readlink
28 2
30 12
34 2
fl=./io/../sysdeps/unix/sysv/linux/stat64.c
fn=stat
28 6
29 12
fl=./io/../sysdeps/unix/sysv/linux/statx.c
fn=statx
27 14
28 35
32 14
38 14
fl=./io/../sysdeps/unix/sysv/linux/write.c
fn=write
25 35
26 75
27 10
fl=./libio/../include/printf_buffer.h
fn=__vsnprintf_internal
124 12
127 4
128 4
137 8
fl=./libio/../string/bits/string_fortified.h
fn=getdelim
29 216
fl=./libio/./libio/filedoalloc.c
fn=_IO_file_doallocate
78 11
84 9
86 4
97 4
101 3
102 2
104 4
105 1
106 9
fl=./libio/./libio/fileops.c
fn=_IO_file_close
1165 1
1168 2
fn=_IO_file_close_it@@GLIBC_2.2.5
128 7
130 3
133 2
134 3
137 1
139 2
142 7
145 3
153 5
154 4
157 2
158 1
159 1
160 1
162 2
163 7
fn=_IO_file_finish@@GLIBC_2.2.5
168 6
169 2
175 3
176 3
fn=_IO_file_fopen@@GLIBC_2.2.5
213 12
214 1
222 2
224 6
227 1
228 2
247 42
268 1
269 1
271 1
272 4
281 5
284 2
287 4
288 2
357 12
fn=_IO_file_open
182 12
184 2
185 4
189 2
191 1
192 6
195 3
205 2
206 1
207 6
fn=_IO_file_read
1131 5
1133 10
1134 10
fn=_IO_file_stat
1147 1
1148 2
fn=_IO_file_underflow@@GLIBC_2.2.5
462 50
466 15
469 10
475 15
478 10
481 3
486 2
490 12
506 10
512 30
517 25
519 10
526 5
535 15
537 10
538 40
fn=_IO_new_file_init_internal
106 6
110 1
111 1
113 1
114 1
115 3
fl=./libio/./libio/genops.c
fn=_IO_cleanup
776 6
777 17
780 12
784 3
785 54
792 9
794 6
814 3
816 33
817 3
821 9
822 2
842 12
843 2
855 12
fn=_IO_default_finish
54 2
601 6
603 3
609 3
612 3
624 3
fn=_IO_doallocbuf
343 8
344 2
346 3
347 5
350 6
fn=_IO_enable_locks
518 1
521 3
523 1
524 9
525 3
526 1
1044 1
1058 3
fn=_IO_flush_all
686 12
687 1
691 6
692 14
695 12
697 3
698 51
700 21
708 36
709 3
713 9
714 2
718 12
fn=_IO_link_in
87 14
88 10
90 2
92 7
93 9
94 1
95 9
97 2
98 1
100 5
101 1
102 6
103 2
106 19
fn=_IO_no_init
563 561
564 51
565 51
566 102
568 1
572 6
579 1
581 1
586 100
587 51
588 306
fn=_IO_old_init
531 51
532 102
534 306
539 357
544 51
550 102
555 153
556 2
558 51
fn=_IO_setb
329 572
330 210
331 1
332 52
333 52
335 314
338 312
fn=_IO_sputbackc
635 1400
638 600
639 400
641 400
642 200
647 200
648 200
651 1000
fn=_IO_switch_to_get_mode
164 30
165 15
168 15
172 10
173 10
176 5
178 10
180 10
181 5
182 20
fn=_IO_un_link
53 2
54 4
82 2
fn=_IO_unsave_markers
937 6
939 2
944 3
946 3
fn=__GI__IO_un_link.part.0
52 10
58 6
59 10
60 1
61 4
63 4
65 2
66 3
74 2
76 2
77 1
78 8
79 2
82 9
fn=__underflow
173 5
269 30
270 24
275 15
278 15
280 10
286 10
291 15
293 20
294 15
fl=./libio/./libio/iofclose.c
fn=fclose@@GLIBC_2.2.5
34 8
48 3
49 1
51 3
52 2
53 3
57 4
58 3
71 2
76 7
fl=./libio/./libio/iofopen.c
fn=fopen@@GLIBC_2.2.5
37 2
65 2
67 3
70 2
72 7
73 2
74 2
75 7
85 9
87 7
fl=./libio/./libio/iogetdelim.c
fn=getdelim
41 750
47 150
48 100
54 200
62 297
64 2
65 4
66 2
74 150
75 100
77 4
82 4
89 270
91 216
92 216
100 108
101 216
105 5
107 110
108 3
114 2
115 2
117 55
118 54
119 4
120 178
122 12
124 150
130 450
fl=./libio/./libio/libioP.h
fn=_IO_cleanup
1025 1
fn=_IO_doallocbuf
1025 3
1026 2
fn=_IO_file_close_it@@GLIBC_2.2.5
1025 3
1026 2
fn=_IO_file_doallocate
1025 3
1026 2
fn=_IO_file_underflow@@GLIBC_2.2.5
1025 20
1026 10
fn=_IO_flush_all
1025 2
fn=__underflow
1025 15
1026 10
fn=fclose@@GLIBC_2.2.5
951 4
952 4
958 2
979 4
980 9
1025 3
1026 2
fn=getdelim
979 200
fl=./libio/./libio/strops.c
fn=_IO_str_init_static_internal
36 500
40 100
41 150
46 250
48 50
49 50
50 50
51 350
53 50
54 50
55 50
64 50
65 300
fl=./libio/./libio/vsnprintf.c
fn=__vsnprintf_internal
63 8
66 4
75 12
76 4
87 8
93 52
96 12
98 24
fl=./libio/./libio/vtables.c
fn=check_stdfiles_vtables
545 1
546 4
547 3
548 3
550 1
fl=./malloc/../string/bits/string_fortified.h
fn=_int_realloc
29 2766
fn=calloc
59 42
fn=tcache_init.part.0
59 440
fl=./malloc/../sysdeps/unix/sysv/linux/not-cancel.h
fn=ptmalloc_init.part.0
97 6
fl=./malloc/./malloc/arena.c
fn=_int_free_maybe_consolidate
55 25
147 5
545 15
572 5
585 15
586 10
fn=_mid_memalign.isra.0
55 5
147 30
153 40
fn=alloc_new_heap
49 16
55 8
380 36
387 12
389 8
390 4
395 28
402 12
404 14
405 1
406 6
414 24
415 6
417 3
418 15
420 9
421 5
423 5
424 15
441 24
448 16
453 8
455 4
456 4
458 36
fn=arena_get2.part.0
463 12
470 32
619 8
638 8
640 8
649 12
651 4
653 12
656 4
657 4
658 8
659 8
660 4
661 16
663 4
664 8
665 4
666 4
668 16
671 8
676 4
678 16
680 16
682 16
694 16
818 40
828 12
830 12
832 12
853 12
855 28
857 8
865 36
fn=calloc
55 32
147 192
153 46
fn=free
55 12
147 72
153 3659613
fn=get_free_list
703 24
704 8
705 4
706 8
731 28
fn=malloc
55 9
147 54
153 447383
264 1
fn=ptmalloc_init.part.0
262 8
267 1
292 2
296 3
300 4
301 4
302 4
303 4
304 4
305 4
306 4
308 4
309 4
310 4
313 4
314 4
316 2
326 8
fn=realloc
153 10359
fn=tcache_init.part.0
824 8
825 20
fl=./malloc/./malloc/malloc.c
fn=_int_free
1792 219081
1992 566838
3163 2004400
3165 4008800
3166 1002200
3167 2004400
4495 8548967
4499 3663843
4505 4885124
4506 2442562
4510 6106405
4517 2442562
4518 7327686
4521 1211132
4527 3633396
4547 6055660
4550 1002200
4561 438162
4572 755784
4574 566838
4593 188946
4595 188946
4596 188946
4597 60129
4600 566838
4602 377892
4606 337806
4608 506709
4609 168903
4616 40086
4619 80172
4621 80172
4622 40086
4628 755784
4637 60270
4640 60270
4643 60270
4644 80068
4646 60270
4649 80068
4658 7317568
fn=_int_free_maybe_consolidate
4770 331815
4776 60330
4778 328
4779 18
4781 246
4784 385
4792 5
4794 10
4795 10
4798 331815
fn=_int_free_merge_chunk
1992 90450
4665 241200
4666 30150
4670 180900
4673 60356
4675 84
4678 90450
4681 60300
4682 60300
4683 60300
4689 60300
4691 14986
4692 14986
4693 14986
4694 59944
4696 29972
4701 90450
4702 211050
4714 60300
4720 60288
4721 27518
4722 27518
4724 16385
4732 30144
4733 120576
4734 60288
4736 30144
4738 60288
4740 45450
4743 30144
4744 30144
4746 90432
4747 30144
4756 6
4757 18
4758 12
fn=_int_malloc
1326 440192
1345 1320576
1794 218973
1985 62364
2008 184
2017 2
2552 414
2553 65
2564 138
2565 12
2568 16
2576 24
2577 8
2589 260
2590 130
2599 772
2605 192
2608 195
2669 195
2677 130
2678 138
2691 195
2693 65
2699 325
2707 130
2709 260
2710 195
2711 45
2712 65
2715 130
2727 60
2728 20
2732 140
2734 40
2738 40
2742 40
2744 351
2745 1
2746 150
2752 380
2753 264
2755 44
2782 22
2783 1
2795 3
2814 2
2817 2
2818 6
2820 1
2821 6
2833 5
2847 40
2866 40
2873 21
2875 21
2876 105
2877 21
2888 63
2895 40
2896 60
2904 20
2906 20
2911 40
2913 95
2921 195
2922 65
2926 65
2930 325
2932 65
2933 65
2934 65
2935 455
2936 130
2938 65
3159 3226
3163 3282
3165 6884
3166 3279
3167 3282
3168 3226
3178 25
3182 50
3186 100
3190 50
3191 50
3199 25
3846 2421056
3882 1
3887 440192
3914 443561
3916 755028
3917 226
3919 191003
3921 379760
3923 452
3926 452
3927 1130
3930 568962
3932 452
3933 452
3939 452
3940 1356
3945 681
3946 953
3948 6
3950 6
3951 18
3977 60432
3979 497928
3980 419446
3982 629169
3984 285
3985 570
3987 285
3988 285
3989 285
3991 855
3997 570
3998 1710
4003 6264
4004 3338
4006 3226
4008 1613
4009 1613
4010 3226
4012 1613
4013 1613
4020 285
4039 52200
4040 30441
4041 93
4058 658745
4059 658755
4060 658755
4069 197010
4070 1302134
4072 140134
4073 280268
4074 140134
4076 280268
4077 420402
4079 140134
4080 560536
4082 560536
4084 280268
4085 280268
4087 280268
4098 560536
4099 187894
4100 158846
4101 79423
4104 78753
4105 78753
4106 78753
4107 236259
4108 236259
4109 157506
4111 155584
4115 630024
4117 236259
4118 78753
4121 78778
4122 236259
4123 78753
4127 61381
4128 61381
4132 122762
4134 50
4135 75
4140 50
4141 150
4161 132776
4163 84564
4164 169128
4165 42282
4169 316338
4170 46476
4171 19074
4174 38148
4177 10746
4179 42984
4180 21492
4186 3744
4187 936
4188 2808
4192 29430
4193 36192
4195 8286
4196 24858
4199 9810
4202 19576
4205 88
4206 22
4207 44
4209 22
4210 66
4212 9810
4213 19620
4218 33312
4221 429492
4222 61356
4223 61356
4224 61356
4225 61356
4230 122712
4231 122712
4240 245425
4246 39452
4248 25
4257 422421
4259 40588
4262 30441
4263 140823
4266 10
4267 155
4269 19
4273 20
4275 3
4276 6
4278 30
4279 30
4282 40
4291 10
4295 40
4296 20
4299 10
4300 10
4301 10
4302 20
4304 16
4307 80
4309 30
4310 10
4313 10
4330 140797
4331 281594
4332 281594
4333 281594
4334 844782
4339 579519
4343 1380106
4346 1492552
4348 56016
4349 28008
4353 832542
4355 390343
4357 780686
4361 25928
4364 51856
4366 28255
4367 5651
4368 5651
4373 81108
4376 40554
4378 60831
4381 60831
4384 81108
4386 576
4387 1728
4388 2
4394 19701
4399 78804
4400 39402
4403 19701
4404 19701
4405 19701
4408 39402
4409 15179
4410 39402
4412 17982
4415 157608
4417 59103
4418 19701
4421 20277
4443 120520
4444 241040
4446 241040
4449 361560
4451 120451
4452 240902
4453 120451
4454 963608
4456 240902
4459 240922
4460 361590
4461 120530
4466 276
4482 73
4487 2641152
fn=_int_memalign
1326 30
1345 105
4714 30
4720 20
4721 9
4722 18
4724 1
4732 10
4733 40
4734 20
4736 10
4738 20
4740 16
4743 10
4744 10
4746 30
4747 10
4756 5
4757 15
4758 10
5039 120
5052 30
5072 75
5074 45
5077 15
5079 60
5086 75
5088 60
5089 2
5092 6
5093 60
5096 30
5104 150
5106 15
5107 75
5108 30
5109 15
5111 135
5116 45
5118 30
5119 15
5120 30
5121 30
5123 15
5124 30
5125 15
5126 20
5132 15
5133 45
5137 45
5144 135
fn=_int_realloc
4914 11848
4925 5924
4926 7405
4927 5924
4933 2962
4935 2962
4936 4443
4938 5924
4941 2962
4951 3026
4952 38
4953 38
4955 562
4956 68
4957 102
4959 68
4963 2874
4964 2874
4965 1549
4969 168
4975 6925
4976 2770
4979 1385
4980 1387
4985 4155
4987 2
4992 1383
4993 9683
4997 5532
4999 1383
5006 4
5008 128
5010 128
5012 296
5013 168
5017 12
5020 24
5021 36
5024 12
5025 48
5029 64
5030 13329
fn=_mid_memalign.isra.0
1326 30
1345 75
3206 65
3575 105
3581 30
3585 30
3590 45
3598 45
3615 45
3617 30
3618 44
3619 34
3622 20
3623 10
3624 92
3626 13
3638 30
3640 50
3641 50
3643 30
3646 40
3648 20
3649 10
3657 20
3659 40
3662 90
fn=alloc_new_heap
2008 16
fn=alloc_perturb
1985 597849
1987 199283
fn=arena_get2.part.0
1946 1532
1949 1524
1953 12
1955 4
1958 4
fn=calloc
3699 207
3709 207
3717 46
3720 69
3722 46
3725 160
3732 23
3733 49
3740 60
3743 64
3754 69
3756 214
3759 49
3768 32
3769 64
3784 43
3787 80
3796 69
3799 115
3807 23
3809 46
3811 46
3816 18
3818 9
3819 18
3821 9
3823 18
3825 1
3827 2
3837 170
fn=free
3248 20
3359 8539097
3363 2439742
3371 2439742
3373 1219871
3375 3659613
3379 12
3381 16
3383 4
3384 4
3385 2
3388 8
3392 3659601
3395 12
3398 3659601
3401 1219871
3402 7319226
fn=malloc
1326 2444712
1345 6049655
3178 2007376
3182 2007376
3186 4014752
3190 2007376
3191 1003688
3248 4
3294 9778848
3301 2444712
3311 2320462
3313 4889424
3316 2444712
3317 4
3318 3636849
3326 437336
3328 834520
3329 1043150
3334 80304
3336 30114
3339 20076
3347 40152
3351 50199
3354 7334136
fn=malloc_consolidate
4811 360
4826 40
4828 80
4839 40
4841 800
4842 800
4845 377424
4849 566136
4850 754848
4855 943560
4858 377424
4859 188712
4860 566136
4862 377424
4863 77220
4864 77220
4865 77220
4866 308880
4868 926640
4871 377424
4874 377424
4875 107996
4876 863968
4878 161432
4880 188712
4881 377424
4882 377424
4884 377424
4885 118290
4889 566136
4891 188712
4892 404704
4901 566039
4904 1200
4905 320
fn=munmap_chunk
3024 8
3025 8
3026 12
3028 8
3030 4
3031 12
3032 4
3038 16
3039 20
3042 4
3043 12
3048 8
3049 4
fn=posix_memalign
5786 150
5789 30
5794 30
5795 60
5796 60
5801 60
5803 30
5805 15
5806 15
5809 15
5810 90
fn=ptmalloc_init.part.0
1946 385
1949 381
1957 1
1958 1
1960 1
3143 2
fn=realloc
1326 2972
1345 8916
2008 30
3056 10
3057 5
3058 5
3063 10
3065 5
3066 25
3067 30
3071 45
3074 10
3077 35
3080 20
3085 5
3087 15
3089 10
3090 20
3093 20
3095 25
3407 22473
3413 4086
3417 4086
3424 4086
3425 20
3433 2033
3441 4066
3443 2028
3444 4056
3453 10
3456 4443
3464 5944
3465 2972
3475 2972
3489 552
3506 2962
3508 10367
3509 10363
3538 18367
5241 6099
5242 6099
5243 4056
5244 2028
fn=sysmalloc_mmap.isra.0
2008 16
2400 24
2413 12
2418 8
2421 40
2424 8
2428 8
2432 16
2448 12
2466 4
2467 12
2471 12
2472 18
2475 12
2476 20
2481 28
fn=sysmalloc_mmap_fallback.constprop.0
2008 80
2490 220
2494 20
2497 60
2498 5
2501 40
2502 30
2505 40
2506 20
2508 180
2511 40
2515 40
2519 80
2524 20
2526 20
2528 180
fn=tcache_init.part.0
3242 20
3251 24
3252 19
3253 10
3260 8
3261 20
3268 8
3270 10
3274 15
fn=unlink_chunk.isra.0
1608 468626
1610 1171565
1613 468628
1614 468626
1616 937252
1619 234313
1620 234313
1621 713237
1623 18558
1624 27837
1627 18558
1629 4
1630 2
1641 9277
1642 9277
1645 468626
fl=./malloc/./malloc/morecore.c
fn=__glibc_morecore
25 198
26 132
27 20
29 66
30 132
34 132
fl=./malloc/./malloc/scratch_buffer_set_array_size.c
fn=__libc_scratch_buffer_set_array_size
30 52
34 4
35 8
45 8
46 4
63 24
fl=./math/../sysdeps/x86_64/fpu/multiarch/e_asin.c
fn=__acos_finite@GLIBC_2.15
35 1
fn=__asin_finite@GLIBC_2.15
27 2
fl=./math/../sysdeps/x86_64/fpu/multiarch/e_atan2.c
fn=__atan2_finite@GLIBC_2.15
26 2
fl=./math/../sysdeps/x86_64/fpu/multiarch/e_exp.c
fn=__exp_finite@GLIBC_2.15
27 2
fl=./math/../sysdeps/x86_64/fpu/multiarch/e_exp2f.c
fn=exp2f@@GLIBC_2.27
27 2
fl=./math/../sysdeps/x86_64/fpu/multiarch/e_expf.c
fn=expf@@GLIBC_2.27
27 2
fl=./math/../sysdeps/x86_64/fpu/multiarch/e_log.c
fn=__log_finite@GLIBC_2.15
27 2
fl=./math/../sysdeps/x86_64/fpu/multiarch/e_log2.c
fn=log2@@GLIBC_2.29
27 4
fl=./math/../sysdeps/x86_64/fpu/multiarch/e_log2f.c
fn=log2f@@GLIBC_2.27
27 2
fl=./math/../sysdeps/x86_64/fpu/multiarch/e_logf.c
fn=logf@@GLIBC_2.27
27 2
fl=./math/../sysdeps/x86_64/fpu/multiarch/e_pow.c
fn=__pow_finite@GLIBC_2.15
27 2
fl=./math/../sysdeps/x86_64/fpu/multiarch/e_powf.c
fn=powf@@GLIBC_2.27
30 1
fl=./math/../sysdeps/x86_64/fpu/multiarch/ifunc-avx-fma4.h
fn=__atan2_finite@GLIBC_2.15
32 5
33 2
fn=__exp_finite@GLIBC_2.15
32 5
33 2
fn=__log_finite@GLIBC_2.15
32 5
33 2
fn=cos
32 5
33 2
fn=sin
32 5
33 2
fl=./math/../sysdeps/x86_64/fpu/multiarch/ifunc-fma.h
fn=__log1p
29 4
30 3
fn=cosf
29 4
30 3
fn=exp2f@@GLIBC_2.27
29 4
30 3
fn=expf@@GLIBC_2.27
29 4
30 3
fn=expm1
29 4
30 3
fn=log2@@GLIBC_2.29
29 8
30 6
fn=log2f@@GLIBC_2.27
29 4
30 3
fn=logf@@GLIBC_2.27
29 4
30 3
fn=powf@@GLIBC_2.27
29 4
30 4
fn=sincosf
29 4
30 3
fn=sinf
29 4
30 3
fl=./math/../sysdeps/x86_64/fpu/multiarch/ifunc-fma4.h
fn=__acos_finite@GLIBC_2.15
31 4
32 2
35 1
fn=__asin_finite@GLIBC_2.15
31 4
32 2
fn=__pow_finite@GLIBC_2.15
31 4
32 2
fn=sincos
31 4
32 2
fl=./math/../sysdeps/x86_64/fpu/multiarch/s_cosf.c
fn=cosf
26 2
fl=./math/../sysdeps/x86_64/fpu/multiarch/s_expm1.c
fn=expm1
26 2
fl=./math/../sysdeps/x86_64/fpu/multiarch/s_fma.c
fn=fma
49 6
fl=./math/../sysdeps/x86_64/fpu/multiarch/s_log1p.c
fn=__log1p
26 2
fl=./math/../sysdeps/x86_64/fpu/multiarch/s_sin.c
fn=cos
34 2
fn=sin
27 2
fl=./math/../sysdeps/x86_64/fpu/multiarch/s_sincos.c
fn=sincos
26 2
fl=./math/../sysdeps/x86_64/fpu/multiarch/s_sincosf.c
fn=sincosf
26 2
fl=./math/../sysdeps/x86_64/fpu/multiarch/s_sinf.c
fn=sinf
26 2
fl=./misc/../sysdeps/unix/syscall-template.S
fn=gettid
91 15
93 5
fn=mprotect
117 95
122 19
fn=munmap
117 50
122 10
fl=./misc/../sysdeps/unix/sysv/linux/brk.c
fn=brk
36 66
37 132
38 132
40 40
41 40
44 46
45 46
fl=./misc/../sysdeps/unix/sysv/linux/brk_call.h
fn=brk
24 132
fl=./misc/../sysdeps/unix/sysv/linux/clone-internal.c
fn=__clone_internal
53 8
62 8
64 32
80 12
82 4
83 4
86 1
97 48
99 8
106 4
109 8
110 32
fl=./misc/../sysdeps/unix/sysv/linux/getpagesize.c
fn=getpagesize
27 14
28 56
30 14
fl=./misc/../sysdeps/unix/sysv/linux/mmap64.c
fn=mmap
47 406
50 116
53 344
58 348
60 232
fl=./misc/../sysdeps/unix/sysv/linux/mremap.c
fn=mremap
26 45
30 15
37 20
39 25
fl=./misc/../sysdeps/unix/sysv/linux/setvmaname.c
fn=__set_vma_name
33 236
35 171
40 14
47 2
48 1
49 297
fl=./misc/../sysdeps/unix/sysv/linux/x86_64/clone.S
fn=clone
52 4
54 4
55 4
56 4
59 4
60 4
63 4
65 4
69 4
72 4
73 4
74 4
75 4
76 4
81 4
83 8
84 8
85 8
87 4
95 4
98 4
99 4
100 4
fl=./misc/../sysdeps/unix/sysv/linux/x86_64/clone3.S
fn=clone3
42 1
44 1
45 1
46 1
47 1
48 1
52 1
55 1
60 1
62 1
63 1
86 5
fl=./misc/../sysdeps/unix/sysv/linux/x86_64/syscall.S
fn=syscall
29 8
30 8
31 8
32 8
33 8
34 8
35 8
36 8
37 8
38 8
39 8
40 8
fl=./misc/./misc/getauxval.c
fn=getauxval
30 12
32 6
35 12
42 552
43 264
56 6
62 12
63 6
64 6
fl=./misc/./misc/init-misc.c
fn=__init_misc
30 5
31 6
33 3
37 5
38 3
40 4
fl=./misc/./misc/sbrk.c
fn=sbrk
37 528
40 132
43 132
50 20
58 132
59 4
62 132
63 2
66 260
74 195
78 462
fl=./nptl/../include/list.h
fn=__nptl_stack_list_add
43 20
45 4
47 4
fl=./nptl/../nptl/descr.h
fn=__pthread_enable_asynccancel
439 10
fl=./nptl/../string/bits/string_fortified.h
fn=pthread_attr_init@@GLIBC_2.2.5
59 45
fn=pthread_attr_setaffinity_np@@GLIBC_2.32
29 20
fn=pthread_getaffinity_np@@GLIBC_2.32
59 10
fn=pthread_getattr_np@@GLIBC_2.32
29 10
fl=./nptl/../sysdeps/nptl/pthreadP.h
fn=pthread_attr_setstacksize@@GLIBC_2.34
707 8
fl=./nptl/../sysdeps/unix/sysv/linux/internal-signals.h
fn=pthread_create@@GLIBC_2.34
81 28
89 24
fn=start_thread
89 20
fl=./nptl/../sysdeps/unix/sysv/linux/internal-sigset.h
fn=pthread_create@@GLIBC_2.34
34 4
102 4
103 4
fl=./nptl/../sysdeps/unix/sysv/linux/rseq-internal.h
fn=start_thread
32 8
40 4
fl=./nptl/../sysdeps/unix/sysv/linux/sigsetops.h
fn=pthread_create@@GLIBC_2.34
54 1
104 2
fl=./nptl/../sysdeps/unix/sysv/linux/x86/elision-conf.c
fn=__lll_elision_init
92 8
96 5
98 4
100 4
102 4
104 4
107 3
108 1
109 6
fl=./nptl/../sysdeps/x86/nptl/tls-setup.h
fn=pthread_create@@GLIBC_2.34
22 8
fl=./nptl/./nptl-stack.h
fn=__pthread_get_minstack
61 36
fn=pthread_create@@GLIBC_2.34
61 40
fl=./nptl/./nptl/allocatestack.c
fn=name_stack_maps
587 24
589 20
593 8
595 8
599 4
600 8
601 12
603 40
605 36
fn=pthread_create@@GLIBC_2.34
66 16
74 16
99 16
166 12
170 28
219 16
223 12
228 12
238 8
328 8
329 24
333 12
343 24
347 24
351 8
352 12
353 4
366 56
369 16
374 16
380 8
385 8
386 4
395 8
407 8
408 8
411 8
416 8
419 4
426 4
429 24
442 16
445 28
447 24
454 20
477 12
506 20
532 4
537 4
542 4
545 4
547 16
558 16
563 8
fl=./nptl/./nptl/cancellation.c
fn=__pthread_disable_asynccancel
63 5
66 15
71 15
74 10
76 15
83 15
fn=__pthread_enable_asynccancel
31 5
32 5
33 10
37 10
39 10
42 20
45 10
56 10
fl=./nptl/./nptl/libc-cleanup.c
fn=__libc_cleanup_pop_restore
54 54
55 54
57 108
59 54
60 162
71 54
fn=__libc_cleanup_push_defer
24 54
25 54
27 108
29 108
32 108
46 162
48 54
49 54
fl=./nptl/./nptl/nptl-stack.c
fn=__nptl_stack_list_add
43 4
44 16
52 4
53 4
fn=__pthread_get_minstack
143 4
145 8
146 4
fl=./nptl/./nptl/pthread_attr_destroy.c
fn=pthread_attr_destroy
26 34
36 27
38 10
39 10
44 28
fl=./nptl/./nptl/pthread_attr_extension.c
fn=__pthread_attr_extension
25 30
26 10
27 5
28 20
29 10
32 15
fl=./nptl/./nptl/pthread_attr_getguardsize.c
fn=pthread_attr_getguardsize@@GLIBC_2.34
23 4
28 8
31 8
fl=./nptl/./nptl/pthread_attr_getstack.c
fn=pthread_attr_getstack@@GLIBC_2.34
24 10
31 20
35 5
38 10
fl=./nptl/./nptl/pthread_attr_init.c
fn=pthread_attr_init@@GLIBC_2.2.5
32 54
46 27
49 36
fl=./nptl/./nptl/pthread_attr_setaffinity.c
fn=pthread_attr_setaffinity_np@@GLIBC_2.32
29 40
34 25
45 5
46 10
49 15
51 20
52 10
55 10
56 5
62 5
63 35
fl=./nptl/./nptl/pthread_attr_setstacksize.c
fn=pthread_attr_setstacksize@@GLIBC_2.34
30 4
38 4
40 4
42 4
43 4
fl=./nptl/./nptl/pthread_create.c
fn=create_thread
236 48
240 20
244 8
247 8
248 8
287 44
290 4
297 16
298 8
303 4
309 8
321 8
332 4
333 44
fn=pthread_create@@GLIBC_2.34
81 2
82 1
83 4
90 6
609 16
626 64
632 8
635 1
638 3
641 4
643 4
644 4
645 16
663 1
674 4
677 4
683 8
684 8
685 4
688 4
689 16
690 12
694 4
695 16
700 16
703 16
708 8
709 8
713 8
718 8
730 8
731 8
751 8
752 3
755 12
757 4
767 4
772 8
780 12
791 8
836 28
843 8
883 8
893 8
897 8
901 52
fn=start_thread
338 44
345 8
367 16
370 4
373 12
377 4
388 20
405 16
419 8
423 24
426 8
429 8
431 8
433 4
437 8
447 12
fl=./nptl/./nptl/pthread_detach.c
fn=pthread_detach@@GLIBC_2.34
25 4
29 20
33 4
36 12
48 8
54 4
fl=./nptl/./nptl/pthread_getaffinity.c
fn=pthread_getaffinity_np@@GLIBC_2.32
30 25
33 30
35 10
39 20
41 5
42 10
fl=./nptl/./nptl/pthread_getattr_np.c
fn=pthread_getattr_np@@GLIBC_2.32
33 70
37 15
38 10
43 35
49 20
52 5
55 10
56 9
59 10
62 15
66 16
69 8
85 5
86 3
91 7
102 2
103 11
105 1
108 4
112 35
114 1
115 1
117 3
120 108
122 300
127 400
129 200
130 150
133 1
135 4
140 2
141 1
144 2
145 1
158 49
162 7
165 6
169 9
171 2
178 5
180 25
181 10
188 20
191 20
193 35
194 35
198 10
201 30
203 10
207 60
fl=./nptl/./nptl/pthread_key_create.c
fn=pthread_key_create@@GLIBC_2.34
25 2
27 10
29 3
31 12
33 6
37 6
40 2
43 4
fl=./nptl/./nptl/pthread_key_delete.c
fn=pthread_key_delete@@GLIBC_2.34
25 1
28 2
30 5
32 2
33 4
36 1
40 1
fl=./nptl/./nptl/pthread_mutex_conf.c
fn=__pthread_tunables_init
55 8
56 5
58 4
60 4
62 6
fl=./nptl/./nptl/pthread_mutex_lock.c
fn=pthread_mutex_lock@@GLIBC_2.2.5
44 15
45 66
46 2
48 52
77 75
80 45
82 15
84 30
88 30
97 30
108 60
112 15
115 30
124 15
130 45
131 30
179 15
182 15
184 15
187 15
190 45
fl=./nptl/./nptl/pthread_mutex_unlock.c
fn=pthread_mutex_unlock@@GLIBC_2.2.5
39 15
40 60
41 2
43 52
51 45
52 30
57 30
62 15
65 15
70 15
72 15
74 30
80 60
84 45
87 30
367 60
369 30
fl=./nptl/./nptl/pthread_self.c
fn=pthread_self
23 5
25 10
fl=./nptl/./nptl/pthread_setspecific.c
fn=pthread_setspecific@@GLIBC_2.34
25 32
32 4
36 8
39 32
41 4
43 12
46 8
66 4
81 4
86 8
87 4
90 28
fl=./posix/../malloc/dynarray-skeleton.c
fn=__unregister_atfork
243 4
fl=./posix/../string/bits/string_fortified.h
fn=sched_getaffinity@@GLIBC_2.3.4
59 3
fl=./posix/../sysdeps/posix/sysconf.c
fn=sysconf
60 14
221 3
fl=./posix/../sysdeps/unix/syscall-template.S
fn=sched_yield
120 177
122 33
fl=./posix/../sysdeps/unix/sysv/linux/_exit.c
fn=_Exit
27 2
30 4
fl=./posix/../sysdeps/unix/sysv/linux/sched_getaffinity.c
fn=sched_getaffinity@@GLIBC_2.3.4
34 4
35 7
37 2
40 3
42 1
45 2
fl=./posix/../sysdeps/unix/sysv/linux/x86/../sysconf.c
fn=sysconf
49 10
fl=./posix/../sysdeps/unix/sysv/linux/x86/sysconf.c
fn=sysconf
32 12
33 3
37 10
fl=./posix/./posix/register-atfork.c
fn=__unregister_atfork
71 8
82 24
83 16
109 16
110 12
fl=./resource/../sysdeps/unix/sysv/linux/getrlimit64.c
fn=getrlimit
38 4
39 14
40 2
fl=./setjmp/../sysdeps/x86_64/bsd-_setjmp.S
fn=_setjmp
28 5
30 5
32 5
fl=./setjmp/../sysdeps/x86_64/setjmp.S
fn=__sigsetjmp
31 16
33 16
42 16
43 32
44 16
48 16
49 16
50 16
51 16
52 16
54 32
56 16
57 16
58 16
60 32
62 16
67 5
68 5
70 11
73 11
74 11
81 11
82 11
85 5
fl=./setjmp/./setjmp/sigjmp.c
fn=__sigjmp_save
28 30
29 5
30 10
34 20
fl=./signal/../string/bits/string_fortified.h
fn=__libc_sigaction
29 112
fl=./signal/../sysdeps/posix/signal.c
fn=signal
30 7
34 5
35 2
41 1
44 4
45 6
48 1
49 5
fl=./signal/../sysdeps/unix/syscall-template.S
fn=sigaltstack
120 55
122 11
fl=./signal/../sysdeps/unix/sysv/linux/internal-signals.h
fn=sigaction
53 5
fn=signal
53 1
fl=./signal/../sysdeps/unix/sysv/linux/libc_sigaction.c
fn=__libc_sigaction
43 48
48 12
50 8
53 20
58 62
63 24
65 6
67 6
68 6
71 36
fl=./signal/../sysdeps/unix/sysv/linux/sigsetops.h
fn=signal
96 1
102 2
104 1
fl=./signal/./signal/sigaction.c
fn=sigaction
26 5
27 25
33 5
fl=./stdio-common/../include/printf_buffer.h
fn=__printf_buffer
163 16
fl=./stdio-common/../include/scratch_buffer.h
fn=__vfscanf_internal
77 150
78 50
85 200
113 700
fl=./stdio-common/../libio/strfile.h
fn=__isoc23_sscanf
87 50
88 350
89 100
90 250
fl=./stdio-common/../string/bits/string_fortified.h
fn=__printf_buffer_write
29 24
fn=__vfscanf_internal
59 50
fl=./stdio-common/./stdio-common/Xprintf_buffer_done.c
fn=__printf_buffer_done
25 4
26 12
31 8
33 48
40 4
fl=./stdio-common/./stdio-common/Xprintf_buffer_write.c
fn=__printf_buffer_write
27 96
28 36
31 56
33 40
36 8
37 16
40 24
41 8
44 72
fl=./stdio-common/./stdio-common/_itoa.c
fn=_itoa_word
169 4
172 16
174 8
183 232
192 8
fl=./stdio-common/./stdio-common/getline.c
fn=getline
27 100
28 100
fl=./stdio-common/./stdio-common/isoc23_sscanf.c
fn=__isoc23_sscanf
24 900
30 300
31 250
36 450
fl=./stdio-common/./stdio-common/printf-parse.h
fn=__printf_buffer
82 36
fn=__vfscanf_internal
55 600
fl=./stdio-common/./stdio-common/snprintf.c
fn=snprintf
26 48
30 24
31 12
35 20
fl=./stdio-common/./stdio-common/vfprintf-internal.c
fn=__printf_buffer
600 60
627 20
631 4
634 4
638 16
642 4
653 12
654 8
655 12
659 8
663 32
683 4
684 4
685 4
686 4
687 4
690 8
691 4
692 4
693 4
694 4
695 4
698 4
699 4
705 56
784 4
883 4
973 12
1018 4
1024 4
1028 12
1029 8
1031 8
1044 44
fl=./stdio-common/./stdio-common/vfprintf-process-arg.c
fn=__printf_buffer
66 4
67 4
92 4
93 4
94 4
126 8
128 8
130 8
131 32
136 12
138 8
155 60
161 36
166 24
170 8
186 20
187 36
195 20
197 12
199 16
201 28
206 8
208 16
211 8
224 8
233 8
236 8
240 20
fl=./stdio-common/./stdio-common/vfscanf-internal.c
fn=__vfscanf_internal
206 300
214 200
222 400
223 200
231 100
260 3526
263 2844
278 650
282 50
283 150
284 50
288 250
289 100
293 50
313 50
325 50
326 50
327 50
328 50
332 50
339 250
345 250
348 200
352 100
359 100
365 50
367 200
372 500
381 800
419 300
443 400
444 300
447 250
454 450
462 150
470 100
483 100
489 500
506 500
530 100
533 1100
546 300
554 100
660 200
664 200
665 600
669 200
670 1000
676 900
679 600
680 800
681 800
685 1500
1450 700
1455 300
1464 700
1466 264
1470 462
1472 528
1484 132
1494 132
1498 68
1501 300
1742 400
1813 2564
1815 1764
1817 4510
1822 300
1877 782
1879 3128
1881 7038
1884 200
1891 200
1892 200
1920 1000
1924 200
1941 300
1942 200
1945 400
1948 300
1951 500
1953 200
1957 100
1970 200
1971 1200
1980 200
3079 200
3084 100
3095 300
3098 100
3105 200
3109 100
3126 100
3132 600
fl=./stdlib/../include/scratch_buffer.h
fn=realpath@@GLIBC_2.3
77 6
78 3
85 9
101 10
fl=./stdlib/../stdlib/strtol.c
fn=__strtoul_internal
107 100
108 400
fl=./stdlib/../stdlib/strtol_l.c
fn=____strtoul_l_internal
238 1300
252 100
257 100
258 34
264 200
292 100
295 400
304 600
306 200
310 100
311 200
316 200
320 200
322 462
327 132
332 330
335 68
342 68
387 68
390 268
391 432
393 100
394 100
395 166
449 1696
451 3562
453 2544
460 136
477 236
478 236
481 2544
484 3392
489 1048
490 2544
495 200
500 300
501 100
513 200
524 500
546 900
fl=./stdlib/../sysdeps/unix/sysv/linux/getrandom.c
fn=getrandom
28 1
29 6
30 1
fl=./stdlib/./stdlib/canonicalize.c
fn=realpath@@GLIBC_2.3
118 3
195 2
205 4
213 2
221 5
223 4
234 3
252 11
255 4
259 126
266 3
268 2
270 4
283 2
284 2
286 3
287 3
296 6
297 1
303 1
305 6
306 2
311 10
343 4
372 5
378 5
386 2
387 2
409 4
426 13
436 12
fl=./stdlib/./stdlib/cxa_atexit.c
fn=__cxa_atexit
41 2
43 8
44 2
46 2
52 3
53 1
54 1
55 1
56 1
57 4
58 1
67 7
69 6
fn=__new_exitfn
80 5
81 1
86 2
91 10
93 4
101 1
122 1
123 1
134 1
136 1
137 1
141 5
fl=./stdlib/./stdlib/cxa_finalize.c
fn=__cxa_finalize
30 40
33 28
36 28
40 28
93 28
97 24
105 8
106 16
107 32
fl=./stdlib/./stdlib/cxa_thread_atexit_impl.c
fn=__call_tls_dtors
148 5
149 8
153 3
155 2
156 2
162 2
163 2
165 4
fn=__cxa_thread_atexit_impl
102 81
103 27
106 27
107 18
110 18
111 9
112 27
113 9
117 27
120 18
124 18
128 45
136 9
137 18
139 18
142 63
fl=./stdlib/./stdlib/exit.c
fn=__run_exit_handlers
38 12
40 2
41 2
43 5
54 2
56 2
60 1
64 6
66 2
67 1
69 7
94 2
101 1
102 1
103 1
104 3
107 4
108 3
109 4
113 3
119 3
120 2
126 4
128 2
129 2
131 2
fn=exit
137 3
138 4
fl=./stdlib/./stdlib/getenv.c
fn=getenv
24 45
25 40
28 10
29 2395
31 1190
32 144
37 45
fl=./string/../include/rtld-malloc.h
fn=strdup
56 10
fl=./string/../string/bits/string_fortified.h
fn=strdup
29 4
fl=./string/../string/strcspn.c
fn=strcspn
32 6
33 3
34 2
39 6
40 4
41 4
42 4
44 1
47 9
48 6
51 4
52 4
53 4
54 4
56 3
61 13
62 26
63 26
64 26
65 13
67 78
69 1
70 4
71 3
fl=./string/../string/strstr.c
fn=__GI_strstr
77 12
82 3
84 5
85 2
86 2
161 12
fl=./string/../sysdeps/x86/cacheinfo.c
fn=__x86_cacheinfo
86 1
fl=./string/../sysdeps/x86/cacheinfo.h
fn=__x86_cacheinfo
59 1
62 3
64 3
65 1
71 3
73 3
74 1
78 2
80 2
81 2
82 2
84 2
86 2
fl=./string/../sysdeps/x86_64/multiarch/../multiarch/memcmp-sse2.S
fn=bcmp
59 1
71 1
72 1
94 1
95 1
140 1
141 1
143 1
144 1
146 1
147 1
149 1
150 1
197 1
198 1
199 1
200 1
201 1
202 1
fl=./string/../sysdeps/x86_64/multiarch/../multiarch/memset-vec-unaligned-erms.S
fn=memset
132 23
133 115
138 23
139 23
142 12
143 12
244 12
245 12
257 12
260 12
261 12
273 12
274 12
287 12
288 12
290 12
293 7
296 14
299 121
300 121
301 121
302 121
303 121
304 121
305 121
308 12
309 12
310 12
311 12
316 12
350 11
352 11
353 11
392 11
393 11
395 11
fl=./string/../sysdeps/x86_64/multiarch/../multiarch/strchr-sse2.S
fn=index
32 24
33 24
34 24
35 24
36 24
37 24
38 24
39 24
40 24
41 24
42 24
43 24
44 24
45 24
46 24
47 24
48 24
49 24
50 19
54 19
55 19
56 19
57 19
59 19
63 5
64 5
65 5
66 5
67 5
68 5
69 5
70 5
71 5
72 5
73 5
74 5
75 5
76 5
77 5
78 5
79 5
80 5
81 5
82 5
83 5
84 5
85 5
86 5
138 5
142 5
143 5
144 5
145 5
147 5
fl=./string/../sysdeps/x86_64/multiarch/../multiarch/strcmp-sse2.S
fn=strcmp
98 743
131 743
132 743
134 743
135 743
156 743
157 743
158 643
159 643
160 545
161 545
162 545
163 545
180 545
181 545
182 545
183 545
184 545
185 545
186 545
191 45
192 135
201 243
202 243
203 243
204 243
205 243
206 243
207 243
208 243
209 227
210 112
211 112
212 112
214 227
215 227
216 227
217 227
218 227
219 227
229 16
230 16
231 16
233 16
239 16
240 16
241 16
242 16
243 16
248 16
250 6
251 6
252 12
260 6
261 6
264 6
265 6
266 6
267 6
268 6
269 6
300 6
301 6
302 6
303 6
304 6
306 6
307 6
308 6
309 6
310 6
311 6
312 6
313 6
316 6
317 6
318 6
324 6
325 6
326 12
330 6
331 6
334 6
335 6
336 6
338 6
339 6
340 6
344 6
345 6
346 6
347 6
348 6
349 6
424 3
425 3
426 3
427 3
428 3
430 3
431 3
432 3
433 3
434 3
435 3
436 3
437 3
440 3
441 3
442 3
448 3
449 3
450 6
454 3
455 3
458 3
459 3
460 3
462 3
463 3
464 3
468 3
469 3
470 3
471 3
472 3
473 3
542 2
543 2
544 2
545 2
546 2
548 2
549 2
550 2
551 2
552 2
553 2
554 2
555 2
559 2
560 2
561 2
567 2
568 2
569 4
573 2
574 2
577 2
578 2
579 2
581 2
582 2
583 2
587 2
588 2
589 2
590 2
591 2
592 2
661 5
662 5
663 5
664 5
665 5
667 5
668 5
669 5
670 5
671 5
672 5
673 5
674 4
678 4
679 4
680 4
686 4
687 4
688 8
692 4
693 4
696 4
697 4
698 4
700 4
701 4
702 4
706 4
707 4
708 4
709 4
710 4
711 4
718 2
719 2
721 2
722 2
724 2
725 2
726 2
728 2
729 2
730 2
734 2
735 2
736 2
737 2
738 2
739 2
780 3
781 3
782 3
783 3
784 3
786 3
787 3
788 3
789 3
790 3
791 3
792 3
793 2
797 2
798 2
799 2
805 2
806 2
807 4
811 2
812 2
815 2
816 2
817 2
819 2
820 2
821 2
825 2
826 2
827 2
828 2
829 2
830 2
899 8
900 8
901 8
902 8
903 8
905 8
906 8
907 8
908 8
909 8
910 8
911 8
912 7
916 7
917 7
918 7
924 7
925 7
926 14
930 7
931 7
934 7
935 7
936 7
938 7
939 7
940 7
944 7
945 7
946 7
947 7
948 7
949 7
956 1
957 1
959 1
960 1
962 1
963 1
964 1
966 1
967 1
968 1
972 1
973 1
974 1
975 1
976 1
977 1
1018 7
1019 7
1020 7
1021 7
1022 7
1024 7
1025 7
1026 7
1027 7
1028 7
1029 7
1030 7
1031 6
1035 6
1036 6
1037 6
1043 6
1044 6
1045 12
1049 6
1050 6
1053 6
1054 6
1055 6
1057 6
1058 6
1059 6
1063 6
1064 6
1065 6
1066 6
1067 6
1068 6
1075 1
1076 1
1078 1
1079 1
1081 1
1082 1
1083 1
1085 1
1086 1
1087 1
1091 1
1092 1
1093 1
1094 1
1095 1
1096 1
1137 8
1138 8
1139 8
1140 8
1141 8
1143 8
1144 8
1145 8
1146 8
1147 8
1148 8
1149 8
1150 4
1154 4
1155 4
1156 4
1162 4
1163 4
1164 8
1168 4
1169 4
1172 4
1173 4
1174 4
1176 4
1177 4
1178 4
1182 4
1183 4
1184 4
1185 4
1186 4
1187 4
1256 18
1257 18
1258 18
1259 18
1260 18
1262 18
1263 18
1264 18
1265 18
1266 18
1267 18
1268 18
1269 6
1273 6
1274 6
1275 6
1281 6
1282 6
1283 12
1287 6
1288 6
1291 6
1292 6
1293 6
1295 6
1296 6
1297 6
1301 6
1302 6
1303 6
1304 6
1305 6
1306 6
1313 1
1314 1
1316 1
1317 1
1319 1
1320 1
1321 1
1323 1
1324 1
1325 1
1329 1
1330 1
1331 1
1332 1
1333 1
1334 1
1375 8
1376 8
1377 8
1378 8
1379 8
1381 8
1382 8
1383 8
1384 8
1385 8
1386 8
1387 8
1388 5
1392 5
1393 5
1394 5
1400 5
1401 5
1402 10
1406 5
1407 5
1410 5
1411 5
1412 5
1414 5
1415 5
1416 5
1420 5
1421 5
1422 5
1423 5
1424 5
1425 5
1494 36
1495 36
1496 36
1497 36
1498 36
1500 36
1501 36
1502 36
1503 36
1504 36
1505 36
1506 36
1507 14
1511 14
1512 14
1513 14
1519 14
1520 14
1521 28
1525 14
1526 14
1529 14
1530 14
1531 14
1533 14
1534 14
1535 14
1539 14
1540 14
1541 14
1542 14
1543 14
1544 14
1551 2
1552 2
1554 2
1555 2
1557 2
1558 2
1559 2
1561 2
1562 2
1563 2
1567 2
1568 2
1569 2
1570 2
1571 2
1572 2
1613 31
1614 31
1615 31
1616 31
1617 31
1619 31
1620 31
1621 31
1622 31
1623 31
1624 31
1625 31
1626 13
1630 13
1631 13
1632 13
1638 13
1639 13
1640 26
1644 13
1645 13
1648 13
1649 13
1650 13
1652 13
1653 13
1654 13
1658 13
1659 13
1660 13
1661 13
1662 13
1663 13
1670 3
1671 3
1673 3
1674 3
1676 3
1677 3
1678 3
1680 3
1681 3
1682 3
1686 3
1687 3
1688 3
1689 3
1690 3
1691 3
1732 38
1733 38
1734 38
1735 38
1736 38
1738 38
1739 38
1740 38
1741 38
1742 38
1743 38
1744 38
1745 13
1749 13
1750 13
1751 13
1757 13
1758 13
1759 26
1763 13
1764 13
1767 13
1768 13
1769 13
1771 13
1772 13
1773 13
1777 13
1778 13
1779 13
1780 13
1781 13
1782 13
1789 2
1790 2
1792 2
1793 2
1795 2
1796 2
1797 2
1799 2
1800 2
1801 2
1805 2
1806 2
1807 2
1808 2
1809 2
1810 2
1851 21
1852 21
1853 21
1854 21
1855 21
1857 21
1858 21
1859 21
1860 21
1861 21
1862 21
1863 21
1864 15
1868 15
1869 15
1870 15
1876 15
1877 15
1878 30
1882 15
1883 15
1886 15
1887 15
1888 15
1890 15
1891 15
1892 15
1896 15
1897 15
1898 15
1899 15
1900 15
1901 15
1908 1
1909 1
1911 1
1912 1
1914 1
1915 1
1916 1
1918 1
1919 1
1920 1
1924 1
1925 1
1926 1
1927 1
1928 1
1929 1
1970 33
1971 33
1972 33
1973 33
1974 33
1976 33
1977 33
1978 33
1979 33
1980 33
1981 33
1982 33
1984 12
1988 12
1989 12
1990 12
1996 12
1997 12
1999 24
2003 12
2004 12
2007 12
2008 12
2009 12
2011 12
2012 12
2013 12
2017 12
2018 12
2019 12
2020 12
2021 12
2022 12
2093 118
2095 243
2096 243
2097 243
2098 243
2099 224
2104 743
2110 743
2111 743
2119 743
2120 743
fn=strncmp
98 1
125 1
126 1
127 1
128 1
129 1
131 1
132 1
134 1
135 1
156 1
157 1
158 1
159 1
160 1
161 1
162 1
163 1
180 1
181 1
182 1
183 1
184 1
185 1
186 1
2104 1
2107 1
2108 1
2110 1
2111 1
2119 1
2120 1
fl=./string/../sysdeps/x86_64/multiarch/../multiarch/strlen-sse2.S
fn=strlen
57 25
101 25
102 25
103 25
104 25
105 25
106 25
107 25
109 25
111 25
142 24
143 24
144 24
145 24
146 24
147 13
149 13
153 11
154 11
155 11
156 11
157 11
158 11
159 11
160 11
161 11
162 11
163 11
164 11
169 88
173 1
174 14
175 8
fl=./string/../sysdeps/x86_64/multiarch/ifunc-avx2.h
fn=memrchr
38 4
40 3
41 2
42 3
45 2
46 2
49 3
52 6
fn=rindex
38 4
40 3
41 2
42 3
45 2
46 2
49 3
52 6
fn=strchrnul
38 4
40 3
41 2
42 3
45 2
46 2
49 3
52 6
fn=strlen
38 8
40 6
41 4
42 6
45 4
46 4
49 6
52 12
fn=strnlen
38 8
40 6
41 4
42 6
45 4
46 4
49 6
52 12
fl=./string/../sysdeps/x86_64/multiarch/ifunc-evex.h
fn=memchr
37 4
38 3
39 3
42 2
43 2
45 2
51 3
54 4
fl=./string/../sysdeps/x86_64/multiarch/ifunc-memcmp.h
fn=bcmp
34 15
35 6
36 6
37 9
40 6
41 6
44 9
47 12
fl=./string/../sysdeps/x86_64/multiarch/ifunc-memmove.h
fn=memcpy@@GLIBC_2.14
56 6
57 9
60 9
61 6
74 6
77 6
85 6
93 6
96 15
fn=memmove
56 6
57 9
60 9
61 6
74 6
77 6
85 6
93 6
96 15
fn=mempcpy
56 2
57 3
60 3
61 2
74 2
77 2
85 2
93 2
96 5
fl=./string/../sysdeps/x86_64/multiarch/ifunc-memset.h
fn=memset
54 15
57 9
58 6
64 6
73 6
75 6
85 6
93 6
96 15
fl=./string/../sysdeps/x86_64/multiarch/ifunc-sse4_2.h
fn=strcspn
36 5
fn=strpbrk
36 5
fn=strspn
36 5
fl=./string/../sysdeps/x86_64/multiarch/ifunc-strcasecmp.h
fn=strcasecmp
36 4
37 2
38 3
41 2
42 2
45 3
48 5
fn=strcasecmp_l
36 4
37 2
38 3
41 2
42 2
45 3
48 5
fn=strncasecmp
36 4
37 2
38 3
41 2
42 2
45 3
48 5
fn=strncasecmp_l
36 4
37 2
38 3
41 2
42 2
45 3
48 5
fl=./string/../sysdeps/x86_64/multiarch/ifunc-strcpy.h
fn=stpcpy
38 4
39 3
42 2
43 2
46 3
49 3
fn=strcat
38 4
39 3
42 2
43 2
46 3
49 3
fn=strcpy
38 4
39 3
42 2
43 2
46 3
49 3
fl=./string/../sysdeps/x86_64/multiarch/ifunc-strncpy.h
fn=stpncpy
35 5
36 3
39 2
40 2
43 3
46 4
fn=strncpy
35 5
36 3
39 2
40 2
43 3
46 4
fl=./string/../sysdeps/x86_64/multiarch/memchr-avx2.S
fn=__memchr_avx2
61 54
68 54
70 54
73 54
74 54
76 54
77 54
78 54
79 54
82 54
83 54
86 54
87 54
89 54
90 54
91 2
92 2
94 4
121 12
122 12
123 12
124 24
133 6
134 6
135 6
136 12
140 13
141 13
142 13
143 26
148 14
149 14
150 14
151 28
161 52
162 52
163 52
165 52
175 52
176 52
179 52
180 52
182 48
183 48
185 36
186 36
187 36
188 36
190 30
191 30
192 30
193 30
195 17
196 17
197 17
198 17
202 3
203 3
206 3
207 3
208 3
209 3
214 6
224 3
225 3
226 3
227 3
228 3
229 3
230 3
232 3
238 3
239 3
257 4
258 4
261 4
262 4
266 2
267 2
270 2
271 2
272 2
273 2
274 2
286 3
287 3
288 3
290 3
291 3
292 3
294 2
296 2
297 2
298 2
302 2
304 2
305 4
321 2
322 4
338 1
342 1
344 1
345 2
366 2
367 2
368 2
369 2
371 2
372 2
375 2
376 2
379 2
380 2
384 2
385 2
397 4
fl=./string/../sysdeps/x86_64/multiarch/memchr.c
fn=memchr
29 2
fl=./string/../sysdeps/x86_64/multiarch/memcmp-avx2-movbe.S
fn=__memcmp_avx2_movbe
73 291802
80 291802
81 291802
84 1
85 1
86 1
90 1
91 1
93 1
94 1
156 8224
166 8224
167 8224
168 8224
171 16448
337 1
338 1
339 1
340 1
341 1
342 2
401 291801
402 291801
407 161753
408 161753
409 161753
410 161753
411 161753
414 133647
415 133647
416 133647
417 133647
420 133647
421 133647
422 125509
423 251018
429 28106
430 28106
432 26294
433 26294
435 23223
436 23223
438 1726
439 1726
440 1726
441 1726
442 1726
443 1726
444 1726
445 1726
446 1726
448 1726
450 1660
454 130048
455 130048
456 130048
457 130048
459 130048
463 693
464 693
466 693
476 3071
477 3071
478 3071
479 3071
480 2553
481 2553
482 2553
484 2553
486 2444
512 1812
513 1812
514 1812
515 1812
516 1812
520 1736
521 1736
522 1736
523 1736
524 1736
525 1736
527 1736
529 1726
553 21497
554 21497
555 21497
556 21497
557 21497
558 21497
559 21497
560 21497
561 21497
562 21497
564 21497
566 21497
fl=./string/../sysdeps/x86_64/multiarch/memcmp.c
fn=bcmp
29 12
fl=./string/../sysdeps/x86_64/multiarch/memcmpeq.c
fn=memcpy@@GLIBC_2.14
29 3
fl=./string/../sysdeps/x86_64/multiarch/memmove-vec-unaligned-erms.S
fn=???
251 4
fn=__memcpy_avx_unaligned_erms
255 416669
256 416669
262 416670
263 416670
265 210789
266 210789
267 210789
270 518
271 518
272 518
275 1036
305 205881
306 205881
308 183221
309 183221
311 101960
315 101960
316 60240
317 60240
318 60228
319 60228
320 60227
321 60227
323 60228
325 60240
331 41720
332 41720
333 41720
334 41720
335 41720
342 22660
343 22660
344 22660
345 22660
347 22660
364 81261
365 81261
366 81261
367 81261
368 81261
375 40
376 40
377 40
378 40
379 40
380 40
381 80
386 210271
387 210271
392 210236
393 210236
395 150136
396 150136
397 150136
399 150096
400 150096
401 150096
402 150096
403 150096
404 150096
405 150096
406 150096
407 150096
408 150096
409 150096
410 150096
411 150096
412 150096
413 300192
417 60100
418 60100
422 60100
424 60100
428 60100
429 60100
440 60100
443 60100
445 60100
447 60100
451 60100
452 60100
461 57590
462 57590
464 57590
466 57590
467 57590
468 57590
471 57590
473 57590
475 57590
477 115180
483 116798
484 116798
485 116798
486 116798
487 116798
488 116798
489 116798
490 116798
491 116798
492 116798
493 116798
494 116798
496 57590
497 57590
498 57590
499 57590
501 57590
505 115180
518 2510
519 2510
521 2510
522 2510
523 2510
525 2510
527 2510
529 5020
535 5049
536 5049
537 5049
538 5049
539 5049
540 5049
541 5049
542 5049
543 5049
544 5049
545 5049
546 5049
548 2510
549 2510
550 2510
551 2510
553 2510
554 5020
563 34
570 34
571 34
577 17
580 17
582 17
585 17
586 17
588 17
590 5556957
592 17
594 17
596 34
601 35
602 35
606 35
608 35
611 35
615 35
616 35
620 34
624 34
648 17
650 17
652 17
654 17
657 17
658 17
660 1705577
663 17
665 17
667 34
684 1
685 1
686 1
691 1
692 1
693 1
700 1
706 1
708 1
716 1
717 1
719 1
721 1
723 1
725 1
733 1
734 1
735 1
736 1
741 1
742 1
743 1
746 1
748 2
753 191
755 12224
756 12224
757 12224
758 12224
760 24448
761 24448
762 6112
764 24448
765 24448
766 6112
767 6112
768 6112
769 191
770 191
771 191
772 191
773 1
776 1
777 1
782 126
783 126
784 63
785 63
786 63
787 63
788 63
789 63
790 63
791 63
792 63
793 63
794 63
795 63
796 63
800 1
801 1
802 1
803 1
805 1
806 1
807 1
808 1
809 2
fn=__memcpy_chk_avx_unaligned_erms
249 1
250 1
251 1
fn=__mempcpy_avx_unaligned_erms
242 1
243 1
244 1
245 1
fn=memcpy
210 26
211 26
217 61
218 61
220 34
221 34
222 34
224 19
225 19
226 19
228 19
308 27
309 27
311 9
315 9
316 9
317 9
318 1
319 1
323 1
325 9
364 18
365 18
366 18
367 18
368 18
375 10
376 10
377 10
378 10
379 10
380 10
381 10
392 15
393 15
395 10
396 10
397 10
417 5
418 5
422 5
424 5
440 5
443 5
445 5
447 5
451 5
452 5
461 5
462 5
464 5
466 5
467 5
468 5
471 5
473 5
475 5
477 5
483 10
484 10
485 10
486 10
487 10
488 10
489 10
490 10
491 10
492 10
493 10
494 10
496 5
497 5
498 5
499 5
501 5
505 5
fn=mempcpy
197 35
198 35
199 35
200 35
fl=./string/../sysdeps/x86_64/multiarch/memmove.c
fn=memmove
29 3
fl=./string/../sysdeps/x86_64/multiarch/mempcpy.c
fn=mempcpy
33 1
fl=./string/../sysdeps/x86_64/multiarch/memrchr.c
fn=memrchr
29 3
fl=./string/../sysdeps/x86_64/multiarch/memset-vec-unaligned-erms.S
fn=__memset_avx2_unaligned_erms
158 30094
159 60188
164 30094
165 30094
166 44
167 44
168 44
170 4
171 4
172 8
181 3
182 3
184 6
237 40
238 40
244 25
245 25
257 25
260 25
261 25
273 22
274 22
287 22
288 22
290 22
293 15
296 15
299 77
300 77
301 77
302 77
303 77
304 77
305 92
308 22
309 22
310 22
311 22
314 44
325 15
326 15
327 15
328 223487
329 15
330 30
337 30050
346 30050
347 30050
378 30050
379 30050
380 30050
fl=./string/../sysdeps/x86_64/multiarch/memset.c
fn=memset
29 3
fl=./string/../sysdeps/x86_64/multiarch/stpcpy.c
fn=stpcpy
33 3
fl=./string/../sysdeps/x86_64/multiarch/stpncpy.c
fn=stpncpy
31 3
fl=./string/../sysdeps/x86_64/multiarch/strcasecmp.c
fn=strcasecmp
31 3
fl=./string/../sysdeps/x86_64/multiarch/strcasecmp_l.c
fn=strcasecmp_l
31 3
fl=./string/../sysdeps/x86_64/multiarch/strcat.c
fn=strcat
29 3
fl=./string/../sysdeps/x86_64/multiarch/strchr-avx2.S
fn=__strchr_avx2
53 1
55 1
56 1
57 1
58 1
59 1
62 1
63 1
67 1
68 1
69 1
70 1
71 1
72 1
73 1
74 1
77 1
85 1
93 1
94 2
fn=__strchrnul_avx2
53 8
55 8
56 8
57 8
58 8
59 8
62 8
63 8
67 8
68 8
69 8
70 8
71 8
72 8
73 8
74 8
87 8
89 16
fl=./string/../sysdeps/x86_64/multiarch/strchr.c
fn=index
42 4
43 2
44 3
47 2
48 2
51 3
54 3
65 3
fl=./string/../sysdeps/x86_64/multiarch/strchrnul.c
fn=strchrnul
31 3
fl=./string/../sysdeps/x86_64/multiarch/strcmp-avx2.S
fn=__strncmp_avx2
206 24
230 24
235 24
249 24
274 24
275 24
276 24
278 24
279 24
283 24
287 24
289 24
291 24
294 24
296 24
297 24
308 24
318 24
319 24
322 24
326 48
331 24
332 24
333 24
957 11
958 11
959 11
960 11
962 11
965 11
966 11
970 8
971 8
1076 3
1077 3
fl=./string/../sysdeps/x86_64/multiarch/strcmp.c
fn=strcmp
47 4
48 2
49 3
52 2
53 2
56 3
59 3
79 3
fl=./string/../sysdeps/x86_64/multiarch/strcpy.c
fn=strcpy
29 3
fl=./string/../sysdeps/x86_64/multiarch/strcspn.c
fn=strcspn
29 2
fl=./string/../sysdeps/x86_64/multiarch/strlen-avx2.S
fn=__strlen_avx2
52 730
65 730
66 730
67 730
70 730
72 730
73 730
76 723
77 723
85 723
86 723
87 669
92 1338
118 20
131 20
132 20
133 20
139 40
143 1
156 1
157 1
158 1
164 2
168 10
181 10
182 10
183 10
189 20
193 20
206 20
207 20
208 20
214 40
221 54
236 55
242 55
243 55
244 55
246 35
247 35
248 35
249 35
251 34
252 34
253 34
254 34
256 24
257 24
258 24
259 24
277 4
278 8
292 4
293 4
294 4
295 4
297 4
298 4
299 4
301 4
302 4
303 4
306 4
307 4
308 4
309 4
310 4
312 4
313 4
314 4
315 4
392 4
393 4
394 4
399 8
511 7
512 7
513 7
516 7
531 7
532 7
533 6
540 12
fl=./string/../sysdeps/x86_64/multiarch/strlen.c
fn=strlen
29 6
fl=./string/../sysdeps/x86_64/multiarch/strncase.c
fn=strncasecmp
31 3
fl=./string/../sysdeps/x86_64/multiarch/strncase_l.c
fn=strncasecmp_l
31 3
fl=./string/../sysdeps/x86_64/multiarch/strncmp.c
fn=strncmp
43 4
44 2
45 3
48 2
49 2
52 3
55 5
67 3
fl=./string/../sysdeps/x86_64/multiarch/strncpy.c
fn=strncpy
29 3
fl=./string/../sysdeps/x86_64/multiarch/strnlen.c
fn=strnlen
31 6
fl=./string/../sysdeps/x86_64/multiarch/strpbrk.c
fn=strpbrk
29 2
fl=./string/../sysdeps/x86_64/multiarch/strrchr-avx2.S
fn=__strrchr_avx2
53 1
54 1
55 1
57 1
58 1
62 1
63 1
64 1
67 1
69 1
70 1
71 1
72 1
119 1
120 1
123 1
124 2
127 1
128 1
132 2
137 1
138 1
139 1
143 1
144 1
156 1
159 1
160 1
161 1
162 1
163 1
164 1
166 1
167 1
168 1
169 1
170 1
fl=./string/../sysdeps/x86_64/multiarch/strrchr.c
fn=rindex
28 3
fl=./string/../sysdeps/x86_64/multiarch/strspn.c
fn=strspn
29 2
fl=./string/./string/strdup.c
fn=strdup
40 36
41 12
42 2
44 12
47 20
48 19
fl=./time/../sysdeps/unix/sysv/linux/clock_gettime.c
fn=clock_gettime@@GLIBC_2.17
30 4
38 8
40 8
44 8
68 8
69 8
fl=./wcsmbs/../sysdeps/x86_64/multiarch/ifunc-avx2.h
fn=wcschr
38 8
40 6
41 4
42 6
45 4
46 4
49 6
52 12
fn=wcscmp
38 4
40 3
41 2
42 3
45 2
46 2
49 3
52 6
fl=./wcsmbs/../sysdeps/x86_64/multiarch/ifunc-evex.h
fn=wmemchr
37 8
38 6
39 6
42 4
43 4
45 4
51 6
54 8
fl=./wcsmbs/../sysdeps/x86_64/multiarch/ifunc-memcmp.h
fn=wmemcmp
34 5
35 2
36 2
37 3
40 2
41 2
44 3
47 4
fl=./wcsmbs/../sysdeps/x86_64/multiarch/ifunc-wcs.h
fn=wcpncpy
39 4
40 3
41 3
44 2
45 3
48 4
fn=wcscat
39 4
40 3
41 3
44 2
45 3
48 4
fn=wcsncpy
39 4
40 3
41 3
44 2
45 3
48 4
fl=./wcsmbs/../sysdeps/x86_64/multiarch/ifunc-wcslen.h
fn=wcslen
40 4
41 2
42 3
45 2
46 2
49 3
52 3
fn=wcsnlen
40 4
41 2
42 3
45 2
46 2
49 3
52 3
fl=./wcsmbs/../sysdeps/x86_64/multiarch/ifunc-wmemset.h
fn=wmemset
36 10
37 6
fl=./wcsmbs/../sysdeps/x86_64/multiarch/wcpcpy.c
fn=wcpncpy
31 1
fl=./wcsmbs/../sysdeps/x86_64/multiarch/wcpncpy.c
fn=wcpncpy
31 1
fl=./wcsmbs/../sysdeps/x86_64/multiarch/wcscat.c
fn=wcscat
31 2
fn=wcschr
31 2
fl=./wcsmbs/../sysdeps/x86_64/multiarch/wcschr.c
fn=wcschr
31 4
fl=./wcsmbs/../sysdeps/x86_64/multiarch/wcscmp.c
fn=wcscmp
30 3
fl=./wcsmbs/../sysdeps/x86_64/multiarch/wcscpy.c
fn=wcscpy
42 4
43 2
44 3
46 2
47 3
50 3
60 2
fl=./wcsmbs/../sysdeps/x86_64/multiarch/wcslen.c
fn=wcslen
29 3
fl=./wcsmbs/../sysdeps/x86_64/multiarch/wcsncpy.c
fn=wcsncpy
31 2
fl=./wcsmbs/../sysdeps/x86_64/multiarch/wcsnlen.c
fn=wcsnlen
30 3
fl=./wcsmbs/../sysdeps/x86_64/multiarch/wmemchr.c
fn=wmemchr
31 4
fl=./wcsmbs/../sysdeps/x86_64/multiarch/wmemcmp.c
fn=wmemcmp
29 4
fl=./wcsmbs/../sysdeps/x86_64/multiarch/wmemset.c
fn=wmemset
31 4
fl=/home/runner/.cargo/registry/src/index.crates.io-1949cf8c6b5b557f/archery-1.2.2/src/shared_pointer/kind/arc/mod.rs
fn=<imbl::vector::GenericVector<A,P> as core::ops::index::IndexMut<usize>>::index_mut
0 79976
100 79976
fn=imbl::vector::GenericVector<A,P>::push_back
100 24
fl=/home/runner/.cargo/registry/src/index.crates.io-1949cf8c6b5b557f/crossbeam-deque-0.8.6/src/deque.rs
fn=<rayon_core::registry::WorkerThread as core::convert::From<rayon_core::registry::ThreadBuilder>>::from
0 8
1242 8
fn=crossbeam_deque::deque::Injector<T>::push
1371 20
1379 6
1382 4
1391 10
1395 2
1398 2
1406 2
1429 16
fn=crossbeam_deque::deque::Stealer<T>::steal
633 648
642 162
652 324
675 648
fn=crossbeam_deque::deque::Worker<T>::new_fifo
0 4
221 32
230 16
236 24
fn=rayon_core::join::join_context::{{closure}}
0 20
65 20
405 20
fn=rayon_core::registry::Registry::new
0 4
258 20
281 8
1242 2
fn=rayon_core::registry::WorkerThread::find_work
0 78
1210 4
1457 156
1460 78
1467 39
1469 78
1474 193
1479 12
1485 2
1496 6
1514 2
1515 4
fn=rayon_core::registry::WorkerThread::take_local_job
0 4
65 20
451 110
455 20
495 30
505 20
507 12
526 16
fl=/home/runner/.cargo/registry/src/index.crates.io-1949cf8c6b5b557f/crossbeam-epoch-0.9.18/src/atomic.rs
fn=crossbeam_epoch::internal::Global::collect
127 8
fn=crossbeam_epoch::internal::Global::try_advance
127 20
fl=/home/runner/.cargo/registry/src/index.crates.io-1949cf8c6b5b557f/crossbeam-epoch-0.9.18/src/collector.rs
fn=<crossbeam_epoch::collector::Collector as core::default::Default>::default
30 6
34 6
fn=crossbeam_epoch::collector::Collector::register
44 32
45 4
46 24
fn=std::sync::once::Once::call_once::{{closure}}
40 1
fl=/home/runner/.cargo/registry/src/index.crates.io-1949cf8c6b5b557f/crossbeam-epoch-0.9.18/src/default.rs
fn=crossbeam_deque::deque::Stealer<T>::steal
0 162
40 324
fn=crossbeam_epoch::default::with_handle
55 486
62 810
fn=std::sys::thread_local::native::lazy::Storage<T,D>::get_or_init_slow
34 8
fl=/home/runner/.cargo/registry/src/index.crates.io-1949cf8c6b5b557f/crossbeam-epoch-0.9.18/src/epoch.rs
fn=crossbeam_epoch::default::with_handle
50 162
fl=/home/runner/.cargo/registry/src/index.crates.io-1949cf8c6b5b557f/crossbeam-epoch-0.9.18/src/internal.rs
fn=crossbeam_deque::deque::Stealer<T>::steal
451 324
fn=crossbeam_epoch::collector::Collector::register
0 4
320 40
fn=crossbeam_epoch::default::with_handle
382 162
387 324
434 324
435 8
fn=crossbeam_epoch::internal::Global::collect
0 4
199 44
200 28
217 32
fn=crossbeam_epoch::internal::Global::try_advance
0 8
228 36
248 28
266 36
fl=/home/runner/.cargo/registry/src/index.crates.io-1949cf8c6b5b557f/crossbeam-epoch-0.9.18/src/sync/list.rs
fn=<crossbeam_epoch::collector::Collector as core::default::Default>::default
156 1
fn=crossbeam_epoch::internal::Global::try_advance
0 20
210 4
239 42
242 20
fl=/home/runner/.cargo/registry/src/index.crates.io-1949cf8c6b5b557f/crossbeam-epoch-0.9.18/src/sync/once_lock.rs
fn=crossbeam_epoch::sync::once_lock::OnceLock<T>::initialize
0 1
60 1
70 2
fn=std::sys::thread_local::native::lazy::Storage<T,D>::get_or_init_slow
49 8
53 2
fl=/home/runner/.cargo/registry/src/index.crates.io-1949cf8c6b5b557f/crossbeam-epoch-0.9.18/src/sync/queue.rs
fn=<crossbeam_epoch::collector::Collector as core::default::Default>::default
46 2
59 3
fn=crossbeam_epoch::internal::Global::collect
154 12
fl=/home/runner/.cargo/registry/src/index.crates.io-1949cf8c6b5b557f/hashbrown-0.14.5/src/raw/bitmask.rs
fn=core::ptr::drop_in_place<rowan::green::builder::GreenNodeBuilder>
0 5117
50 101390
129 10236
fn=hashbrown::raw::RawTable<T,A>::reserve_rehash
0 244833
31 10336
50 311317
fn=rowan::green::node_cache::NodeCache::node
0 17676
50 44835
fn=rowan::green::node_cache::NodeCache::token
0 490391
50 593416
fl=/home/runner/.cargo/registry/src/index.crates.io-1949cf8c6b5b557f/hashbrown-0.14.5/src/raw/mod.rs
fn=core::ptr::drop_in_place<rowan::green::builder::GreenNodeBuilder>
0 192546
262 2
2370 6
2374 8
2429 4
2596 1
2823 2
3297 1
4125 48136
fn=hashbrown::raw::RawTable<T,A>::reserve_rehash
0 143528
116 71672
155 71672
200 69
204 8
211 144
223 476
262 54
263 28
1217 237
1234 71672
1244 252
1750 56
1759 28
1869 71672
1910 143344
2556 71672
2763 71672
2766 71672
2767 71672
2797 28
2873 84
2920 28
2924 28
2925 112
2952 28
3105 28
4207 71672
4237 5096
4251 143400
fn=rowan::green::node_cache::NodeCache::node
0 100106
116 9071
129 13
155 20000
182 1007
183 2014
1180 39
1313 36245
1317 26
1444 1
1464 3556
1869 9071
1910 18142
2170 151007
2190 3556
2192 942
2197 20130
2609 10000
2631 18103
2633 9058
2763 18116
2766 9058
2767 9058
2813 9071
fn=rowan::green::node_cache::NodeCache::token
0 3005737
116 39093
129 15
155 460122
182 10156
183 20312
1180 60
1313 156327
1317 30
1464 195740
1869 39093
1910 78186
2170 10156
2190 391480
2192 383299
2197 98468
2609 460122
2631 78141
2633 39078
2763 39093
2766 39078
2767 39078
2813 39093
fl=/home/runner/.cargo/registry/src/index.crates.io-1949cf8c6b5b557f/imbl-7.0.0/src/vector/mod.rs
fn=<imbl::vector::GenericVector<A,P> as core::ops::index::IndexMut<usize>>::index_mut
0 319904
274 199940
276 39988
725 79976
729 159952
1884 239928
1889 239928
fn=imbl::vector::GenericVector<A,P>::promote_front
211 168
212 180
228 96
fn=imbl::vector::GenericVector<A,P>::push_back
191 24
911 72
912 24
913 24
915 36
919 144
922 60
fn=rustledger_core::inventory::Inventory::add
274 36
275 12
fl=/home/runner/.cargo/registry/src/index.crates.io-1949cf8c6b5b557f/imbl-sized-chunks-0.1.3/src/inline_array/mod.rs
fn=imbl::vector::GenericVector<A,P>::promote_front
239 12
fn=rustledger_core::inventory::Inventory::add
239 12
fl=/home/runner/.cargo/registry/src/index.crates.io-1949cf8c6b5b557f/imbl-sized-chunks-0.1.3/src/sized_chunk/mod.rs
fn=<imbl::vector::GenericVector<A,P> as core::ops::index::IndexMut<usize>>::index_mut
227 159952
702 39988
fn=alloc::sync::Arc<T,A>::drop_slow
227 12
702 12
fn=imbl::vector::GenericVector<A,P>::promote_front
130 12
845 12
848 12
fn=imbl::vector::GenericVector<A,P>::push_back
0 24
233 12
239 96
368 12
370 48
377 12
fl=/home/runner/.cargo/registry/src/index.crates.io-1949cf8c6b5b557f/jiff-0.2.29/src/civil/date.rs
fn=core::slice::sort::stable::drift::sort
0 20012
171 30017
172 29934
fn=rayon::slice::sort::par_mergesort
0 26
169 20
fn=rustledger_core::naive_date
0 20012
249 41620
257 40024
fn=rustledger_validate::validate_phase_inner
0 786
169 101378
fn=rustledger_validate::validate_phase_inner::{{closure}}
169 39946
fl=/home/runner/.cargo/registry/src/index.crates.io-1949cf8c6b5b557f/jiff-0.2.29/src/lib.rs
fn=jiff::shared::tzif::<impl jiff::shared::Tzif<alloc::string::String,jiff::shared::util::array_str::ArrayStr<30_usize>,alloc::vec::Vec<jiff::shared::TzifLocalTimeType>,alloc::vec::Vec<i64>,alloc::vec::Vec<jiff::shared::TzifDateTime>,alloc::vec::Vec<jiff::shared::TzifDateTime>,alloc::vec::Vec<jiff::shared::TzifTransitionInfo>>>::parse_transitions
0 5
fn=jiff::tz::db::TimeZoneDatabase::from_env
0 1
fl=/home/runner/.cargo/registry/src/index.crates.io-1949cf8c6b5b557f/jiff-0.2.29/src/shared/crc32/mod.rs
fn=jiff::tz::tzif::Tzif<alloc::string::String,jiff::shared::util::array_str::ArrayStr<30_usize>,alloc::vec::Vec<jiff::shared::TzifLocalTimeType>,alloc::vec::Vec<i64>,alloc::vec::Vec<jiff::shared::TzifDateTime>,alloc::vec::Vec<jiff::shared::TzifDateTime>,alloc::vec::Vec<jiff::shared::TzifTransitionInfo>>::parse
0 5
13 1
22 17
23 7
24 112
25 14
26 7
27 7
28 7
29 7
30 7
31 7
32 7
33 7
34 7
35 7
36 14
37 21
38 7
43 8
45 1
fl=/home/runner/.cargo/registry/src/index.crates.io-1949cf8c6b5b557f/jiff-0.2.29/src/shared/mod.rs
fn=jiff::tz::tzif::Tzif<alloc::string::String,jiff::shared::util::array_str::ArrayStr<30_usize>,alloc::vec::Vec<jiff::shared::TzifLocalTimeType>,alloc::vec::Vec<i64>,alloc::vec::Vec<jiff::shared::TzifDateTime>,alloc::vec::Vec<jiff::shared::TzifDateTime>,alloc::vec::Vec<jiff::shared::TzifTransitionInfo>>::parse
442 12
505 1
fl=/home/runner/.cargo/registry/src/index.crates.io-1949cf8c6b5b557f/jiff-0.2.29/src/shared/posix.rs
fn=jiff::shared::posix::<impl jiff::shared::PosixTimeZone<ABBREV>>::dst_info_utc
247 7
319 7
fn=jiff::shared::posix::<impl jiff::shared::PosixTimeZone<ABBREV>>::next_transition
215 11
220 2
241 8
fn=jiff::shared::posix::Parser::parse_abbreviation
0 21
640 6
641 2
652 6
669 4
673 4
676 3
682 3
691 2
1240 5
1248 19
fn=jiff::shared::posix::Parser::parse_posix_offset
0 2
762 5
778 1
779 2
780 1
783 2
788 3
793 7
1178 2
1202 1
1205 3
1240 4
1248 7
fn=jiff::shared::posix::Parser::parse_prefix
0 3
559 8
564 27
565 8
574 3
578 1
580 2
582 3
587 5
1240 2
fn=jiff::shared::tzif::<impl jiff::shared::Tzif<alloc::string::String,jiff::shared::util::array_str::ArrayStr<30_usize>,alloc::vec::Vec<jiff::shared::TzifLocalTimeType>,alloc::vec::Vec<i64>,alloc::vec::Vec<jiff::shared::TzifDateTime>,alloc::vec::Vec<jiff::shared::TzifDateTime>,alloc::vec::Vec<jiff::shared::TzifTransitionInfo>>>::parse_footer
0 2
26 4
550 1
551 4
554 12
fn=rustledger_loader::process::process
0 2
53 1
454 1
fl=/home/runner/.cargo/registry/src/index.crates.io-1949cf8c6b5b557f/jiff-0.2.29/src/shared/tzif.rs
fn=jiff::shared::tzif::<impl jiff::shared::Tzif<alloc::string::String,jiff::shared::util::array_str::ArrayStr<30_usize>,alloc::vec::Vec<jiff::shared::TzifLocalTimeType>,alloc::vec::Vec<i64>,alloc::vec::Vec<jiff::shared::TzifDateTime>,alloc::vec::Vec<jiff::shared::TzifDateTime>,alloc::vec::Vec<jiff::shared::TzifTransitionInfo>>>::parse_footer
0 11
430 2
433 2
442 5
445 2
454 15
456 5
457 1
fn=jiff::shared::tzif::<impl jiff::shared::Tzif<alloc::string::String,jiff::shared::util::array_str::ArrayStr<30_usize>,alloc::vec::Vec<jiff::shared::TzifLocalTimeType>,alloc::vec::Vec<i64>,alloc::vec::Vec<jiff::shared::TzifDateTime>,alloc::vec::Vec<jiff::shared::TzifDateTime>,alloc::vec::Vec<jiff::shared::TzifTransitionInfo>>>::parse_indicators
0 2
363 6
378 3
422 2
423 7
1415 4
fn=jiff::shared::tzif::<impl jiff::shared::Tzif<alloc::string::String,jiff::shared::util::array_str::ArrayStr<30_usize>,alloc::vec::Vec<jiff::shared::TzifLocalTimeType>,alloc::vec::Vec<i64>,alloc::vec::Vec<jiff::shared::TzifDateTime>,alloc::vec::Vec<jiff::shared::TzifDateTime>,alloc::vec::Vec<jiff::shared::TzifTransitionInfo>>>::parse_time_zone_designations
0 6
292 9
302 3
306 2
318 1
321 2
322 9
1415 2
fn=jiff::shared::tzif::<impl jiff::shared::Tzif<alloc::string::String,jiff::shared::util::array_str::ArrayStr<30_usize>,alloc::vec::Vec<jiff::shared::TzifLocalTimeType>,alloc::vec::Vec<i64>,alloc::vec::Vec<jiff::shared::TzifDateTime>,alloc::vec::Vec<jiff::shared::TzifDateTime>,alloc::vec::Vec<jiff::shared::TzifTransitionInfo>>>::parse_transitions
182 8
206 5
237 3
238 8
1415 2
fn=jiff::shared::tzif::<impl jiff::shared::TzifTransitions<alloc::vec::Vec<i64>,alloc::vec::Vec<jiff::shared::TzifDateTime>,alloc::vec::Vec<jiff::shared::TzifDateTime>,alloc::vec::Vec<jiff::shared::TzifTransitionInfo>>>::add_with_type_index
0 3
726 5
734 6
fn=jiff::tz::tzif::Tzif<alloc::string::String,jiff::shared::util::array_str::ArrayStr<30_usize>,alloc::vec::Vec<jiff::shared::TzifLocalTimeType>,alloc::vec::Vec<i64>,alloc::vec::Vec<jiff::shared::TzifDateTime>,alloc::vec::Vec<jiff::shared::TzifDateTime>,alloc::vec::Vec<jiff::shared::TzifTransitionInfo>>::parse
0 54
84 7
99 1
109 36
152 22
169 3
172 1
174 6
175 1
274 3
279 1
280 1
535 1
536 1
587 3
591 7
620 5
799 4
803 2
841 14
844 14
847 4
850 4
856 3
1415 8
fl=/home/runner/.cargo/registry/src/index.crates.io-1949cf8c6b5b557f/jiff-0.2.29/src/shared/util/array_str.rs
fn=jiff::shared::posix::Parser::parse_abbreviation
34 2
fl=/home/runner/.cargo/registry/src/index.crates.io-1949cf8c6b5b557f/jiff-0.2.29/src/shared/util/itime.rs
fn=jiff::shared::posix::<impl jiff::shared::PosixTimeZone<ABBREV>>::next_transition
0 7
59 1
61 5
63 2
193 1
194 4
197 1
198 1
199 1
200 4
201 2
203 2
207 2
212 4
556 2
558 3
559 2
561 4
fn=rustledger_core::naive_date
766 49
784 1596
785 21
791 3164
fn=rustledger_loader::process::process
0 2
59 3
61 5
63 3
193 1
194 4
197 1
198 1
199 1
200 4
201 2
203 2
207 1
212 4
fl=/home/runner/.cargo/registry/src/index.crates.io-1949cf8c6b5b557f/jiff-0.2.29/src/signed_duration.rs
fn=jiff::util::fs::last_modified_from_file
2136 2
fn=rustledger_loader::process::process
2136 2
fl=/home/runner/.cargo/registry/src/index.crates.io-1949cf8c6b5b557f/jiff-0.2.29/src/timestamp.rs
fn=jiff::util::fs::last_modified_from_file
936 6
fn=rustledger_loader::process::process
936 6
fl=/home/runner/.cargo/registry/src/index.crates.io-1949cf8c6b5b557f/jiff-0.2.29/src/tz/db/mod.rs
fn=jiff::tz::db::TimeZoneDatabase::from_env
250 8
273 1
274 2
294 9
fn=jiff::tz::db::TimeZoneDatabase::get
0 1
464 9
469 6
490 9
fn=jiff::tz::db::special_time_zone
703 1
711 1
fn=std::sync::once::Once::call_once_force::{{closure}}
45 1
fl=/home/runner/.cargo/registry/src/index.crates.io-1949cf8c6b5b557f/jiff-0.2.29/src/tz/db/zoneinfo/enabled.rs
fn=jiff::tz::db::TimeZoneDatabase::from_env
0 3
47 4
64 5
65 2
fn=jiff::tz::db::TimeZoneDatabase::get
0 14
102 4
111 1
112 2
145 2
147 2
148 10
172 5
173 7
183 7
227 5
431 7
fn=jiff::tz::db::zoneinfo::inner::CachedTimeZone::new
0 6
264 11
274 1
278 2
280 2
281 2
283 3
288 7
289 8
610 1
fn=jiff::tz::db::zoneinfo::inner::CachedZones::get_zone_index
230 18
243 18
fn=jiff::tz::db::zoneinfo::inner::Database::from_dir
79 9
80 10
82 25
83 7
415 4
419 4
fn=jiff::tz::db::zoneinfo::inner::ZoneInfoNamesInner::get
459 7
466 6
fn=jiff::tz::db::zoneinfo::inner::walk
0 3656
562 3035
662 17986
665 2372
670 1214
724 10
730 1
738 5
740 42
751 147
753 3140
776 1256
784 21
785 2
786 2
804 1821
830 20
832 2
841 1
842 4
844 8
fl=/home/runner/.cargo/registry/src/index.crates.io-1949cf8c6b5b557f/jiff-0.2.29/src/tz/system/mod.rs
fn=jiff::tz::system::get
0 3
121 8
124 2
138 2
139 2
142 9
158 2
183 4
fl=/home/runner/.cargo/registry/src/index.crates.io-1949cf8c6b5b557f/jiff-0.2.29/src/tz/system/unix.rs
fn=jiff::tz::system::get
19 4
fn=jiff::tz::system::sys::read
0 7
28 11
43 9
54 3
55 1
66 5
79 7
fl=/home/runner/.cargo/registry/src/index.crates.io-1949cf8c6b5b557f/jiff-0.2.29/src/tz/timezone.rs
fn=jiff::tz::db::TimeZoneDatabase::get
2257 2
2322 5
fn=jiff::tz::system::get
2257 2
2322 4
fn=jiff::tz::timezone::TimeZone::tzif
537 8
541 6
544 8
fn=rustledger_loader::process::process
0 1
326 3
399 2
2001 4
2257 3
2373 4
fl=/home/runner/.cargo/registry/src/index.crates.io-1949cf8c6b5b557f/jiff-0.2.29/src/tz/tzif.rs
fn=jiff::tz::tzif::Tzif<alloc::string::String,jiff::shared::util::array_str::ArrayStr<30_usize>,alloc::vec::Vec<jiff::shared::TzifLocalTimeType>,alloc::vec::Vec<i64>,alloc::vec::Vec<jiff::shared::TzifDateTime>,alloc::vec::Vec<jiff::shared::TzifDateTime>,alloc::vec::Vec<jiff::shared::TzifTransitionInfo>>::parse
0 1
156 8
161 49
162 8
169 2
171 12
fn=rustledger_loader::process::process
0 1
243 2
244 2
271 8
533 1
fl=/home/runner/.cargo/registry/src/index.crates.io-1949cf8c6b5b557f/jiff-0.2.29/src/util/b.rs
fn=jiff::util::fs::last_modified_from_file
0 1
484 4
fn=rustledger_core::naive_date
484 70042
488 10006
fn=rustledger_loader::process::process
0 1
484 4
fl=/home/runner/.cargo/registry/src/index.crates.io-1949cf8c6b5b557f/jiff-0.2.29/src/util/cache.rs
fn=jiff::tz::db::zoneinfo::inner::CachedTimeZone::new
0 1
19 1
fl=/home/runner/.cargo/registry/src/index.crates.io-1949cf8c6b5b557f/jiff-0.2.29/src/util/fs.rs
fn=jiff::util::fs::last_modified_from_file
0 7
32 8
47 1
69 3
70 7
fl=/home/runner/.cargo/registry/src/index.crates.io-1949cf8c6b5b557f/jiff-0.2.29/src/util/utf8.rs
fn=jiff::tz::db::special_time_zone
0 3
118 15
fn=jiff::tz::db::zoneinfo::inner::ZoneInfoNamesInner::get
114 7
118 147
fl=/home/runner/.cargo/registry/src/index.crates.io-1949cf8c6b5b557f/logos-0.16.1/src/lexer.rs
fn=<rustledger_parser::logos_lexer::Token as logos::Logos>::lex::state0
135 20006
150 53444
317 26722
fn=<rustledger_parser::logos_lexer::Token as logos::Logos>::lex::state1
299 26722
fn=<rustledger_parser::logos_lexer::Token as logos::Logos>::lex::state101
150 26012
299 26012
317 26012
fn=<rustledger_parser::logos_lexer::Token as logos::Logos>::lex::state1089
150 10006
299 10006
fn=<rustledger_parser::logos_lexer::Token as logos::Logos>::lex::state110
150 10006
299 10006
317 10006
fn=<rustledger_parser::logos_lexer::Token as logos::Logos>::lex::state1114
150 10006
299 10006
fn=<rustledger_parser::logos_lexer::Token as logos::Logos>::lex::state1140
135 10006
150 10006
299 10006
317 20012
fn=<rustledger_parser::logos_lexer::Token as logos::Logos>::lex::state172
0 130021
135 90022
150 180044
317 140043
fn=<rustledger_parser::logos_lexer::Token as logos::Logos>::lex::state173
299 460123
317 50009
322 1
fn=<rustledger_parser::logos_lexer::Token as logos::Logos>::lex::state38
135 20006
150 80024
317 40012
fn=<rustledger_parser::logos_lexer::Token as logos::Logos>::lex::state395
135 20004
317 20004
fn=<rustledger_parser::logos_lexer::Token as logos::Logos>::lex::state40
0 20006
299 20006
fn=<rustledger_parser::logos_lexer::Token as logos::Logos>::lex::state405
150 30006
299 30006
317 30006
fn=<rustledger_parser::logos_lexer::Token as logos::Logos>::lex::state419
299 8
312 8
fn=<rustledger_parser::logos_lexer::Token as logos::Logos>::lex::state860
299 6
312 6
317 6
fn=<rustledger_parser::logos_lexer::Token as logos::Logos>::lex::state861
299 2
312 2
fn=<rustledger_parser::logos_lexer::Token as logos::Logos>::lex::state863
299 2
312 2
317 2
fn=<rustledger_parser::logos_lexer::Token as logos::Logos>::lex::state91
317 20000
fn=<rustledger_parser::logos_lexer::Token as logos::Logos>::lex::state92
150 29626
299 29626
317 29626
fn=rustledger_parser::cst::lossless_tokens::lossless_kind_tokens
54 3
135 460122
224 230065
fl=/home/runner/.cargo/registry/src/index.crates.io-1949cf8c6b5b557f/logos-0.16.1/src/source.rs
fn=<rustledger_parser::logos_lexer::Token as logos::Logos>::lex::state0
111 136920
270 26722
fn=<rustledger_parser::logos_lexer::Token as logos::Logos>::lex::state1
111 53444
270 26722
fn=<rustledger_parser::logos_lexer::Token as logos::Logos>::lex::state101
111 52024
270 26012
fn=<rustledger_parser::logos_lexer::Token as logos::Logos>::lex::state1089
111 40024
270 20012
fn=<rustledger_parser::logos_lexer::Token as logos::Logos>::lex::state110
111 40024
270 20012
fn=<rustledger_parser::logos_lexer::Token as logos::Logos>::lex::state1114
111 20012
270 10006
fn=<rustledger_parser::logos_lexer::Token as logos::Logos>::lex::state1140
111 20012
270 10006
fn=<rustledger_parser::logos_lexer::Token as logos::Logos>::lex::state172
111 270068
270 2
fn=<rustledger_parser::logos_lexer::Token as logos::Logos>::lex::state173
111 460124
270 230061
fn=<rustledger_parser::logos_lexer::Token as logos::Logos>::lex::state38
0 2
111 200066
270 40015
fn=<rustledger_parser::logos_lexer::Token as logos::Logos>::lex::state395
0 100
111 159802
270 20004
fn=<rustledger_parser::logos_lexer::Token as logos::Logos>::lex::state40
0 20006
111 110038
270 20006
fn=<rustledger_parser::logos_lexer::Token as logos::Logos>::lex::state405
111 60012
270 30006
fn=<rustledger_parser::logos_lexer::Token as logos::Logos>::lex::state419
111 32
270 16
fn=<rustledger_parser::logos_lexer::Token as logos::Logos>::lex::state860
111 24
270 12
fn=<rustledger_parser::logos_lexer::Token as logos::Logos>::lex::state861
111 8
270 4
fn=<rustledger_parser::logos_lexer::Token as logos::Logos>::lex::state863
111 8
270 4
fn=<rustledger_parser::logos_lexer::Token as logos::Logos>::lex::state91
0 1
111 100006
270 20003
fn=<rustledger_parser::logos_lexer::Token as logos::Logos>::lex::state92
111 59252
270 29626
fl=/home/runner/.cargo/registry/src/index.crates.io-1949cf8c6b5b557f/rayon-1.12.0/src/iter/collect/consumer.rs
fn=rayon::iter::plumbing::bridge_producer_consumer::helper
0 84
96 20
126 24
178 90
182 20
fn=rayon::slice::sort::par_mergesort
17 8
61 4
fl=/home/runner/.cargo/registry/src/index.crates.io-1949cf8c6b5b557f/rayon-1.12.0/src/iter/collect/mod.rs
fn=rayon::slice::sort::par_mergesort
39 16
101 4
109 2
fl=/home/runner/.cargo/registry/src/index.crates.io-1949cf8c6b5b557f/rayon-1.12.0/src/iter/enumerate.rs
fn=rayon::iter::plumbing::bridge_producer_consumer::helper
0 12
104 12
124 10
fn=rayon::slice::sort::par_mergesort
72 10
fl=/home/runner/.cargo/registry/src/index.crates.io-1949cf8c6b5b557f/rayon-1.12.0/src/iter/len.rs
fn=rayon::slice::sort::par_mergesort
186 10
fl=/home/runner/.cargo/registry/src/index.crates.io-1949cf8c6b5b557f/rayon-1.12.0/src/iter/map.rs
fn=rayon::iter::plumbing::bridge_producer_consumer::helper
185 20
187 10
249 48
fl=/home/runner/.cargo/registry/src/index.crates.io-1949cf8c6b5b557f/rayon-1.12.0/src/iter/plumbing/mod.rs
fn=rayon::iter::plumbing::bridge_producer_consumer::helper
0 40
270 20
273 4
275 12
277 6
331 66
393 220
406 12
407 10
410 40
432 120
434 176
fn=rayon::slice::sort::par_mergesort
0 2
321 4
391 14
fn=rayon_core::join::join_context::{{closure}}
0 10
412 50
413 10
415 20
416 50
417 10
421 50
422 20
424 30
fl=/home/runner/.cargo/registry/src/index.crates.io-1949cf8c6b5b557f/rayon-1.12.0/src/slice/chunks.rs
fn=rayon::iter::plumbing::bridge_producer_consumer::helper
256 20
fl=/home/runner/.cargo/registry/src/index.crates.io-1949cf8c6b5b557f/rayon-1.12.0/src/slice/mod.rs
fn=rayon::iter::plumbing::bridge_producer_consumer::helper
458 40000
fn=rustledger_validate::validate_phase_inner
457 6
fl=/home/runner/.cargo/registry/src/index.crates.io-1949cf8c6b5b557f/rayon-1.12.0/src/slice/sort.rs
fn=rayon::iter::plumbing::bridge_producer_consumer::helper
0 336
1117 168
1119 12
1120 24
1246 36
1255 36
1259 12
1266 100000
1267 19988
1565 12
1566 12
fn=rayon::slice::sort::merge_recurse
1435 14
1450 4
1451 4
1504 16
fn=rayon::slice::sort::par_mergesort
0 30
1073 10
1510 20
1580 20
1585 100
1596 4
1606 12
1608 16
fl=/home/runner/.cargo/registry/src/index.crates.io-1949cf8c6b5b557f/rayon-core-1.13.0/src/job.rs
fn=<rayon_core::job::StackJob<L,F,R> as rayon_core::job::Job>::execute
0 4
116 14
120 14
121 4
123 16
fn=rayon_core::join::join_context::{{closure}}
90 170
102 30
fn=rayon_core::registry::Registry::in_worker_cold
90 12
229 4
231 8
fn=rayon_core::registry::WorkerThread::wait_until_cold
64 4
fl=/home/runner/.cargo/registry/src/index.crates.io-1949cf8c6b5b557f/rayon-core-1.13.0/src/join/mod.rs
fn=rayon::iter::plumbing::bridge_producer_consumer::helper
132 230
fn=rayon_core::join::join_context::{{closure}}
0 30
132 110
142 30
153 20
154 40
165 20
166 70
172 80
fl=/home/runner/.cargo/registry/src/index.crates.io-1949cf8c6b5b557f/rayon-core-1.13.0/src/latch.rs
fn=<rayon_core::latch::LatchRef<L> as rayon_core::latch::Latch>::set
264 2
265 2
454 14
456 12
fn=<rayon_core::latch::LockLatch as rayon_core::latch::Latch>::set
262 28
264 4
265 4
266 24
fn=rayon_core::latch::LockLatch::wait_and_reset
243 18
245 8
248 2
249 16
fn=rayon_core::registry::Registry::in_worker_cold
448 2
fl=/home/runner/.cargo/registry/src/index.crates.io-1949cf8c6b5b557f/rayon-core-1.13.0/src/lib.rs
fn=rayon_core::registry::Registry::new
459 2
463 1
624 1
fn=std::sync::once::Once::call_once::{{closure}}
228 7
fl=/home/runner/.cargo/registry/src/index.crates.io-1949cf8c6b5b557f/rayon-core-1.13.0/src/registry.rs
fn=<rayon_core::job::StackJob<L,F,R> as rayon_core::job::Job>::execute
530 2
531 50
fn=<rayon_core::registry::DefaultSpawn as rayon_core::registry::ThreadSpawn>::spawn
87 36
92 12
95 12
97 36
fn=<rayon_core::registry::WorkerThread as core::convert::From<rayon_core::registry::ThreadBuilder>>::from
0 28
675 36
676 60
677 16
678 16
680 4
682 8
684 36
976 8
fn=rayon::iter::plumbing::bridge_producer_consumer::helper
0 36
342 8
503 8
504 4
953 20
957 16
959 2
fn=rayon::slice::sort::par_mergesort
342 4
343 2
fn=rayon_core::join::join_context::{{closure}}
0 10
718 10
724 10
731 10
fn=rayon_core::registry::Registry::in_worker_cold
0 6
442 6
443 2
517 16
536 2
538 4
540 12
fn=rayon_core::registry::Registry::new
0 23
239 11
246 1
252 12
259 16
265 8
267 16
271 8
272 5
285 22
286 44
290 20
295 14
313 20
316 2
321 2
322 9
635 16
fn=rayon_core::registry::ThreadBuilder::run
0 12
49 44
710 8
774 8
775 4
822 4
911 8
914 4
917 12
925 12
fn=rayon_core::registry::WorkerThread::find_work
0 210
833 312
839 39
842 390
880 78
889 156
891 300
892 636
901 156
991 117
992 117
993 117
1000 234
fn=rayon_core::registry::WorkerThread::take_local_job
0 237
749 305
757 360
763 325
fn=rayon_core::registry::WorkerThread::wait_until_cold
0 16
780 28
788 12
791 24
796 6
797 78
798 156
799 2
804 37
fn=rayon_core::registry::global_registry
0 1
162 20
172 28
191 4
206 8
fn=std::sync::once::Once::call_once::{{closure}}
0 2
196 2
210 22
218 3
fn=std::sys::backtrace::__rust_begin_short_backtrace
95 4
fl=/home/runner/.cargo/registry/src/index.crates.io-1949cf8c6b5b557f/rayon-core-1.13.0/src/sleep/counters.rs
fn=rayon_core::join::join_context::{{closure}}
43 10
134 10
fn=rayon_core::registry::Registry::in_worker_cold
43 2
134 2
136 1
fn=rayon_core::registry::WorkerThread::wait_until_cold
211 2
fl=/home/runner/.cargo/registry/src/index.crates.io-1949cf8c6b5b557f/rayon-core-1.13.0/src/sleep/mod.rs
fn=rayon_core::join::join_context::{{closure}}
0 10
252 30
fn=rayon_core::registry::Registry::in_worker_cold
0 1
252 7
fn=rayon_core::registry::WorkerThread::wait_until_cold
0 4
72 18
84 2
94 111
96 66
fn=rayon_core::sleep::Sleep::wake_any_threads
276 4
286 2
fl=/home/runner/.cargo/registry/src/index.crates.io-1949cf8c6b5b557f/rowan-0.16.1/src/api.rs
fn=<core::iter::adapters::map::Map<I,F> as core::iter::traits::iterator::Iterator>::next
465 780168
fn=<core::iter::adapters::take_while::TakeWhile<I,P> as core::iter::traits::iterator::Iterator>::try_fold
465 160002
fn=rustledger_parser::cst::ast::Amount::currency
465 180000
fn=rustledger_parser::cst::ast::Amount::is_arithmetic
465 360000
fn=rustledger_parser::cst::ast::Amount::sign
465 120000
fn=rustledger_parser::cst::ast::Posting::cost_spec
0 20000
141 80000
fn=rustledger_parser::cst::ast::Posting::flag
465 160000
fn=rustledger_parser::cst::ast::Posting::price_annotation
0 20000
141 80000
fn=rustledger_parser::cst::ast::StringLit::text_decoded
327 20004
fn=rustledger_parser::cst::ast::Transaction::date
465 30003
fn=rustledger_parser::cst::ast::Transaction::flag
465 60002
fn=rustledger_parser::cst::ast::first_child
0 20000
141 80000
fn=rustledger_parser::cst::ast::first_token
465 420288
fn=rustledger_parser::cst::ast::nth_token
465 24
fn=rustledger_parser::cst::convert::convert_transaction
0 110001
465 899990
fn=rustledger_parser::cst::convert::single_line_directive_span
465 36
fl=/home/runner/.cargo/registry/src/index.crates.io-1949cf8c6b5b557f/rowan-0.16.1/src/arc.rs
fn=<core::iter::adapters::map::Map<I,F> as core::iter::traits::iterator::Iterator>::next
258 6
fn=core::ptr::drop_in_place<alloc::vec::drain::Drain<(u64,rowan::utility_types::NodeOrToken<rowan::green::node::GreenNode,rowan::green::token::GreenToken>)>>
162 2826
292 2826
441 5652
fn=core::ptr::drop_in_place<rowan::green::builder::GreenNodeBuilder>
0 2
162 48136
292 48136
441 96272
fn=hashbrown::raw::RawTable<T,A>::reserve_rehash
250 57340
258 57340
292 14332
fn=rowan::arc::Arc<T>::drop_slow
76 343469
88 176290
162 277243
189 264432
292 277243
414 50008
441 554486
fn=rowan::cursor::<impl rowan::utility_types::NodeOrToken<rowan::cursor::SyntaxNode,rowan::cursor::SyntaxToken>>::to_next_sibling_or_token
258 1050144
fn=rowan::cursor::NodeData::next_sibling_or_token
258 300070
fn=rowan::cursor::SyntaxNode::first_child
258 170019
fn=rowan::cursor::SyntaxNode::next_sibling
258 80014
fn=rowan::cursor::SyntaxNode::to_next_sibling
258 130026
fn=rowan::cursor::free
0 830133
162 1
292 1
441 2
fn=rowan::green::node::GreenNode::new
0 326310
138 98134
292 49067
329 98134
342 49067
343 98134
350 98134
373 98134
374 49067
423 147201
441 98134
fn=rowan::green::node_cache::NodeCache::node
0 27174
117 10000
309 942
fn=rowan::green::node_cache::NodeCache::token
0 273546
117 230061
250 192316
342 39078
343 78156
350 78156
373 78156
374 78156
fn=rowan::green::node_cache::node_hash
250 42996
258 57328
fn=rustledger_loader::Loader::load_recursive
88 1
162 1
189 1
292 1
441 2
fn=rustledger_parser::cst::ast::StringLit::text_decoded
258 20004
fn=rustledger_parser::cst::convert::convert_amount_to_incomplete
0 20000
250 20000
258 40000
fn=rustledger_parser::cst::convert::convert_transaction
258 20000
fn=rustledger_parser::cst::convert::parse_directive_date
0 10006
250 10006
258 10006
fn=rustledger_parser::cst::convert::parse_via_cst
0 230067
250 350103
258 230067
fn=rustledger_parser::cst::format::amount_number_text
0 40000
250 20000
258 20000
fn=rustledger_parser::cst::format::compute_alignment
250 20000
258 20000
fn=rustledger_parser::cst::parser::parse_structured
292 1
fl=/home/runner/.cargo/registry/src/index.crates.io-1949cf8c6b5b557f/rowan-0.16.1/src/cow_mut.rs
fn=rustledger_parser::cst::parser::emit_amount
19 190000
fn=rustledger_parser::cst::parser::emit_amount_operand
0 20000
19 60000
fn=rustledger_parser::cst::parser::emit_through_terminator
19 240180
fn=rustledger_parser::cst::parser::emit_tokens
19 3
fn=rustledger_parser::cst::parser::parse_structured
0 90024
19 330026
fl=/home/runner/.cargo/registry/src/index.crates.io-1949cf8c6b5b557f/rowan-0.16.1/src/cursor.rs
fn=<core::iter::adapters::map::Map<I,F> as core::iter::traits::iterator::Iterator>::next
0 270083
161 10008
183 70014
322 820233
345 40032
348 20016
869 40036
1394 20018
1395 5
1396 1
1398 30024
1548 20016
fn=<core::iter::adapters::take_while::TakeWhile<I,P> as core::iter::traits::iterator::Iterator>::try_fold
0 10001
322 30003
fn=<core::iter::adapters::take_while::TakeWhile<I,P> as core::iter::traits::iterator::Iterator>::try_fold::check::{{closure}}
0 100000
183 80000
322 240000
fn=<rowan::cursor::Preorder as core::iter::traits::iterator::Iterator>::next
0 300053
313 30001
345 200036
348 150027
667 30001
1512 800152
1513 200038
1518 200038
1519 200036
1520 150027
1525 50013
1528 250040
1536 1000190
fn=<rowan::cursor::PreorderWithTokens as core::iter::traits::iterator::Iterator>::next
0 1450326
345 200036
348 100018
1159 40008
1567 5221431
1568 1160318
1573 1740477
1574 1160316
1575 600174
1576 180051
1578 50009
1582 50011
1583 560140
1589 2320636
1590 5221431
fn=<rowan::cursor::SyntaxElementChildren as core::iter::traits::iterator::Iterator>::next
1456 5240688
1457 2620344
1458 2040180
1459 340030
1461 3880568
1465 5240688
fn=core::ptr::drop_in_place<alloc::vec::Vec<rowan::api::SyntaxNode<rustledger_parser::cst::syntax_kind::BeancountLanguage>>>
161 10011
162 20012
fn=rowan::cursor::<impl rowan::utility_types::NodeOrToken<rowan::cursor::SyntaxNode,rowan::cursor::SyntaxToken>>::to_next_sibling_or_token
0 2250300
161 1050144
322 2100288
345 2100288
348 1050144
602 100000
998 970144
1195 2140288
1210 4280576
1211 3050432
1219 1050144
1225 980132
1228 980132
1230 1960264
1243 140024
1246 5350720
fn=rowan::cursor::NodeData::new
224 10791729
246 1660266
280 6641064
fn=rowan::cursor::NodeData::next_sibling_or_token
0 2370619
329 900210
345 460122
348 460122
420 1200280
421 300070
422 300070
427 460122
429 1200280
fn=rowan::cursor::SyntaxNode::first_child
322 340038
345 300010
348 300010
573 1500050
685 850095
696 140098
fn=rowan::cursor::SyntaxNode::first_child_or_token
0 2870329
322 820094
345 820094
348 820094
727 2050235
729 820094
731 2870329
fn=rowan::cursor::SyntaxNode::next_sibling
0 80014
329 240042
345 60024
348 60024
379 80014
573 300120
799 400070
801 350014
fn=rowan::cursor::SyntaxNode::to_next_sibling
0 220032
161 160032
322 260052
345 260052
348 130026
602 320064
763 960192
764 260052
766 30006
773 130026
788 50023
789 100046
794 160006
797 960192
fn=rowan::cursor::free
0 3320532
190 3320536
195 1660268
198 1660266
201 830133
208 2
fn=rustledger_parser::cst::ast::Amount::currency
0 110000
161 20000
183 50000
322 270000
fn=rustledger_parser::cst::ast::Amount::is_arithmetic
0 140000
161 40000
183 140000
322 420000
fn=rustledger_parser::cst::ast::Amount::sign
0 80000
161 40000
184 20000
322 240000
fn=rustledger_parser::cst::ast::Posting::cost_spec
0 100000
161 60000
322 60000
1395 60000
1396 20000
1398 80000
fn=rustledger_parser::cst::ast::Posting::flag
0 80000
161 40000
183 120000
322 240000
fn=rustledger_parser::cst::ast::Posting::price_annotation
0 100000
161 60000
322 60000
1395 60000
1396 20000
1398 80000
fn=rustledger_parser::cst::ast::StringLit::text_decoded
0 20004
fn=rustledger_parser::cst::ast::Transaction::date
0 10001
161 10000
322 30003
fn=rustledger_parser::cst::ast::Transaction::flag
0 30001
161 10000
322 90003
fn=rustledger_parser::cst::ast::TransactionFlag::cast
0 30000
183 20000
322 90000
fn=rustledger_parser::cst::ast::first_child
0 20000
161 40000
322 60000
1395 60000
1396 20000
fn=rustledger_parser::cst::ast::first_token
0 140090
161 80020
322 420270
fn=rustledger_parser::cst::ast::nth_token
0 10
161 2
322 30
fn=rustledger_parser::cst::convert::convert_amount_to_incomplete
0 80000
183 70000
184 100000
322 90000
fn=rustledger_parser::cst::convert::convert_meta_entries
0 40000
161 110006
322 120000
1394 60012
1395 120024
1396 30006
1398 160000
fn=rustledger_parser::cst::convert::convert_transaction
0 529995
161 160000
162 60000
183 299995
184 80000
322 1339985
345 140000
348 70000
1394 80000
1395 100000
1396 20000
1398 40000
fn=rustledger_parser::cst::convert::parse_directive_date
0 10006
fn=rustledger_parser::cst::convert::parse_via_cst
0 900463
161 430114
162 150025
183 410097
184 20048
284 10008
293 50009
322 1130358
345 160094
348 90055
667 140024
729 20016
861 200036
869 1120280
1056 40012
1394 40036
1395 8
1396 2
1398 40032
1457 60000
1458 90024
1459 20008
1461 660015
1548 2
fn=rustledger_parser::cst::convert::single_line_directive_span
0 18
161 2
183 14
322 48
345 12
348 8
fn=rustledger_parser::cst::format::amount_number_text
0 50000
183 10000
184 30000
322 90000
fn=rustledger_parser::cst::format::compute_alignment
0 120018
161 80001
162 60000
183 20000
184 40000
322 150024
1394 90018
1395 40004
1396 10001
1398 120032
fl=/home/runner/.cargo/registry/src/index.crates.io-1949cf8c6b5b557f/rowan-0.16.1/src/green.rs
fn=rowan::green::node_cache::NodeCache::node
19 1778
fl=/home/runner/.cargo/registry/src/index.crates.io-1949cf8c6b5b557f/rowan-0.16.1/src/green/builder.rs
fn=rustledger_parser::cst::parser::emit_amount
0 20000
50 210000
66 140000
fn=rustledger_parser::cst::parser::emit_amount_operand
50 80000
fn=rustledger_parser::cst::parser::emit_through_terminator
50 320240
fn=rustledger_parser::cst::parser::emit_tokens
0 2
50 1
fn=rustledger_parser::cst::parser::parse_structured
0 220021
24 10
50 240000
66 90029
125 2
126 2
130 1
fl=/home/runner/.cargo/registry/src/index.crates.io-1949cf8c6b5b557f/rowan-0.16.1/src/green/element.rs
fn=<core::iter::adapters::map::Map<I,F> as core::iter::traits::iterator::Iterator>::next
0 400019
86 10008
fn=<core::iter::adapters::take_while::TakeWhile<I,P> as core::iter::traits::iterator::Iterator>::try_fold
0 10001
fn=<core::iter::adapters::take_while::TakeWhile<I,P> as core::iter::traits::iterator::Iterator>::try_fold::check::{{closure}}
0 160000
fn=rowan::green::node::GreenNode::new
84 554486
86 227235
fn=rustledger_parser::cst::ast::Amount::currency
0 140000
fn=rustledger_parser::cst::ast::Amount::is_arithmetic
0 140000
fn=rustledger_parser::cst::ast::Amount::sign
0 40000
fn=rustledger_parser::cst::ast::Posting::flag
0 160000
fn=rustledger_parser::cst::ast::Transaction::date
0 10001
fn=rustledger_parser::cst::ast::Transaction::flag
0 30001
fn=rustledger_parser::cst::ast::TransactionFlag::cast
0 30000
fn=rustledger_parser::cst::ast::nth_token
0 6
fn=rustledger_parser::cst::convert::convert_transaction
0 399989
86 20000
fn=rustledger_parser::cst::convert::parse_via_cst
0 160041
86 50020
fn=rustledger_parser::cst::convert::single_line_directive_span
0 12
86 4
fn=rustledger_parser::cst::format::compute_alignment
0 10008
fl=/home/runner/.cargo/registry/src/index.crates.io-1949cf8c6b5b557f/rowan-0.16.1/src/green/node.rs
fn=<core::iter::adapters::map::Map<I,F> as core::iter::traits::iterator::Iterator>::next
132 10008
fn=rowan::cursor::<impl rowan::utility_types::NodeOrToken<rowan::cursor::SyntaxNode,rowan::cursor::SyntaxToken>>::to_next_sibling_or_token
0 2940396
fn=rowan::cursor::NodeData::next_sibling_or_token
0 230061
fn=rowan::cursor::SyntaxNode::first_child_or_token
0 410047
fn=rowan::green::node::GreenNode::new
0 50008
132 50008
206 343469
230 196268
235 441603
fn=rowan::green::node_cache::node_hash
126 14332
fn=rustledger_parser::cst::convert::convert_transaction
0 10000
132 50000
fn=rustledger_parser::cst::convert::parse_via_cst
0 10008
132 20019
fn=rustledger_parser::cst::convert::single_line_directive_span
0 2
132 2
fl=/home/runner/.cargo/registry/src/index.crates.io-1949cf8c6b5b557f/rowan-0.16.1/src/green/node_cache.rs
fn=hashbrown::raw::RawTable<T,A>::reserve_rehash
125 14332
fn=rowan::green::node_cache::NodeCache::node
0 111091
70 400072
77 187210
81 100018
89 30000
90 100000
107 5334
131 500090
fn=rowan::green::node_cache::NodeCache::token
0 422455
133 2530671
141 230061
144 580528
152 39078
156 2300610
fn=rowan::green::node_cache::node_hash
0 100324
49 85992
53 85992
55 42996
60 100324
fn=rustledger_parser::cst::parser::parse_structured
36 2
fl=/home/runner/.cargo/registry/src/index.crates.io-1949cf8c6b5b557f/rowan-0.16.1/src/green/token.rs
fn=hashbrown::raw::RawTable<T,A>::reserve_rehash
93 57340
fn=rowan::green::node_cache::NodeCache::token
114 39078
fn=rowan::green::node_cache::node_hash
93 42996
fl=/home/runner/.cargo/registry/src/index.crates.io-1949cf8c6b5b557f/rowan-0.16.1/src/sll.rs
fn=rowan::cursor::free
0 3
fl=/home/runner/.cargo/registry/src/index.crates.io-1949cf8c6b5b557f/rowan-0.16.1/src/utility_types.rs
fn=<core::iter::adapters::map::Map<I,F> as core::iter::traits::iterator::Iterator>::next
26 40034
36 12
fn=<rowan::cursor::PreorderWithTokens as core::iter::traits::iterator::Iterator>::next
0 150027
7 660160
fn=<rowan::cursor::SyntaxElementChildren as core::iter::traits::iterator::Iterator>::next
7 1230160
fn=rowan::cursor::SyntaxNode::first_child
15 1640232
fn=rowan::cursor::SyntaxNode::next_sibling
0 70012
15 210036
fn=rowan::cursor::SyntaxNode::to_next_sibling
15 100046
fn=rustledger_parser::cst::ast::StringLit::text_decoded
36 40008
fn=rustledger_parser::cst::convert::convert_amount_to_incomplete
36 80000
fn=rustledger_parser::cst::convert::convert_transaction
36 40000
fn=rustledger_parser::cst::convert::parse_directive_date
36 20012
fn=rustledger_parser::cst::convert::parse_via_cst
7 20016
36 460134
fn=rustledger_parser::cst::format::amount_number_text
36 40000
fn=rustledger_parser::cst::format::compute_alignment
36 40000
fl=/home/runner/.cargo/registry/src/index.crates.io-1949cf8c6b5b557f/rust_decimal-1.42.1/src/arithmetic_impls.rs
fn=<rust_decimal::decimal::Decimal as core::ops::arith::AddAssign>::add_assign
0 40024
fn=rust_decimal::arithmetic_impls::<impl core::ops::arith::Mul for &rust_decimal::decimal::Decimal>::mul
229 140000
231 80000
234 160000
fn=rustledger_validate::validate_phase_inner
147 80000
fl=/home/runner/.cargo/registry/src/index.crates.io-1949cf8c6b5b557f/rust_decimal-1.42.1/src/decimal.rs
fn=<rust_decimal::decimal::Decimal as core::cmp::Ord>::cmp
0 10000
883 80000
2779 10000
fn=<rust_decimal::decimal::Decimal as core::ops::arith::AddAssign>::add_assign
0 231684
575 227124
2611 839916
2612 959904
2613 119988
2614 119988
2615 119988
2616 119988
2617 959904
fn=rust_decimal::arithmetic_impls::<impl core::ops::arith::Mul for &rust_decimal::decimal::Decimal>::mul
556 80000
846 140000
883 220000
1923 80000
fn=rust_decimal::str::handle_digit_64
550 40000
1923 20000
fn=rustledger_booking::calculate_residual
0 20000
883 60000
2058 40000
2061 60000
2062 40000
fn=rustledger_booking::interpolate::interpolate
846 80000
fn=rustledger_core::display_context::DisplayContext::update
846 40000
fn=rustledger_core::inventory::Inventory::add
883 80000
fn=rustledger_parser::cst::convert::convert_amount_to_incomplete
0 10000
963 50000
1186 10000
2591 50000
fn=rustledger_parser::cst::convert::parse_decimal_token
2091 60000
2092 40000
fn=rustledger_validate::validate_phase_inner
0 20000
430 80000
445 40000
448 20000
846 100000
883 100000
1171 30000
1363 10000
2753 20000
fl=/home/runner/.cargo/registry/src/index.crates.io-1949cf8c6b5b557f/rust_decimal-1.42.1/src/ops/add.rs
fn=<rust_decimal::decimal::Decimal as core::ops::arith::AddAssign>::add_assign
0 572
18 239976
19 99976
20 99976
23 839916
28 259988
36 199952
40 99976
41 54040
42 7720
44 7720
102 15440
110 99976
112 123684
113 656
122 40044
fl=/home/runner/.cargo/registry/src/index.crates.io-1949cf8c6b5b557f/rust_decimal-1.42.1/src/ops/cmp.rs
fn=<rust_decimal::decimal::Decimal as core::cmp::Ord>::cmp
8 20000
9 20000
fn=rust_decimal::ops::cmp::cmp_internal
45 10000
47 10000
48 10000
49 10000
50 10000
53 30000
67 10000
71 20000
fn=rustledger_validate::validate_phase_inner
0 60000
8 20000
17 20000
25 30000
fl=/home/runner/.cargo/registry/src/index.crates.io-1949cf8c6b5b557f/rust_decimal-1.42.1/src/ops/common.rs
fn=rustledger_validate::validate_phase_inner
196 120000
fl=/home/runner/.cargo/registry/src/index.crates.io-1949cf8c6b5b557f/rust_decimal-1.42.1/src/ops/mul.rs
fn=rust_decimal::arithmetic_impls::<impl core::ops::arith::Mul for &rust_decimal::decimal::Decimal>::mul
0 40000
7 120000
13 20000
14 60000
17 40000
18 20000
21 40000
46 20000
48 40000
fl=/home/runner/.cargo/registry/src/index.crates.io-1949cf8c6b5b557f/rust_decimal-1.42.1/src/str.rs
fn=rust_decimal::str::handle_digit_64
0 60000
264 40000
265 221088
266 40000
272 80000
279 281088
280 18070
283 73696
300 120000
459 80000
464 20000
fn=rust_decimal::str::handle_point
0 20000
214 20000
265 120000
303 20000
309 60000
fn=rustledger_parser::cst::convert::parse_decimal_token
0 20000
165 40000
185 100000
265 160000
fl=/home/runner/.cargo/registry/src/index.crates.io-1949cf8c6b5b557f/rustc-hash-1.1.0/src/lib.rs
fn=hashbrown::raw::RawTable<T,A>::reserve_rehash
0 217195
93 505753
97 114680
101 114680
105 143764
106 17999
fn=rowan::green::node_cache::NodeCache::node
118 10000
fn=rowan::green::node_cache::NodeCache::token
0 710192
93 1110403
97 460122
101 460122
105 518902
106 158244
118 230061
fn=rowan::green::node_cache::node_hash
93 85992
97 85992
101 85992
105 96343
106 32214
fl=/home/runner/.cargo/registry/src/index.crates.io-1949cf8c6b5b557f/rustc-hash-2.1.2/src/lib.rs
fn=hashbrown::map::HashMap<K,V,S,A>::contains_key
0 40030
252 20009
294 40012
296 40006
297 3
298 3
299 40000
302 40000
303 20000
304 60000
305 20000
306 20000
307 60000
322 6
329 3
333 20006
fn=hashbrown::map::HashMap<K,V,S,A>::get
0 209872
252 90154
294 120010
296 59712
297 29856
298 29856
322 60298
329 30149
333 60005
fn=hashbrown::map::HashMap<K,V,S,A>::get_key_value
0 189872
252 70062
294 120022
296 99920
297 29844
298 29844
299 40232
300 110
301 110
302 40012
303 20006
304 60018
305 20006
306 20006
307 60018
322 20102
329 10051
333 60011
fn=hashbrown::map::HashMap<K,V,S,A>::get_mut
0 69951
252 30049
294 60000
296 19902
297 9951
298 9951
322 20098
329 10049
333 20000
fn=hashbrown::map::HashMap<K,V,S,A>::insert
0 60015
252 10
294 40080
296 40058
297 19899
298 19899
299 260
300 111
301 111
302 38
303 19
304 57
305 19
306 19
307 57
322 20
329 10
fn=hashbrown::raw::RawTable<T,A>::reserve_rehash
0 133103
252 26907
294 80661
296 53744
297 52854
299 888
300 880
301 440
302 8
303 4
304 12
305 4
306 8
307 8
322 36
329 18
330 18
333 26889
fn=hashbrown::rustc_entry::<impl hashbrown::map::HashMap<K,V,S,A>>::rustc_entry
0 150049
252 70049
294 120000
296 99902
297 9951
299 80000
302 120000
303 40000
304 120000
305 40000
306 40000
307 120000
322 20098
329 10049
333 60000
fn=rustledger_booking::book::BookingEngine::method_for
0 20000
fn=rustledger_core::inventory::Inventory::add
0 79976
252 39988
294 79976
296 79976
299 79976
302 79976
303 39988
304 119964
305 39988
306 39988
307 119964
333 39988
fn=rustledger_validate::validate_phase_inner
0 10000
fl=/home/runner/.cargo/registry/src/index.crates.io-1949cf8c6b5b557f/text-size-1.1.1/src/range.rs
fn=<core::iter::adapters::map::Map<I,F> as core::iter::traits::iterator::Iterator>::next
48 40032
fn=rustledger_parser::cst::convert::convert_transaction
0 30000
48 90000
69 50000
fn=rustledger_parser::cst::convert::parse_via_cst
0 80031
48 90053
69 90037
fn=rustledger_parser::cst::convert::single_line_directive_span
0 2
48 10
69 2
fl=/home/runner/.cargo/registry/src/index.crates.io-1949cf8c6b5b557f/text-size-1.1.1/src/size.rs
fn=rowan::cursor::<impl rowan::utility_types::NodeOrToken<rowan::cursor::SyntaxNode,rowan::cursor::SyntaxToken>>::to_next_sibling_or_token
119 980132
fn=rowan::cursor::NodeData::next_sibling_or_token
119 230061
fn=rowan::cursor::SyntaxNode::first_child
0 150005
119 150005
fn=rowan::cursor::SyntaxNode::first_child_or_token
119 410047
fn=rowan::cursor::SyntaxNode::next_sibling
0 30012
119 30012
fn=rowan::cursor::SyntaxNode::to_next_sibling
119 50023
fn=rowan::green::node::GreenNode::new
87 49067
119 277243
151 277243
fn=rustledger_parser::cst::convert::parse_via_cst
119 10008
fl=/home/runner/.rustup/toolchains/stable-x86_64-unknown-linux-gnu/lib/rustlib/src/rust/library/alloc/src/alloc.rs
fn=alloc::raw_vec::RawVecInner<A>::finish_grow
101 30633
155 715
206 61266
fn=alloc::sync::Arc<T,A>::drop_slow
220 240064
fn=core::ptr::drop_in_place<(rustledger_core::identifiers::Account,rustledger_validate::AccountState)>
220 12
fn=core::ptr::drop_in_place<rustledger_core::display_context::DisplayContext>
220 3
fn=core::ptr::drop_in_place<rustledger_core::inventory::Inventory>
220 72
fn=core::ptr::drop_in_place<rustledger_loader::Loader>
220 4
fn=core::ptr::drop_in_place<rustledger_loader::options::Options>
220 3
fn=core::ptr::drop_in_place<rustledger_validate::LedgerState>
220 2
fn=core::ptr::drop_in_place<std::collections::hash::map::HashMap<rustledger_core::identifiers::Account,rustledger_core::inventory::Inventory,rustc_hash::FxBuildHasher>>
220 6
fn=hashbrown::raw::RawTable<T,A>::reserve_rehash
0 2
220 14
fn=hashbrown::raw::RawTableInner::fallible_with_capacity
0 30048
101 30045
206 90132
fn=jiff::tz::db::zoneinfo::inner::walk
220 16
fn=jiff::tz::tzif::Tzif<alloc::string::String,jiff::shared::util::array_str::ArrayStr<30_usize>,alloc::vec::Vec<jiff::shared::TzifLocalTimeType>,alloc::vec::Vec<i64>,alloc::vec::Vec<jiff::shared::TzifDateTime>,alloc::vec::Vec<jiff::shared::TzifDateTime>,alloc::vec::Vec<jiff::shared::TzifTransitionInfo>>::parse
155 15
fn=rayon::slice::sort::par_mergesort
0 2
101 6
fn=rustledger_booking::interpolate::interpolate
220 40000
fn=rustledger_loader::dedup::reintern_directives
220 3
fn=rustledger_loader::options::Options::set
101 6
fn=rustledger_loader::process::process
101 10
220 50000
fn=rustledger_parser::cst::ast::StringLit::text_decoded
101 80016
fn=rustledger_validate::validate_phase_inner
0 18
220 50000
fl=/home/runner/.rustup/toolchains/stable-x86_64-unknown-linux-gnu/lib/rustlib/src/rust/library/alloc/src/boxed.rs
fn=<crossbeam_epoch::collector::Collector as core::default::Default>::default
0 1
248 6
289 4
fn=<rayon_core::registry::DefaultSpawn as rayon_core::registry::ThreadSpawn>::spawn
0 12
248 24
289 52
fn=<rustledger_validate::ValidationOptions as core::default::Default>::default
248 4
fn=alloc::collections::btree::map::BTreeMap<K,V,A>::insert
581 2
fn=core::ptr::drop_in_place<rustledger_loader::Loader>
1929 2
fn=crossbeam_deque::deque::Worker<T>::new_fifo
0 4
248 24
289 20
fn=crossbeam_epoch::collector::Collector::register
0 4
248 16
289 12
fn=imbl::vector::GenericVector<A,P>::promote_front
0 24
248 24
289 48
fn=jiff::tz::db::TimeZoneDatabase::from_env
0 2
248 2
289 3
fn=jiff::tz::db::zoneinfo::inner::walk
0 1218
248 1216
289 7284
1929 628
fn=jiff::tz::timezone::TimeZone::tzif
0 2
248 2
289 3
fn=rayon_core::registry::Registry::new
0 1
248 28
289 27
fn=rowan::arc::Arc<T>::drop_slow
1929 117234
fn=rowan::cursor::NodeData::new
248 1660266
289 8301330
fn=rustledger_core::display_context::DisplayContext::update
581 2
fn=rustledger_parser::cst::parser::parse_structured
248 2
289 8
fn=rustledger_plugin::native::build_global_registry
0 3
248 14
289 17
fn=rustledger_plugin::native::plugins::auto_tag::AutoTagPlugin::new
248 2
fl=/home/runner/.rustup/toolchains/stable-x86_64-unknown-linux-gnu/lib/rustlib/src/rust/library/alloc/src/collections/btree/map.rs
fn=alloc::collections::btree::map::BTreeMap<K,V,A>::insert
0 5
1045 60
1051 36
1056 48
1485 18
fn=alloc::collections::btree::map::IntoIter<K,V,A>::dying_next
1911 56
1914 21
1916 1
1918 12
1919 24
1921 56
fn=core::ptr::drop_in_place<alloc::collections::btree::set::BTreeSet<rustledger_core::identifiers::Account>>
0 10
1865 2
1868 7
1899 46
fn=core::ptr::drop_in_place<rustledger_core::display_context::DisplayContext>
0 4
1865 2
1914 5
fn=rustledger_core::display_context::DisplayContext::update
1485 60000
fl=/home/runner/.rustup/toolchains/stable-x86_64-unknown-linux-gnu/lib/rustlib/src/rust/library/alloc/src/collections/btree/map/entry.rs
fn=alloc::collections::btree::map::BTreeMap<K,V,A>::insert
0 20
399 12
422 6
fn=rustledger_core::display_context::DisplayContext::update
422 2
fl=/home/runner/.rustup/toolchains/stable-x86_64-unknown-linux-gnu/lib/rustlib/src/rust/library/alloc/src/collections/btree/navigate.rs
fn=alloc::collections::btree::map::IntoIter<K,V,A>::dying_next
186 2
224 30
225 4
fn=core::ptr::drop_in_place<rustledger_core::display_context::DisplayContext>
224 4
fl=/home/runner/.rustup/toolchains/stable-x86_64-unknown-linux-gnu/lib/rustlib/src/rust/library/alloc/src/collections/btree/node.rs
fn=alloc::collections::btree::map::BTreeMap<K,V,A>::insert
0 27
290 10
396 5
641 15
671 1
731 15
935 5
940 10
962 5
1827 15
fn=alloc::collections::btree::map::IntoIter<K,V,A>::dying_next
0 7
290 6
338 1
731 14
812 18
896 12
fn=core::ptr::drop_in_place<rustledger_core::display_context::DisplayContext>
0 15
290 2
338 1
731 6
812 2
896 4
fn=rustledger_core::display_context::DisplayContext::update
0 1
396 39998
641 19999
671 1
731 2
935 1
940 1
962 3
1827 2
1828 2
fl=/home/runner/.rustup/toolchains/stable-x86_64-unknown-linux-gnu/lib/rustlib/src/rust/library/alloc/src/collections/btree/search.rs
fn=alloc::collections::btree::map::BTreeMap<K,V,A>::insert
0 15
225 15
226 60
fn=rustledger_core::display_context::DisplayContext::update
0 19999
225 59997
226 212178
fl=/home/runner/.rustup/toolchains/stable-x86_64-unknown-linux-gnu/lib/rustlib/src/rust/library/alloc/src/collections/btree/set.rs
fn=rustledger_validate::LedgerState::with_options
345 3
fn=rustledger_validate::validate_phase_inner
904 24
fl=/home/runner/.rustup/toolchains/stable-x86_64-unknown-linux-gnu/lib/rustlib/src/rust/library/alloc/src/ffi/c_str.rs
fn=jiff::tz::db::zoneinfo::inner::walk
706 1256
fl=/home/runner/.rustup/toolchains/stable-x86_64-unknown-linux-gnu/lib/rustlib/src/rust/library/alloc/src/raw_vec/mod.rs
fn=<alloc::vec::Vec<T,A> as core::clone::Clone>::clone
460 200000
fn=<rayon_core::registry::WorkerThread as core::convert::From<rayon_core::registry::ThreadBuilder>>::from
634 4
fn=<rustledger_core::directive::Transaction as core::clone::Clone>::clone
0 40000
460 140000
469 40000
fn=<rustledger_core::intern::InternedStr as core::convert::From<alloc::string::String>>::from
614 20000
634 40000
fn=<rustledger_loader::vfs::DiskFileSystem as rustledger_loader::vfs::FileSystem>::read
634 2
fn=<rustledger_validate::ValidationOptions as core::default::Default>::default
0 2
469 20
fn=alloc::raw_vec::RawVec<T,A>::grow_one
186 40496
189 40496
492 10124
522 10124
528 60744
776 10124
777 10124
fn=alloc::raw_vec::RawVecInner<A>::finish_grow
0 125388
543 282124
563 62696
564 62696
567 250772
634 62696
fn=alloc::raw_vec::RawVecInner<A>::reserve::do_reserve_and_handle
0 21224
159 84880
522 42448
528 84896
661 63672
671 84896
776 21224
777 21224
fn=core::ptr::drop_in_place<alloc::vec::Vec<(alloc::string::String,rustledger_core::directive::MetaValue,rustledger_core::span::Span)>>
634 2
fn=core::ptr::drop_in_place<alloc::vec::Vec<(rustledger_core::identifiers::Tag,rustledger_core::span::Span)>>
634 2
fn=core::ptr::drop_in_place<alloc::vec::Vec<(u64,rowan::utility_types::NodeOrToken<rowan::green::node::GreenNode,rowan::green::token::GreenToken>)>>
0 1
634 2
fn=core::ptr::drop_in_place<alloc::vec::Vec<rowan::api::SyntaxNode<rustledger_parser::cst::syntax_kind::BeancountLanguage>>>
634 2
fn=core::ptr::drop_in_place<alloc::vec::Vec<rustledger_core::identifiers::Tag>>
634 120012
fn=core::ptr::drop_in_place<alloc::vec::Vec<rustledger_core::span::Spanned<rustledger_core::identifiers::Account>>>
634 4
fn=core::ptr::drop_in_place<alloc::vec::Vec<rustledger_loader::process::LedgerError>>
634 2
fn=core::ptr::drop_in_place<alloc::vec::Vec<rustledger_parser::error::ParseError>>
634 2
fn=core::ptr::drop_in_place<core::iter::adapters::enumerate::Enumerate<core::iter::adapters::zip::Zip<alloc::vec::into_iter::IntoIter<crossbeam_deque::deque::Worker<rayon_core::job::JobRef>>,alloc::vec::into_iter::IntoIter<crossbeam_deque::deque::Stealer<rayon_core::job::JobRef>>>>>
634 4
fn=core::ptr::drop_in_place<rowan::green::builder::GreenNodeBuilder>
634 2
fn=core::ptr::drop_in_place<rustledger_booking::book::BookedTransaction>
634 40000
fn=core::ptr::drop_in_place<rustledger_core::directive::Posting>
634 80000
fn=core::ptr::drop_in_place<rustledger_core::directive::Transaction>
634 80000
fn=core::ptr::drop_in_place<rustledger_core::display_context::DisplayContext>
634 2
fn=core::ptr::drop_in_place<rustledger_core::span::Spanned<rustledger_core::directive::Directive>>
634 40000
fn=core::ptr::drop_in_place<rustledger_core::span::Spanned<rustledger_core::directive::Posting>>
634 160000
fn=core::ptr::drop_in_place<rustledger_loader::Loader>
634 4
fn=core::ptr::drop_in_place<rustledger_loader::options::Options>
634 37
fn=core::ptr::drop_in_place<rustledger_loader::process::Ledger>
634 4
fn=core::ptr::drop_in_place<rustledger_loader::source_map::SourceMap>
634 10
fn=core::ptr::drop_in_place<rustledger_validate::ValidationOptions>
634 43
fn=core::slice::sort::shared::pivot::median3_rec
614 219
fn=core::slice::sort::shared::smallsort::bidirectional_merge
614 1900
fn=core::slice::sort::shared::smallsort::sort4_stable
614 980
fn=core::slice::sort::stable::drift::sort
614 53
fn=core::slice::sort::stable::driftsort_main
0 7
460 4
469 8
fn=core::slice::sort::stable::quicksort::quicksort
614 4893
fn=crossbeam_deque::deque::Worker<T>::new_fifo
469 8
fn=jiff::shared::tzif::<impl jiff::shared::Tzif<alloc::string::String,jiff::shared::util::array_str::ArrayStr<30_usize>,alloc::vec::Vec<jiff::shared::TzifLocalTimeType>,alloc::vec::Vec<i64>,alloc::vec::Vec<jiff::shared::TzifDateTime>,alloc::vec::Vec<jiff::shared::TzifDateTime>,alloc::vec::Vec<jiff::shared::TzifTransitionInfo>>>::parse_time_zone_designations
0 1
460 2
469 2
634 2
fn=jiff::shared::tzif::<impl jiff::shared::TzifTransitions<alloc::vec::Vec<i64>,alloc::vec::Vec<jiff::shared::TzifDateTime>,alloc::vec::Vec<jiff::shared::TzifDateTime>,alloc::vec::Vec<jiff::shared::TzifTransitionInfo>>>::add_with_type_index
614 4
fn=jiff::tz::db::zoneinfo::inner::CachedTimeZone::new
614 3
634 2
fn=jiff::tz::db::zoneinfo::inner::ZoneInfoNamesInner::get
614 11
fn=jiff::tz::db::zoneinfo::inner::walk
0 22
460 1821
469 1214
614 1899
619 1765
634 1260
673 1765
675 7152
767 1765
fn=jiff::tz::system::sys::read
634 2
fn=jiff::tz::timezone::TimeZone::tzif
0 3
460 1
469 2
fn=jiff::tz::tzif::Tzif<alloc::string::String,jiff::shared::util::array_str::ArrayStr<30_usize>,alloc::vec::Vec<jiff::shared::TzifLocalTimeType>,alloc::vec::Vec<i64>,alloc::vec::Vec<jiff::shared::TzifDateTime>,alloc::vec::Vec<jiff::shared::TzifDateTime>,alloc::vec::Vec<jiff::shared::TzifTransitionInfo>>::parse
614 5
619 6
835 5
842 10
fn=profile_pipeline::main
634 9
fn=rayon::iter::plumbing::bridge_producer_consumer::helper
634 24
fn=rayon::slice::sort::par_mergesort
0 16
469 8
614 4
619 2
634 8
675 10
fn=rayon_core::registry::Registry::new
0 18
460 3
469 13
619 2
634 2
675 15
767 4
fn=rayon_core::registry::ThreadBuilder::run
614 8
fn=rowan::green::node_cache::NodeCache::node
614 50009
fn=rustledger_booking::book::BookingEngine::book
614 10000
fn=rustledger_booking::interpolate::interpolate
0 50000
469 20000
614 20000
634 60000
fn=rustledger_core::display_context::DisplayContext::update
0 99999
460 39999
469 40000
634 19999
fn=rustledger_loader::Loader::load
0 1
614 3
634 2
fn=rustledger_loader::Loader::load_recursive
0 10013
469 7
614 5
619 1
634 22
673 1
675 5
767 1
fn=rustledger_loader::options::Options::new
0 4
469 22
fn=rustledger_loader::options::Options::set
0 1
460 3
469 8
614 1
fn=rustledger_loader::process::ledger_errors_extend
634 6
fn=rustledger_loader::process::process
0 14
460 17
469 20
614 10023
619 1
634 20014
673 1
767 1
fn=rustledger_loader::process::run_plugins
614 4
634 4
fn=rustledger_loader::source_map::SourceMap::add_file
469 2
614 27
675 65
fn=rustledger_parser::cst::ast::StringLit::text_decoded
469 40008
fn=rustledger_parser::cst::convert::convert_transaction
614 4
fn=rustledger_parser::cst::convert::parse_via_cst
0 10010
469 14
614 60055
619 2
634 10
673 3
675 72
767 3
fn=rustledger_parser::cst::format::amount_number_text
614 40000
619 20000
634 40000
673 20000
675 100000
767 20000
fn=rustledger_parser::cst::format::canonical_number
469 40000
fn=rustledger_parser::cst::format::compute_alignment
634 40000
fn=rustledger_parser::cst::lossless_tokens::lossless_kind_tokens
0 30010
614 230095
634 3
fn=rustledger_parser::cst::parser::emit_amount
614 110000
fn=rustledger_parser::cst::parser::emit_amount_operand
614 20000
fn=rustledger_parser::cst::parser::emit_through_terminator
614 80060
fn=rustledger_parser::cst::parser::emit_tokens
0 1
614 1
634 20018
fn=rustledger_parser::cst::parser::parse_structured
614 140021
634 2
fn=rustledger_plugin::native::build_global_registry
469 4
fn=rustledger_plugin::native::plugins::auto_tag::AutoTagPlugin::new
0 1
469 16
fn=rustledger_validate::ValidationOptions::with_account_types
0 1
634 15
fn=rustledger_validate::ValidationOptions::with_document_dirs
634 2
fn=rustledger_validate::ValidationOptions::with_document_source_dirs
634 2
fn=rustledger_validate::validate_phase_inner
0 6
460 4
469 4
614 50018
fl=/home/runner/.rustup/toolchains/stable-x86_64-unknown-linux-gnu/lib/rustlib/src/rust/library/alloc/src/slice.rs
fn=<alloc::vec::Vec<T,A> as core::clone::Clone>::clone
440 500000
fn=<rustledger_core::directive::Transaction as core::clone::Clone>::clone
440 240000
fn=<rustledger_validate::ValidationOptions as core::default::Default>::default
0 10
fn=core::slice::sort::stable::drift::sort
252 179357
fn=jiff::tz::db::zoneinfo::inner::walk
0 607
fn=jiff::tz::timezone::TimeZone::tzif
0 1
fn=rustledger_core::display_context::DisplayContext::update
0 20000
fn=rustledger_loader::Loader::load_recursive
0 3
fn=rustledger_loader::options::Options::new
0 8
fn=rustledger_loader::options::Options::set
452 2
fn=rustledger_loader::process::process
0 5
fn=rustledger_parser::cst::ast::StringLit::text_decoded
0 20004
fn=rustledger_plugin::native::build_global_registry
0 2
fn=rustledger_plugin::native::plugins::auto_tag::AutoTagPlugin::new
0 7
fl=/home/runner/.rustup/toolchains/stable-x86_64-unknown-linux-gnu/lib/rustlib/src/rust/library/alloc/src/str.rs
fn=rustledger_loader::options::Options::set
0 2
211 6
fl=/home/runner/.rustup/toolchains/stable-x86_64-unknown-linux-gnu/lib/rustlib/src/rust/library/alloc/src/string.rs
fn=<rustledger_loader::vfs::DiskFileSystem as rustledger_loader::vfs::FileSystem>::read
0 1
561 5
fn=jiff::shared::tzif::<impl jiff::shared::Tzif<alloc::string::String,jiff::shared::util::array_str::ArrayStr<30_usize>,alloc::vec::Vec<jiff::shared::TzifLocalTimeType>,alloc::vec::Vec<i64>,alloc::vec::Vec<jiff::shared::TzifDateTime>,alloc::vec::Vec<jiff::shared::TzifDateTime>,alloc::vec::Vec<jiff::shared::TzifTransitionInfo>>>::parse_time_zone_designations
561 5
fn=jiff::tz::db::zoneinfo::inner::walk
438 1821
1424 579
fn=rustledger_loader::options::Options::set
0 2
1014 6
fn=rustledger_parser::cst::format::amount_number_text
438 60000
1881 20000
fn=rustledger_parser::cst::format::canonical_number
1014 60000
fl=/home/runner/.rustup/toolchains/stable-x86_64-unknown-linux-gnu/lib/rustlib/src/rust/library/alloc/src/sync.rs
fn=<core::iter::adapters::map::Map<I,F> as core::iter::traits::iterator::Iterator>::next
2275 12
fn=<crossbeam_epoch::collector::Collector as core::default::Default>::default
427 6
fn=<rayon_core::registry::DefaultSpawn as rayon_core::registry::ThreadSpawn>::spawn
0 4
315 4
427 16
2416 8
2819 8
fn=<rustledger_core::directive::Posting as core::clone::Clone>::clone
0 80000
2416 80000
fn=<rustledger_core::directive::Transaction as core::clone::Clone>::clone
0 20000
2416 40000
fn=<rustledger_core::identifiers::Tag as core::convert::From<&str>>::from
2275 12
fn=<rustledger_core::intern::InternedStr as core::convert::From<alloc::string::String>>::from
0 20000
2275 40000
fn=<rustledger_loader::vfs::DiskFileSystem as rustledger_loader::vfs::FileSystem>::read
0 1
2275 2
fn=alloc::collections::btree::map::BTreeMap<K,V,A>::insert
0 1
2433 15
fn=alloc::sync::Arc<T,A>::drop_slow
0 120032
2120 120092
2126 120044
3335 240088
3487 120044
fn=alloc::sync::Arc<T,A>::make_mut
0 40000
2500 400000
2511 40000
2514 120000
2558 320000
2702 80000
fn=core::hash::BuildHasher::hash_one
0 80000
2433 80000
fn=core::ptr::drop_in_place<(rustledger_core::identifiers::Account,rustledger_validate::AccountState)>
2819 12
fn=core::ptr::drop_in_place<alloc::collections::btree::set::BTreeSet<rustledger_core::identifiers::Account>>
2819 6
fn=core::ptr::drop_in_place<alloc::vec::Vec<rustledger_core::identifiers::Tag>>
2819 36
fn=core::ptr::drop_in_place<alloc::vec::Vec<rustledger_core::span::Spanned<rustledger_core::identifiers::Account>>>
2819 40022
2862 80024
fn=core::ptr::drop_in_place<rustledger_core::directive::Posting>
2819 20000
fn=core::ptr::drop_in_place<rustledger_core::directive::Transaction>
2819 40000
fn=core::ptr::drop_in_place<rustledger_core::inventory::Inventory>
0 6
2819 36
2862 6
fn=core::ptr::drop_in_place<rustledger_core::position::Position>
0 40000
2819 40000
fn=core::ptr::drop_in_place<rustledger_core::span::Spanned<rustledger_core::directive::Directive>>
2819 20006
2862 20000
fn=core::ptr::drop_in_place<rustledger_core::span::Spanned<rustledger_core::directive::Posting>>
2819 40000
2862 6
fn=core::ptr::drop_in_place<rustledger_loader::source_map::SourceMap>
2819 1
2862 2
fn=core::ptr::drop_in_place<std::collections::hash::map::HashMap<rustledger_core::identifiers::Account,rustledger_core::inventory::Inventory,rustc_hash::FxBuildHasher>>
0 2
2819 12
fn=crossbeam_deque::deque::Worker<T>::new_fifo
427 20
fn=crossbeam_epoch::collector::Collector::register
0 720
2416 4
fn=crossbeam_epoch::default::with_handle
2433 8
fn=hashbrown::map::HashMap<K,V,S,A>::contains_key
2433 20006
fn=hashbrown::map::HashMap<K,V,S,A>::get
2433 60005
fn=hashbrown::map::HashMap<K,V,S,A>::get_key_value
0 40762
2433 40762
fn=hashbrown::map::HashMap<K,V,S,A>::get_mut
2433 20000
fn=hashbrown::map::HashMap<K,V,S,A>::insert
2433 20794
fn=hashbrown::raw::RawTable<T,A>::reserve_rehash
2433 26889
fn=hashbrown::rustc_entry::<impl hashbrown::map::HashMap<K,V,S,A>>::rustc_entry
2433 60000
2819 99982
fn=imbl::vector::GenericVector<A,P>::promote_front
427 72
fn=jiff::tz::db::TimeZoneDatabase::from_env
427 5
fn=jiff::tz::db::TimeZoneDatabase::get
0 1
2416 1
2819 1
fn=jiff::tz::db::zoneinfo::inner::CachedTimeZone::new
2416 1
fn=jiff::tz::db::zoneinfo::inner::ZoneInfoNamesInner::get
0 3
2416 1
fn=jiff::tz::db::zoneinfo::inner::walk
427 5463
2819 649
2862 42
fn=jiff::tz::system::get
2416 1
fn=jiff::tz::timezone::TimeZone::tzif
427 5
fn=rayon_core::registry::Registry::new
0 1
315 1
427 41
2416 8
fn=rustledger_booking::book::BookingEngine::apply
2416 40000
fn=rustledger_booking::calculate_residual
2416 20000
fn=rustledger_booking::interpolate::interpolate
0 80000
2416 40000
2819 10000
fn=rustledger_core::intern::StringInterner::intern_with_status
0 20007
1653 40014
2275 40014
2416 60012
fn=rustledger_core::inventory::Inventory::add
0 40000
2416 40012
2420 80024
2433 39988
fn=rustledger_loader::Loader::load
2433 20000
fn=rustledger_loader::Loader::load_recursive
0 3
2416 1
2420 5
2433 1
2819 1
fn=rustledger_loader::dedup::reintern_directives
0 50012
2433 60012
2819 80019
2862 100018
fn=rustledger_loader::process::process
0 3
2105 1
2819 10001
fn=rustledger_loader::source_map::SourceMap::add_file
2433 1
fn=rustledger_parser::cst::convert::convert_amount_to_incomplete
0 20000
2275 40000
fn=rustledger_parser::cst::convert::convert_transaction
0 20000
2275 40000
fn=rustledger_parser::cst::convert::parse_via_cst
0 120036
2275 80024
fn=rustledger_validate::validate_phase_inner
0 12
2416 40030
2819 20000
fl=/home/runner/.rustup/toolchains/stable-x86_64-unknown-linux-gnu/lib/rustlib/src/rust/library/alloc/src/vec/drain.rs
fn=core::ptr::drop_in_place<alloc::vec::drain::Drain<(u64,rowan::utility_types::NodeOrToken<rowan::green::node::GreenNode,rowan::green::token::GreenToken>)>>
0 1884
180 150027
218 250045
fl=/home/runner/.rustup/toolchains/stable-x86_64-unknown-linux-gnu/lib/rustlib/src/rust/library/alloc/src/vec/into_iter.rs
fn=core::ptr::drop_in_place<core::iter::adapters::enumerate::Enumerate<core::iter::adapters::zip::Zip<alloc::vec::into_iter::IntoIter<crossbeam_deque::deque::Worker<rayon_core::job::JobRef>>,alloc::vec::into_iter::IntoIter<crossbeam_deque::deque::Stealer<rayon_core::job::JobRef>>>>>
203 2
556 4
fn=profile_pipeline::main
203 1
262 1
266 1
291 1
fn=rayon::slice::sort::par_mergesort
262 14
fn=rayon_core::registry::Registry::new
0 26
262 12
266 4
361 9
fn=rustledger_booking::interpolate::interpolate
262 10000
395 10000
fn=rustledger_loader::Loader::load_recursive
0 4
262 4
361 10007
fn=rustledger_loader::process::ledger_errors_extend
262 3
266 3
fn=rustledger_loader::process::process
0 7
262 10007
266 1
fn=rustledger_parser::cst::lossless_tokens::lossless_kind_tokens
0 6
262 230062
fn=rustledger_parser::cst::parser::emit_tokens
0 8
262 10010
fn=rustledger_validate::validate_phase_inner
0 20012
262 20012
fl=/home/runner/.rustup/toolchains/stable-x86_64-unknown-linux-gnu/lib/rustlib/src/rust/library/alloc/src/vec/mod.rs
fn=<alloc::vec::Vec<T,A> as core::clone::Clone>::clone
977 200000
2194 200000
3773 900000
3776 800000
fn=<rustledger_core::directive::Transaction as core::clone::Clone>::clone
0 80000
977 60000
fn=<rustledger_core::intern::InternedStr as core::convert::From<alloc::string::String>>::from
1840 20000
fn=<rustledger_validate::ValidationOptions as core::default::Default>::default
464 12
fn=core::slice::sort::shared::pivot::median3_rec
1840 219
fn=core::slice::sort::shared::smallsort::bidirectional_merge
1840 1900
fn=core::slice::sort::shared::smallsort::sort4_stable
0 98
1840 980
fn=core::slice::sort::stable::drift::sort
0 17
1840 20052
fn=core::slice::sort::stable::quicksort::quicksort
1840 4658
fn=jiff::shared::tzif::<impl jiff::shared::Tzif<alloc::string::String,jiff::shared::util::array_str::ArrayStr<30_usize>,alloc::vec::Vec<jiff::shared::TzifLocalTimeType>,alloc::vec::Vec<i64>,alloc::vec::Vec<jiff::shared::TzifDateTime>,alloc::vec::Vec<jiff::shared::TzifDateTime>,alloc::vec::Vec<jiff::shared::TzifTransitionInfo>>>::parse_time_zone_designations
1876 1
fn=jiff::shared::tzif::<impl jiff::shared::TzifTransitions<alloc::vec::Vec<i64>,alloc::vec::Vec<jiff::shared::TzifDateTime>,alloc::vec::Vec<jiff::shared::TzifDateTime>,alloc::vec::Vec<jiff::shared::TzifTransitionInfo>>>::add_with_type_index
0 4
1037 4
1040 8
1041 25
1046 8
fn=jiff::tz::db::TimeZoneDatabase::get
0 2
2194 1
2313 2
2318 2
2319 1
2327 3
2336 1
3023 1
fn=jiff::tz::db::zoneinfo::inner::CachedTimeZone::new
0 1
464 4
1840 3
fn=jiff::tz::db::zoneinfo::inner::ZoneInfoNamesInner::get
0 21
1840 12
fn=jiff::tz::db::zoneinfo::inner::walk
0 610
464 3
1037 627
1040 1254
1041 24
1046 1254
1204 2
2194 579
2817 64
2821 42
2907 1245
2912 3558
3023 1258
fn=jiff::tz::tzif::Tzif<alloc::string::String,jiff::shared::util::array_str::ArrayStr<30_usize>,alloc::vec::Vec<jiff::shared::TzifLocalTimeType>,alloc::vec::Vec<i64>,alloc::vec::Vec<jiff::shared::TzifDateTime>,alloc::vec::Vec<jiff::shared::TzifDateTime>,alloc::vec::Vec<jiff::shared::TzifTransitionInfo>>::parse
0 3
1004 10
1037 1
1040 2
1041 3
1046 2
1608 18
1840 1
1876 2
3023 1
fn=profile_pipeline::main
0 1
3023 4
fn=rayon::iter::plumbing::bridge_producer_consumer::helper
464 48
3023 4
fn=rayon::slice::sort::par_mergesort
0 10
464 6
977 16
1040 4
1046 4
3023 4
fn=rayon_core::registry::Registry::new
0 8
1471 2
2194 4
3978 16
fn=rayon_core::registry::ThreadBuilder::run
1840 8
fn=rayon_core::registry::WorkerThread::find_work
1840 39
fn=rowan::green::node_cache::NodeCache::node
0 10000
1840 50009
2194 50009
2969 7536
fn=rustledger_booking::book::BookingEngine::apply
1840 10000
fn=rustledger_booking::book::BookingEngine::book
1840 10000
fn=rustledger_booking::calculate_residual
3023 10000
fn=rustledger_booking::interpolate::interpolate
464 30000
977 30000
1840 10000
3023 20000
fn=rustledger_loader::Loader::load
464 10
1840 10003
1876 1
fn=rustledger_loader::Loader::load_recursive
0 4
1037 1
1040 2
1041 2
1046 3
1471 1
1840 1
2817 3
2821 2
3023 1
fn=rustledger_loader::dedup::reintern_directives
1876 30006
fn=rustledger_loader::options::Options::new
464 6
fn=rustledger_loader::options::Options::set
0 2
1037 1
1040 2
1041 1
1046 2
fn=rustledger_loader::process::process
0 20016
464 6
977 11
1037 10006
1040 20012
1046 20012
1840 16
1876 10006
2907 2
2912 2
3023 2
3929 4
fn=rustledger_loader::process::run_plugins
0 2
464 6
1840 6
3023 1
fn=rustledger_loader::source_map::SourceMap::add_file
1037 1
1040 2
1041 2
1046 2
2194 30009
3023 2
3997 60018
4006 30009
fn=rustledger_parser::cst::convert::convert_transaction
0 30008
464 120000
1037 20000
1040 40000
1041 20000
1046 60000
1876 4
3004 4
3023 20000
fn=rustledger_parser::cst::convert::parse_via_cst
0 70047
464 45
1037 60026
1040 120052
1041 123
1046 130058
1471 1
1840 10009
1876 4
2194 10007
2907 6
2912 6
3023 10008
3929 12
3995 70084
3997 20014
4006 20014
4009 2
fn=rustledger_parser::cst::format::amount_number_text
1840 20000
2194 10000
2907 30000
3023 20000
fn=rustledger_parser::cst::lossless_tokens::lossless_kind_tokens
0 1320383
464 7
1040 920244
1041 51
1046 1550409
fn=rustledger_parser::cst::parser::emit_amount
0 80009
1037 90000
1040 180000
1041 18
1046 180000
2817 60000
2821 40000
3023 20000
fn=rustledger_parser::cst::parser::emit_amount_operand
1037 20000
1040 40000
1046 40000
fn=rustledger_parser::cst::parser::emit_through_terminator
1037 80060
1040 160120
1041 8
1046 160120
fn=rustledger_parser::cst::parser::emit_tokens
1037 1
1040 2
1046 2
fn=rustledger_parser::cst::parser::parse_structured
0 80026
464 3
1037 140018
1040 310036
1041 4
1046 300045
2817 90027
2821 60019
3023 30010
fn=rustledger_plugin::native::build_global_registry
1204 3
fn=rustledger_validate::ValidationSession<rustledger_validate::phase::LateDone>::finalize
0 1
464 3
fn=rustledger_validate::validate_phase_inner
0 70030
464 6
1840 10006
1876 20012
3023 50024
fl=/home/runner/.rustup/toolchains/stable-x86_64-unknown-linux-gnu/lib/rustlib/src/rust/library/alloc/src/vec/set_len_on_drop.rs
fn=rayon_core::registry::Registry::new
19 2
fn=rustledger_loader::Loader::load_recursive
0 1
14 1
19 10006
31 1
fn=rustledger_loader::process::process
19 3
fn=rustledger_validate::validate_phase_inner
19 4
fl=/home/runner/.rustup/toolchains/stable-x86_64-unknown-linux-gnu/lib/rustlib/src/rust/library/alloc/src/vec/spec_from_iter_nested.rs
fn=rayon_core::registry::Registry::new
61 3
fn=rustledger_loader::process::process
0 4
61 16
fn=rustledger_loader::source_map::SourceMap::add_file
0 3
36 3
41 11
42 1
fn=rustledger_parser::cst::convert::convert_transaction
24 200000
fn=rustledger_parser::cst::convert::parse_via_cst
0 10033
24 33
26 13
36 27
41 55
42 31
fl=/home/runner/.rustup/toolchains/stable-x86_64-unknown-linux-gnu/lib/rustlib/src/rust/library/core/src/../../portable-simd/crates/core_simd/src/masks.rs
fn=<char as core::str::pattern::Pattern>::is_contained_in
314 20108
481 20108
fl=/home/runner/.rustup/toolchains/stable-x86_64-unknown-linux-gnu/lib/rustlib/src/rust/library/core/src/../../portable-simd/crates/core_simd/src/simd/cmp/eq.rs
fn=<char as core::str::pattern::Pattern>::is_contained_in
31 40216
fl=/home/runner/.rustup/toolchains/stable-x86_64-unknown-linux-gnu/lib/rustlib/src/rust/library/core/src/../../stdarch/crates/core_arch/src/x86/sse2.rs
fn=core::ptr::drop_in_place<(rustledger_core::identifiers::Account,rustledger_validate::AccountState)>
1320 6
fn=core::ptr::drop_in_place<rowan::green::builder::GreenNodeBuilder>
1320 5120
fn=core::ptr::drop_in_place<rustledger_core::display_context::DisplayContext>
1320 1
fn=core::ptr::drop_in_place<rustledger_core::inventory::Inventory>
1320 24
fn=core::ptr::drop_in_place<rustledger_loader::Loader>
1320 1
fn=core::ptr::drop_in_place<rustledger_loader::options::Options>
1320 1
fn=core::ptr::drop_in_place<rustledger_validate::LedgerState>
1320 1
fn=core::ptr::drop_in_place<std::collections::hash::map::HashMap<rustledger_core::identifiers::Account,rustledger_core::inventory::Inventory,rustc_hash::FxBuildHasher>>
1320 2
fn=hashbrown::map::HashMap<K,V,S,A>::contains_key
1615 60018
fn=hashbrown::map::HashMap<K,V,S,A>::get
1615 180025
fn=hashbrown::map::HashMap<K,V,S,A>::get_key_value
1615 233420
fn=hashbrown::map::HashMap<K,V,S,A>::get_mut
1615 60000
fn=hashbrown::map::HashMap<K,V,S,A>::insert
1615 130922
fn=hashbrown::raw::RawTable<T,A>::reserve_rehash
1320 7045
1615 98597
fn=hashbrown::rustc_entry::<impl hashbrown::map::HashMap<K,V,S,A>>::rustc_entry
1615 500036
fn=rowan::green::node_cache::NodeCache::node
1320 3
1615 63222
fn=rowan::green::node_cache::NodeCache::token
1320 1
1615 724891
fn=rustledger_booking::book::BookingEngine::apply
1615 6
fn=rustledger_booking::calculate_residual
1615 10000
fn=rustledger_booking::interpolate::interpolate
1320 40000
1615 40000
fn=rustledger_core::display_context::DisplayContext::update
1615 60003
fn=rustledger_core::inventory::Inventory::add
1615 119976
fn=rustledger_loader::Loader::load
1320 1
fn=rustledger_loader::Loader::load_recursive
0 1
914 1
1615 7
fn=rustledger_loader::dedup::reintern_directives
1320 2048
fn=rustledger_loader::process::process
1320 10000
1615 5
fn=rustledger_validate::validate_phase_inner
1320 40000
1615 10000
fl=/home/runner/.rustup/toolchains/stable-x86_64-unknown-linux-gnu/lib/rustlib/src/rust/library/core/src/alloc/layout.rs
fn=rowan::green::node::GreenNode::new
75 49067
fn=rowan::green::node_cache::NodeCache::token
75 39078
fl=/home/runner/.rustup/toolchains/stable-x86_64-unknown-linux-gnu/lib/rustlib/src/rust/library/core/src/array/equality.rs
fn=jiff::tz::tzif::Tzif<alloc::string::String,jiff::shared::util::array_str::ArrayStr<30_usize>,alloc::vec::Vec<jiff::shared::TzifLocalTimeType>,alloc::vec::Vec<i64>,alloc::vec::Vec<jiff::shared::TzifDateTime>,alloc::vec::Vec<jiff::shared::TzifDateTime>,alloc::vec::Vec<jiff::shared::TzifTransitionInfo>>::parse
157 2
fl=/home/runner/.rustup/toolchains/stable-x86_64-unknown-linux-gnu/lib/rustlib/src/rust/library/core/src/bool.rs
fn=<core::iter::adapters::map::Map<I,F> as core::iter::traits::iterator::Iterator>::next
37 54
fn=rustledger_parser::cst::ast::Posting::cost_spec
37 20000
fn=rustledger_parser::cst::ast::Posting::price_annotation
37 20000
fn=rustledger_parser::cst::ast::first_child
0 20000
37 20000
fn=rustledger_parser::cst::convert::convert_amount_to_incomplete
37 20000
fn=rustledger_parser::cst::convert::convert_meta_entries
37 40000
fn=rustledger_parser::cst::convert::convert_transaction
0 20000
37 60000
fn=rustledger_parser::cst::convert::parse_via_cst
0 8
37 17
fn=rustledger_parser::cst::format::amount_number_text
0 20000
37 100000
fn=rustledger_parser::cst::format::compute_alignment
0 20000
37 40000
fl=/home/runner/.rustup/toolchains/stable-x86_64-unknown-linux-gnu/lib/rustlib/src/rust/library/core/src/cell.rs
fn=<core::iter::adapters::map::Map<I,F> as core::iter::traits::iterator::Iterator>::next
555 20016
fn=<rowan::cursor::Preorder as core::iter::traits::iterator::Iterator>::next
555 50009
fn=<rowan::cursor::PreorderWithTokens as core::iter::traits::iterator::Iterator>::next
555 240070
fn=<rowan::cursor::SyntaxElementChildren as core::iter::traits::iterator::Iterator>::next
555 1230160
fn=crossbeam_epoch::default::with_handle
555 324
fn=crossbeam_epoch::sync::once_lock::OnceLock<T>::initialize
2447 2
fn=jiff::shared::posix::Parser::parse_abbreviation
555 1
fn=jiff::shared::posix::Parser::parse_posix_offset
555 2
fn=jiff::tz::db::TimeZoneDatabase::get
2447 2
fn=rayon_core::join::join_context::{{closure}}
555 20
fn=rayon_core::registry::WorkerThread::find_work
555 39
fn=rayon_core::registry::WorkerThread::take_local_job
555 20
fn=rowan::cursor::<impl rowan::utility_types::NodeOrToken<rowan::cursor::SyntaxNode,rowan::cursor::SyntaxToken>>::to_next_sibling_or_token
555 3150432
fn=rowan::cursor::NodeData::next_sibling_or_token
555 830201
fn=rowan::cursor::SyntaxNode::first_child
555 320024
fn=rowan::cursor::SyntaxNode::first_child_or_token
555 820094
fn=rowan::cursor::SyntaxNode::next_sibling
555 110026
fn=rowan::cursor::SyntaxNode::to_next_sibling
555 390078
fn=rustledger_booking::calculate_residual
555 20000
fn=rustledger_booking::interpolate::interpolate
0 10000
555 40000
fn=rustledger_loader::Loader::load
555 2
fn=rustledger_loader::process::load
0 1
fn=rustledger_parser::cst::ast::Amount::currency
555 20000
fn=rustledger_parser::cst::ast::Amount::is_arithmetic
555 40000
fn=rustledger_parser::cst::ast::Amount::sign
555 40000
fn=rustledger_parser::cst::ast::Posting::cost_spec
555 40000
fn=rustledger_parser::cst::ast::Posting::flag
555 40000
fn=rustledger_parser::cst::ast::Posting::price_annotation
555 40000
fn=rustledger_parser::cst::ast::Transaction::date
555 10000
fn=rustledger_parser::cst::ast::Transaction::flag
555 10000
fn=rustledger_parser::cst::ast::first_child
555 40000
fn=rustledger_parser::cst::ast::first_token
555 80020
fn=rustledger_parser::cst::ast::nth_token
555 2
fn=rustledger_parser::cst::convert::convert_meta_entries
555 70006
fn=rustledger_parser::cst::convert::convert_transaction
555 140000
fn=rustledger_parser::cst::convert::parse_via_cst
0 20000
555 330071
fn=rustledger_parser::cst::convert::single_line_directive_span
555 2
fn=rustledger_parser::cst::format::compute_alignment
0 10000
555 40009
fn=rustledger_validate::validate_phase_inner
555 20000
fn=std::sys::thread_local::native::lazy::Storage<T,D>::get_or_init_slow
555 8
fl=/home/runner/.rustup/toolchains/stable-x86_64-unknown-linux-gnu/lib/rustlib/src/rust/library/core/src/char/methods.rs
fn=jiff::tz::db::zoneinfo::inner::walk
2114 579
fn=rustledger_parser::cst::convert::parse_date_token
423 100060
fn=rustledger_parser::cst::format::amount_number_text
2114 10000
fn=rustledger_validate::validate_phase_inner
962 42
1751 858
fl=/home/runner/.rustup/toolchains/stable-x86_64-unknown-linux-gnu/lib/rustlib/src/rust/library/core/src/cmp.rs
fn=<core::hash::sip::Hasher<S> as core::hash::Hasher>::write
1076 300000
fn=<rowan::cursor::PreorderWithTokens as core::iter::traits::iterator::Iterator>::next
2122 280071
fn=<std::hash::random::DefaultHasher as core::hash::Hasher>::write
1076 45
fn=alloc::collections::btree::map::BTreeMap<K,V,A>::insert
2010 60
fn=alloc::raw_vec::RawVec<T,A>::grow_one
1037 30372
fn=alloc::raw_vec::RawVecInner<A>::reserve::do_reserve_and_handle
1037 84900
fn=core::hash::BuildHasher::hash_one
1915 168
fn=core::slice::sort::shared::smallsort::bidirectional_merge
1915 950
fn=core::slice::sort::stable::drift::sort
0 658
1076 25
1520 50055
1915 20026
1930 20
1999 404830
fn=core::slice::sort::stable::driftsort_main
1037 20
1076 12
fn=core::slice::sort::stable::quicksort::quicksort
1915 638
fn=core::str::pattern::TwoWaySearcher::next_back
1915 18
fn=hashbrown::raw::RawTable<T,A>::reserve_rehash
1037 144
fn=jiff::shared::tzif::<impl jiff::shared::Tzif<alloc::string::String,jiff::shared::util::array_str::ArrayStr<30_usize>,alloc::vec::Vec<jiff::shared::TzifLocalTimeType>,alloc::vec::Vec<i64>,alloc::vec::Vec<jiff::shared::TzifDateTime>,alloc::vec::Vec<jiff::shared::TzifDateTime>,alloc::vec::Vec<jiff::shared::TzifTransitionInfo>>>::parse_footer
1076 3
fn=jiff::tz::db::zoneinfo::inner::ZoneInfoNamesInner::get
397 9
fn=jiff::tz::tzif::Tzif<alloc::string::String,jiff::shared::util::array_str::ArrayStr<30_usize>,alloc::vec::Vec<jiff::shared::TzifLocalTimeType>,alloc::vec::Vec<i64>,alloc::vec::Vec<jiff::shared::TzifDateTime>,alloc::vec::Vec<jiff::shared::TzifDateTime>,alloc::vec::Vec<jiff::shared::TzifTransitionInfo>>::parse
1915 1
fn=profile_pipeline::main
1076 3
fn=rayon::iter::plumbing::bridge_producer_consumer::helper
0 72
397 20000
1037 8
1076 68
fn=rayon::slice::sort::par_mergesort
0 30
397 20
656 40
2010 104
fn=rayon_core::registry::Registry::new
0 5
1076 3
1915 16
fn=rayon_core::registry::WorkerThread::find_work
1915 234
fn=rayon_core::registry::WorkerThread::wait_until_cold
1076 6
fn=rowan::green::node::GreenNode::new
1915 277243
fn=rowan::green::node_cache::NodeCache::token
1915 1138398
fn=rust_decimal::ops::cmp::cmp_internal
2010 70000
fn=rustledger_booking::calculate_residual
0 10000
1076 30000
fn=rustledger_booking::interpolate::interpolate
1037 20000
1076 40000
fn=rustledger_core::display_context::DisplayContext::update
2010 114135
fn=rustledger_loader::process::process
1915 2
fn=rustledger_parser::cst::format::compute_alignment
0 40000
1037 80000
fn=rustledger_parser::cst::parser::parse_structured
1915 40000
fn=rustledger_validate::validate_phase_inner
0 10000
397 10000
481 60446
1076 30000
1410 9677
fn=rustledger_validate::validate_phase_inner::{{closure}}
0 20000
656 80000
2010 217862
2053 10
fl=/home/runner/.rustup/toolchains/stable-x86_64-unknown-linux-gnu/lib/rustlib/src/rust/library/core/src/convert/mod.rs
fn=jiff::tz::tzif::Tzif<alloc::string::String,jiff::shared::util::array_str::ArrayStr<30_usize>,alloc::vec::Vec<jiff::shared::TzifLocalTimeType>,alloc::vec::Vec<i64>,alloc::vec::Vec<jiff::shared::TzifDateTime>,alloc::vec::Vec<jiff::shared::TzifDateTime>,alloc::vec::Vec<jiff::shared::TzifTransitionInfo>>::parse
0 1
789 2
fn=rustledger_parser::cst::convert::parse_via_cst
778 6
fl=/home/runner/.rustup/toolchains/stable-x86_64-unknown-linux-gnu/lib/rustlib/src/rust/library/core/src/convert/num.rs
fn=<core::iter::adapters::map::Map<I,F> as core::iter::traits::iterator::Iterator>::next
295 30024
fn=jiff::shared::posix::Parser::parse_posix_offset
82 2
fn=jiff::shared::tzif::<impl jiff::shared::Tzif<alloc::string::String,jiff::shared::util::array_str::ArrayStr<30_usize>,alloc::vec::Vec<jiff::shared::TzifLocalTimeType>,alloc::vec::Vec<i64>,alloc::vec::Vec<jiff::shared::TzifDateTime>,alloc::vec::Vec<jiff::shared::TzifDateTime>,alloc::vec::Vec<jiff::shared::TzifTransitionInfo>>>::parse_time_zone_designations
0 1
295 2
fn=jiff::tz::tzif::Tzif<alloc::string::String,jiff::shared::util::array_str::ArrayStr<30_usize>,alloc::vec::Vec<jiff::shared::TzifLocalTimeType>,alloc::vec::Vec<i64>,alloc::vec::Vec<jiff::shared::TzifDateTime>,alloc::vec::Vec<jiff::shared::TzifDateTime>,alloc::vec::Vec<jiff::shared::TzifTransitionInfo>>::parse
82 7
fn=jiff::util::fs::last_modified_from_file
0 1
295 2
fn=rowan::green::node::GreenNode::new
0 454470
295 681705
fn=rowan::green::node_cache::NodeCache::node
61 9058
fn=rowan::green::node_cache::NodeCache::token
61 39078
fn=rustledger_core::naive_date
320 90054
fn=rustledger_loader::process::process
0 1
295 2
fn=rustledger_parser::cst::convert::convert_transaction
295 60000
fn=rustledger_parser::cst::convert::parse_via_cst
295 150060
fn=rustledger_parser::cst::convert::single_line_directive_span
295 12
fl=/home/runner/.rustup/toolchains/stable-x86_64-unknown-linux-gnu/lib/rustlib/src/rust/library/core/src/hash/mod.rs
fn=core::hash::BuildHasher::hash_one
363 500000
393 6
694 300030
702 300024
fn=hashbrown::map::HashMap<K,V,S,A>::insert
943 4
fl=/home/runner/.rustup/toolchains/stable-x86_64-unknown-linux-gnu/lib/rustlib/src/rust/library/core/src/hash/sip.rs
fn=<core::hash::sip::Hasher<S> as core::hash::Hasher>::write
0 1000000
126 400000
132 800000
134 300000
135 100000
137 400000
139 1100000
256 200000
258 200000
262 600000
263 100000
265 400000
266 200000
267 100000
278 100000
279 200000
282 200000
298 100000
300 400000
fn=<rayon_core::registry::WorkerThread as core::convert::From<rayon_core::registry::ThreadBuilder>>::from
78 28
79 36
288 8
290 4
316 8
318 4
320 4
323 12
fn=<std::hash::random::DefaultHasher as core::hash::Hasher>::write
0 183
76 12
78 54
79 54
92 12
126 66
132 150
134 36
135 12
137 66
258 21
262 63
263 15
265 60
266 30
267 3
270 12
272 24
278 18
279 36
282 54
288 9
290 9
292 9
298 18
fn=core::hash::BuildHasher::hash_one
0 500015
78 700021
79 700021
203 100003
204 100003
205 100003
206 100003
306 320000
312 100003
314 300009
316 100003
318 100003
320 100003
323 300009
fl=/home/runner/.rustup/toolchains/stable-x86_64-unknown-linux-gnu/lib/rustlib/src/rust/library/core/src/hint.rs
fn=core::slice::sort::shared::smallsort::sort4_stable
876 294
fn=jiff::tz::db::zoneinfo::inner::ZoneInfoNamesInner::get
876 20
fl=/home/runner/.rustup/toolchains/stable-x86_64-unknown-linux-gnu/lib/rustlib/src/rust/library/core/src/intrinsics/mod.rs
fn=<core::iter::adapters::map::Map<I,F> as core::iter::traits::iterator::Iterator>::next
0 20016
457 30024
fn=<rayon_core::registry::WorkerThread as core::convert::From<rayon_core::registry::ThreadBuilder>>::from
2030 116
fn=<rowan::cursor::Preorder as core::iter::traits::iterator::Iterator>::next
457 50009
fn=<rowan::cursor::PreorderWithTokens as core::iter::traits::iterator::Iterator>::next
457 240070
fn=<rowan::cursor::SyntaxElementChildren as core::iter::traits::iterator::Iterator>::next
457 1230160
fn=<rust_decimal::decimal::Decimal as core::ops::arith::AddAssign>::add_assign
457 7720
fn=<std::hash::random::DefaultHasher as core::hash::Hasher>::write
2030 126
fn=alloc::raw_vec::RawVecInner<A>::finish_grow
0 31344
457 94044
fn=alloc::raw_vec::RawVecInner<A>::reserve::do_reserve_and_handle
0 63668
457 21224
fn=core::hash::BuildHasher::hash_one
0 3
2030 2400072
2052 48
fn=core::slice::sort::stable::driftsort_main
457 8
fn=crossbeam_epoch::default::with_handle
457 162
fn=hashbrown::map::HashMap<K,V,S,A>::contains_key
2030 20006
fn=hashbrown::map::HashMap<K,V,S,A>::get
434 10
2030 60005
fn=hashbrown::map::HashMap<K,V,S,A>::get_key_value
434 86124
2030 60011
fn=hashbrown::map::HashMap<K,V,S,A>::get_mut
2030 20000
fn=hashbrown::map::HashMap<K,V,S,A>::insert
0 142978
434 63549
457 40082
fn=hashbrown::raw::RawTable<T,A>::reserve_rehash
0 73
457 27089
2030 212116
fn=hashbrown::raw::RawTableInner::fallible_with_capacity
457 120185
fn=hashbrown::rustc_entry::<impl hashbrown::map::HashMap<K,V,S,A>>::rustc_entry
434 80036
457 40018
2030 60000
fn=jiff::tz::db::zoneinfo::inner::walk
434 2
fn=jiff::tz::timezone::TimeZone::tzif
457 1
fn=jiff::tz::tzif::Tzif<alloc::string::String,jiff::shared::util::array_str::ArrayStr<30_usize>,alloc::vec::Vec<jiff::shared::TzifLocalTimeType>,alloc::vec::Vec<i64>,alloc::vec::Vec<jiff::shared::TzifDateTime>,alloc::vec::Vec<jiff::shared::TzifDateTime>,alloc::vec::Vec<jiff::shared::TzifTransitionInfo>>::parse
457 1
fn=rayon_core::registry::Registry::new
457 2
fn=rowan::cursor::<impl rowan::utility_types::NodeOrToken<rowan::cursor::SyntaxNode,rowan::cursor::SyntaxToken>>::to_next_sibling_or_token
457 1050144
fn=rowan::cursor::NodeData::next_sibling_or_token
457 230061
fn=rowan::cursor::SyntaxNode::first_child
0 150005
457 150005
fn=rowan::cursor::SyntaxNode::first_child_or_token
457 410047
fn=rowan::cursor::SyntaxNode::next_sibling
0 30012
457 30012
fn=rowan::cursor::SyntaxNode::to_next_sibling
457 130026
fn=rowan::green::node_cache::NodeCache::node
2030 30000
fn=rowan::green::node_cache::NodeCache::token
457 39078
2030 596078
fn=rowan::green::node_cache::node_hash
2030 157221
fn=rustledger_booking::book::BookingEngine::apply
457 6
fn=rustledger_booking::calculate_residual
457 10000
fn=rustledger_booking::interpolate::interpolate
0 10000
457 20000
fn=rustledger_core::display_context::DisplayContext::update
434 20001
457 20002
fn=rustledger_core::inventory::Inventory::add
457 12
2030 39988
fn=rustledger_loader::Loader::load_recursive
434 4
fn=rustledger_loader::options::Options::set
457 3
fn=rustledger_loader::process::process
0 11
434 8
457 11
fn=rustledger_parser::cst::ast::Amount::currency
457 20000
fn=rustledger_parser::cst::ast::Amount::is_arithmetic
457 40000
fn=rustledger_parser::cst::ast::Amount::sign
457 40000
fn=rustledger_parser::cst::ast::Posting::cost_spec
457 40000
fn=rustledger_parser::cst::ast::Posting::flag
457 40000
fn=rustledger_parser::cst::ast::Posting::price_annotation
457 40000
fn=rustledger_parser::cst::ast::StringLit::text_decoded
457 20004
fn=rustledger_parser::cst::ast::Transaction::date
457 10000
fn=rustledger_parser::cst::ast::Transaction::flag
457 10000
fn=rustledger_parser::cst::ast::first_child
0 20000
457 40000
fn=rustledger_parser::cst::ast::first_token
0 80020
457 80020
fn=rustledger_parser::cst::ast::nth_token
457 2
fn=rustledger_parser::cst::convert::convert_meta_entries
0 60012
457 70006
fn=rustledger_parser::cst::convert::convert_transaction
0 10000
457 80000
fn=rustledger_parser::cst::convert::parse_via_cst
0 130040
434 2
457 380072
fn=rustledger_parser::cst::convert::single_line_directive_span
0 4
457 2
fn=rustledger_parser::cst::format::canonical_number
457 20000
fn=rustledger_parser::cst::format::compute_alignment
457 30009
fn=rustledger_validate::validate_phase_inner
0 14
457 30124
fl=/home/runner/.rustup/toolchains/stable-x86_64-unknown-linux-gnu/lib/rustlib/src/rust/library/core/src/iter/adapters/chain.rs
fn=rustledger_loader::source_map::SourceMap::add_file
0 1
183 39
333 1
fn=rustledger_validate::validate_phase_inner
333 12
334 12
fl=/home/runner/.rustup/toolchains/stable-x86_64-unknown-linux-gnu/lib/rustlib/src/rust/library/core/src/iter/adapters/enumerate.rs
fn=<rustledger_core::directive::Transaction as core::clone::Clone>::clone
82 40000
fn=rayon_core::registry::Registry::new
0 17
82 5
fn=rowan::cursor::SyntaxNode::first_child
120 670111
fn=rustledger_booking::interpolate::interpolate
82 20000
fn=rustledger_loader::process::process
82 10007
fn=rustledger_validate::validate_phase_inner
81 8
82 28
fl=/home/runner/.rustup/toolchains/stable-x86_64-unknown-linux-gnu/lib/rustlib/src/rust/library/core/src/iter/adapters/filter.rs
fn=<core::iter::adapters::map::Map<I,F> as core::iter::traits::iterator::Iterator>::next
86 48
fn=rayon_core::registry::WorkerThread::find_work
86 156
fn=rustledger_parser::cst::ast::nth_token
0 6
28 18
86 12
fn=rustledger_parser::cst::convert::convert_transaction
0 30000
28 80000
157 30000
fl=/home/runner/.rustup/toolchains/stable-x86_64-unknown-linux-gnu/lib/rustlib/src/rust/library/core/src/iter/adapters/filter_map.rs
fn=<core::iter::adapters::map::Map<I,F> as core::iter::traits::iterator::Iterator>::next
0 20038
24 80064
49 40034
fn=rustledger_parser::cst::ast::Amount::sign
24 280000
fn=rustledger_parser::cst::ast::first_token
0 120152
24 560140
fn=rustledger_parser::cst::ast::nth_token
0 4
fn=rustledger_parser::cst::convert::convert_transaction
0 180000
24 140000
fn=rustledger_parser::cst::convert::parse_via_cst
0 280071
24 30042
fl=/home/runner/.rustup/toolchains/stable-x86_64-unknown-linux-gnu/lib/rustlib/src/rust/library/core/src/iter/adapters/map.rs
fn=<core::iter::adapters::map::Map<I,F> as core::iter::traits::iterator::Iterator>::next
0 100101
106 370225
107 40036
108 400180
fn=rayon::iter::plumbing::bridge_producer_consumer::helper
0 12
107 12
fn=rowan::green::node::GreenNode::new
69 392536
fn=rowan::green::node_cache::NodeCache::node
0 10000
69 352527
fn=rustledger_loader::Loader::load_recursive
0 1
69 10
fn=rustledger_parser::cst::convert::convert_transaction
69 200000
fn=rustledger_parser::cst::convert::parse_via_cst
69 31
fl=/home/runner/.rustup/toolchains/stable-x86_64-unknown-linux-gnu/lib/rustlib/src/rust/library/core/src/iter/adapters/peekable.rs
fn=rayon::slice::sort::par_mergesort
39 8
fl=/home/runner/.rustup/toolchains/stable-x86_64-unknown-linux-gnu/lib/rustlib/src/rust/library/core/src/iter/adapters/skip.rs
fn=rustledger_validate::validate_phase_inner
41 40194
fl=/home/runner/.rustup/toolchains/stable-x86_64-unknown-linux-gnu/lib/rustlib/src/rust/library/core/src/iter/adapters/skip_while.rs
fn=<core::iter::adapters::map::Map<I,F> as core::iter::traits::iterator::Iterator>::next
0 340004
50 40002
51 20000
77 40000
fn=<core::iter::adapters::take_while::TakeWhile<I,P> as core::iter::traits::iterator::Iterator>::try_fold
0 20000
50 10001
51 20000
77 60000
fn=rustledger_parser::cst::ast::Transaction::date
50 20001
51 10000
fn=rustledger_parser::cst::ast::Transaction::flag
50 20001
51 10000
fl=/home/runner/.rustup/toolchains/stable-x86_64-unknown-linux-gnu/lib/rustlib/src/rust/library/core/src/iter/adapters/step_by.rs
fn=hashbrown::raw::RawTable<T,A>::reserve_rehash
0 30
fl=/home/runner/.rustup/toolchains/stable-x86_64-unknown-linux-gnu/lib/rustlib/src/rust/library/core/src/iter/adapters/take.rs
fn=<rustledger_core::directive::Transaction as core::clone::Clone>::clone
0 40000
37 140000
fl=/home/runner/.rustup/toolchains/stable-x86_64-unknown-linux-gnu/lib/rustlib/src/rust/library/core/src/iter/adapters/take_while.rs
fn=<core::iter::adapters::map::Map<I,F> as core::iter::traits::iterator::Iterator>::next
0 180000
81 500000
84 60000
90 100000
fn=<core::iter::adapters::take_while::TakeWhile<I,P> as core::iter::traits::iterator::Iterator>::try_fold
0 90000
69 240000
90 60000
97 240000
fn=<core::iter::adapters::take_while::TakeWhile<I,P> as core::iter::traits::iterator::Iterator>::try_fold::check::{{closure}}
0 130000
80 320000
81 220000
84 20000
85 20000
87 320000
fn=rustledger_parser::cst::ast::Transaction::date
0 2
25 90000
81 20000
fn=rustledger_parser::cst::ast::Transaction::flag
0 30002
25 100000
81 160000
82 10000
fl=/home/runner/.rustup/toolchains/stable-x86_64-unknown-linux-gnu/lib/rustlib/src/rust/library/core/src/iter/adapters/zip.rs
fn=rayon::iter::plumbing::bridge_producer_consumer::helper
0 48
306 84
310 36
fn=rayon_core::registry::Registry::new
155 2
165 8
167 36
fl=/home/runner/.rustup/toolchains/stable-x86_64-unknown-linux-gnu/lib/rustlib/src/rust/library/core/src/iter/range.rs
fn=core::hash::BuildHasher::hash_one
900 186
fn=core::slice::sort::shared::smallsort::bidirectional_merge
0 1851
900 546
fn=core::slice::sort::stable::quicksort::quicksort
0 461
900 2470
fn=core::str::pattern::TwoWaySearcher::next_back
0 8
900 2
942 64
fn=jiff::tz::tzif::Tzif<alloc::string::String,jiff::shared::util::array_str::ArrayStr<30_usize>,alloc::vec::Vec<jiff::shared::TzifLocalTimeType>,alloc::vec::Vec<i64>,alloc::vec::Vec<jiff::shared::TzifDateTime>,alloc::vec::Vec<jiff::shared::TzifDateTime>,alloc::vec::Vec<jiff::shared::TzifTransitionInfo>>::parse
900 1
fn=rayon::iter::plumbing::bridge_producer_consumer::helper
990 24
fn=rayon_core::registry::Registry::new
0 3
900 47
fn=rayon_core::registry::WorkerThread::find_work
900 234
fn=rowan::green::node::GreenNode::new
900 277243
fn=rustledger_loader::process::process
0 7
900 7516
fn=rustledger_parser::cst::parser::parse_structured
0 12
990 80000
fl=/home/runner/.rustup/toolchains/stable-x86_64-unknown-linux-gnu/lib/rustlib/src/rust/library/core/src/iter/traits/accum.rs
fn=rustledger_validate::validate_phase_inner
74 10000
fl=/home/runner/.rustup/toolchains/stable-x86_64-unknown-linux-gnu/lib/rustlib/src/rust/library/core/src/iter/traits/collect.rs
fn=rayon_core::registry::Registry::new
0 3
596 6
fl=/home/runner/.rustup/toolchains/stable-x86_64-unknown-linux-gnu/lib/rustlib/src/rust/library/core/src/iter/traits/exact_size.rs
fn=profile_pipeline::main
117 2
fl=/home/runner/.rustup/toolchains/stable-x86_64-unknown-linux-gnu/lib/rustlib/src/rust/library/core/src/iter/traits/iterator.rs
fn=<char as core::str::pattern::Pattern>::is_contained_in
0 451006
2496 1863954
fn=<core::iter::adapters::map::Map<I,F> as core::iter::traits::iterator::Iterator>::next
0 20020
2495 140126
2969 90025
fn=<core::iter::adapters::take_while::TakeWhile<I,P> as core::iter::traits::iterator::Iterator>::try_fold::check::{{closure}}
3000 80000
3001 80000
fn=rayon_core::registry::Registry::new
0 5
3490 10
fn=rayon_core::registry::WorkerThread::find_work
0 180
2496 219
fn=rowan::cursor::SyntaxNode::to_next_sibling
0 130026
2495 520104
fn=rowan::green::node_cache::NodeCache::node
0 18310
fn=rustledger_parser::cst::ast::Amount::sign
2969 80000
fn=rustledger_parser::cst::ast::Transaction::flag
2496 20000
3000 40000
fn=rustledger_parser::cst::ast::first_token
0 6
2969 220104
fn=rustledger_parser::cst::ast::nth_token
2496 6
fn=rustledger_parser::cst::convert::convert_transaction
2969 120000
fn=rustledger_parser::cst::convert::parse_via_cst
0 270062
2495 4601132
2496 1180248
2969 10009
fn=rustledger_validate::validate_phase_inner
391 28
2496 10000
fl=/home/runner/.rustup/toolchains/stable-x86_64-unknown-linux-gnu/lib/rustlib/src/rust/library/core/src/macros/mod.rs
fn=hashbrown::map::HashMap<K,V,S,A>::insert
0 34
429 22710
fn=jiff::tz::db::TimeZoneDatabase::from_env
429 1
fn=rustledger_loader::source_map::SourceMap::add_file
429 4
fn=rustledger_parser::cst::convert::single_line_directive_span
429 12
fl=/home/runner/.rustup/toolchains/stable-x86_64-unknown-linux-gnu/lib/rustlib/src/rust/library/core/src/mem/maybe_dangling.rs
fn=<rayon_core::job::StackJob<L,F,R> as rayon_core::job::Job>::execute
82 12
fn=rayon_core::join::join_context::{{closure}}
0 10
82 40
fn=rustledger_loader::process::ledger_errors_extend
82 9
fn=rustledger_parser::cst::parser::emit_tokens
82 50045
fl=/home/runner/.rustup/toolchains/stable-x86_64-unknown-linux-gnu/lib/rustlib/src/rust/library/core/src/mem/maybe_uninit.rs
fn=<rustledger_core::directive::Transaction as core::clone::Clone>::clone
574 160000
fn=alloc::collections::btree::map::BTreeMap<K,V,A>::insert
0 5
574 13
fn=rustledger_core::display_context::DisplayContext::update
574 5
fn=std::sync::once::Once::call_once_force::{{closure}}
574 1
fl=/home/runner/.rustup/toolchains/stable-x86_64-unknown-linux-gnu/lib/rustlib/src/rust/library/core/src/mem/mod.rs
fn=<core::iter::adapters::map::Map<I,F> as core::iter::traits::iterator::Iterator>::next
929 10008
930 120054
fn=<core::iter::adapters::take_while::TakeWhile<I,P> as core::iter::traits::iterator::Iterator>::try_fold::check::{{closure}}
930 80000
fn=<rayon_core::job::StackJob<L,F,R> as rayon_core::job::Job>::execute
929 2
930 2
fn=<rowan::cursor::Preorder as core::iter::traits::iterator::Iterator>::next
929 400076
930 320064
fn=<rowan::cursor::PreorderWithTokens as core::iter::traits::iterator::Iterator>::next
0 540157
929 2320636
930 1060299
fn=<rowan::cursor::SyntaxElementChildren as core::iter::traits::iterator::Iterator>::next
929 1940284
930 3430462
fn=alloc::collections::btree::map::IntoIter<K,V,A>::dying_next
929 4
930 1
fn=alloc::sync::Arc<T,A>::drop_slow
457 120032
fn=core::ptr::drop_in_place<alloc::vec::Vec<rowan::api::SyntaxNode<rustledger_parser::cst::syntax_kind::BeancountLanguage>>>
930 10006
fn=core::ptr::drop_in_place<alloc::vec::drain::Drain<(u64,rowan::utility_types::NodeOrToken<rowan::green::node::GreenNode,rowan::green::token::GreenToken>)>>
929 100018
930 100018
fn=crossbeam_deque::deque::Stealer<T>::steal
0 162
930 162
fn=crossbeam_epoch::default::with_handle
930 324
fn=jiff::shared::posix::Parser::parse_abbreviation
930 9
fn=jiff::shared::posix::Parser::parse_posix_offset
930 2
fn=rayon_core::registry::Registry::new
929 3
930 3
fn=rayon_core::registry::ThreadBuilder::run
930 4
fn=rayon_core::registry::WorkerThread::find_work
930 39
fn=rowan::cursor::<impl rowan::utility_types::NodeOrToken<rowan::cursor::SyntaxNode,rowan::cursor::SyntaxToken>>::to_next_sibling_or_token
930 3150432
fn=rowan::cursor::NodeData::next_sibling_or_token
930 230061
fn=rowan::cursor::SyntaxNode::first_child
930 150005
fn=rowan::cursor::SyntaxNode::first_child_or_token
930 410047
fn=rowan::cursor::SyntaxNode::next_sibling
930 30012
fn=rowan::cursor::SyntaxNode::to_next_sibling
0 60012
930 420084
fn=rowan::cursor::free
929 830134
930 1660267
fn=rowan::green::node_cache::NodeCache::node
1003 942
fn=rustledger_booking::calculate_residual
0 10000
930 10000
fn=rustledger_booking::interpolate::interpolate
0 10000
930 40000
fn=rustledger_loader::Loader::load
0 1
929 2
930 2
fn=rustledger_loader::process::load
0 1
930 3
fn=rustledger_loader::process::process
0 2
929 20
930 14
fn=rustledger_loader::source_map::SourceMap::add_file
929 1
fn=rustledger_parser::cst::ast::Amount::currency
930 90000
fn=rustledger_parser::cst::ast::Amount::is_arithmetic
930 220000
fn=rustledger_parser::cst::ast::Amount::sign
0 20000
930 100000
fn=rustledger_parser::cst::ast::Posting::cost_spec
930 80000
fn=rustledger_parser::cst::ast::Posting::flag
930 200000
fn=rustledger_parser::cst::ast::Posting::price_annotation
930 80000
fn=rustledger_parser::cst::ast::Transaction::date
930 20000
fn=rustledger_parser::cst::ast::Transaction::flag
930 20000
fn=rustledger_parser::cst::ast::TransactionFlag::cast
930 40000
fn=rustledger_parser::cst::ast::first_child
930 80000
fn=rustledger_parser::cst::ast::first_token
930 160040
fn=rustledger_parser::cst::ast::nth_token
930 4
fn=rustledger_parser::cst::convert::convert_amount_to_incomplete
930 50000
fn=rustledger_parser::cst::convert::convert_meta_entries
0 40000
930 180012
fn=rustledger_parser::cst::convert::convert_transaction
0 229994
929 20000
930 620003
fn=rustledger_parser::cst::convert::parse_via_cst
0 830207
930 1180307
fn=rustledger_parser::cst::convert::single_line_directive_span
930 16
fn=rustledger_parser::cst::format::amount_number_text
930 10000
fn=rustledger_parser::cst::format::compute_alignment
0 40000
930 170019
fn=rustledger_parser::cst::parser::parse_structured
929 40038
930 30031
fn=rustledger_validate::validate_phase_inner
929 24
930 10026
fn=std::sync::once::Once::call_once::{{closure}}
929 2
930 2
fn=std::sync::once::Once::call_once_force::{{closure}}
929 2
930 2
fn=std::sys::thread_local::native::lazy::Storage<T,D>::get_or_init_slow
929 12
930 8
fl=/home/runner/.rustup/toolchains/stable-x86_64-unknown-linux-gnu/lib/rustlib/src/rust/library/core/src/num/int_macros.rs
fn=crossbeam_deque::deque::Stealer<T>::steal
2137 162
fn=rayon_core::join::join_context::{{closure}}
2101 10
2137 20
fn=rayon_core::registry::WorkerThread::take_local_job
2137 120
fl=/home/runner/.rustup/toolchains/stable-x86_64-unknown-linux-gnu/lib/rustlib/src/rust/library/core/src/num/mod.rs
fn=jiff::shared::posix::Parser::parse_abbreviation
779 18
fn=jiff::shared::posix::Parser::parse_posix_offset
918 3
fn=jiff::tz::db::special_time_zone
0 1
666 6
813 24
fn=jiff::tz::db::zoneinfo::inner::ZoneInfoNamesInner::get
666 92
813 368
fn=jiff::tz::db::zoneinfo::inner::walk
666 5986
743 2993
813 13570
fn=jiff::tz::system::sys::read
1179 1
fn=rustledger_parser::cst::ast::StringLit::text_decoded
1179 20004
fn=rustledger_parser::cst::convert::parse_date_token
0 50030
1179 20012
1719 130078
1732 60036
1750 30018
1751 40024
1752 80048
1753 40024
1792 40024
fn=rustledger_parser::cst::parser::emit_amount
1179 100000
fn=rustledger_parser::cst::parser::emit_amount_operand
1179 40000
fn=rustledger_parser::cst::parser::emit_through_terminator
1179 160119
fn=rustledger_parser::cst::parser::emit_tokens
1179 2
fn=rustledger_parser::cst::parser::parse_structured
1179 159999
fl=/home/runner/.rustup/toolchains/stable-x86_64-unknown-linux-gnu/lib/rustlib/src/rust/library/core/src/num/nonzero.rs
fn=core::ptr::drop_in_place<(rustledger_core::identifiers::Account,rustledger_validate::AccountState)>
644 6
fn=core::ptr::drop_in_place<rowan::green::builder::GreenNodeBuilder>
644 48136
fn=core::ptr::drop_in_place<rustledger_core::display_context::DisplayContext>
644 1
fn=core::ptr::drop_in_place<rustledger_core::inventory::Inventory>
644 24
fn=core::ptr::drop_in_place<rustledger_loader::Loader>
644 1
fn=core::ptr::drop_in_place<rustledger_loader::options::Options>
644 2
fn=core::ptr::drop_in_place<rustledger_validate::LedgerState>
502 6
644 6
fn=core::ptr::drop_in_place<std::collections::hash::map::HashMap<rustledger_core::identifiers::Account,rustledger_core::inventory::Inventory,rustc_hash::FxBuildHasher>>
644 12
fn=core::slice::sort::stable::drift::sort
614 2
fn=hashbrown::map::HashMap<K,V,S,A>::contains_key
644 20006
fn=hashbrown::map::HashMap<K,V,S,A>::get
644 60000
fn=hashbrown::map::HashMap<K,V,S,A>::get_key_value
502 1817
644 41822
fn=hashbrown::map::HashMap<K,V,S,A>::get_mut
644 20000
fn=hashbrown::map::HashMap<K,V,S,A>::insert
502 1816
644 21857
fn=hashbrown::raw::RawTable<T,A>::reserve_rehash
644 197122
fn=hashbrown::rustc_entry::<impl hashbrown::map::HashMap<K,V,S,A>>::rustc_entry
644 99982
fn=rowan::green::node_cache::NodeCache::node
502 836
644 10849
fn=rowan::green::node_cache::NodeCache::token
502 4757
644 234833
fn=rustledger_booking::book::BookingEngine::apply
644 6
fn=rustledger_booking::calculate_residual
644 10000
fn=rustledger_booking::interpolate::interpolate
644 30000
fn=rustledger_core::display_context::DisplayContext::update
644 20000
fn=rustledger_core::inventory::Inventory::add
644 40000
fn=rustledger_loader::Loader::load_recursive
644 1
fn=rustledger_loader::dedup::reintern_directives
644 20007
fn=rustledger_loader::process::process
644 10000
fn=rustledger_validate::validate_phase_inner
502 10000
644 40000
fl=/home/runner/.rustup/toolchains/stable-x86_64-unknown-linux-gnu/lib/rustlib/src/rust/library/core/src/num/uint_macros.rs
fn=<core::iter::adapters::map::Map<I,F> as core::iter::traits::iterator::Iterator>::next
823 60048
fn=<core::str::pattern::CharSearcher as core::str::pattern::Searcher>::next_match
0 60048
977 120096
981 60048
fn=<rayon_core::registry::WorkerThread as core::convert::From<rayon_core::registry::ThreadBuilder>>::from
2511 72
fn=<rowan::cursor::Preorder as core::iter::traits::iterator::Iterator>::next
823 100018
fn=<rowan::cursor::PreorderWithTokens as core::iter::traits::iterator::Iterator>::next
823 480140
fn=<rowan::cursor::SyntaxElementChildren as core::iter::traits::iterator::Iterator>::next
823 2460320
fn=<rust_decimal::decimal::Decimal as core::ops::arith::AddAssign>::add_assign
0 47764
2511 160176
3105 30880
fn=<std::hash::random::DefaultHasher as core::hash::Hasher>::write
0 12
2511 84
fn=alloc::raw_vec::RawVecInner<A>::finish_grow
0 125388
3105 125388
fn=alloc::raw_vec::RawVecInner<A>::reserve::do_reserve_and_handle
823 21224
fn=core::hash::BuildHasher::hash_one
0 100003
898 3
2511 1500048
3982 9
fn=core::ptr::drop_in_place<(rustledger_core::identifiers::Account,rustledger_validate::AccountState)>
3105 18
fn=core::ptr::drop_in_place<rowan::green::builder::GreenNodeBuilder>
823 2
fn=core::ptr::drop_in_place<rustledger_core::display_context::DisplayContext>
3105 4
fn=core::ptr::drop_in_place<rustledger_core::inventory::Inventory>
823 12
3105 48
fn=core::ptr::drop_in_place<rustledger_loader::Loader>
823 2
3105 2
fn=core::ptr::drop_in_place<rustledger_loader::options::Options>
823 1
3105 1
fn=core::ptr::drop_in_place<rustledger_validate::LedgerState>
3105 3
fn=core::ptr::drop_in_place<std::collections::hash::map::HashMap<rustledger_core::identifiers::Account,rustledger_core::inventory::Inventory,rustc_hash::FxBuildHasher>>
3105 8
fn=core::slice::sort::shared::smallsort::bidirectional_merge
3799 142
fn=core::slice::sort::stable::drift::sort
0 5
154 39
3713 8
3714 8
fn=core::slice::sort::stable::driftsort_main
0 8
3105 12
fn=core::slice::sort::stable::quicksort::quicksort
898 215
2399 156
fn=core::str::pattern::TwoWaySearcher::next_back
898 1
2548 9
fn=crossbeam_epoch::default::with_handle
823 324
2511 162
fn=crossbeam_epoch::internal::Global::try_advance
2511 4
fn=hashbrown::map::HashMap<K,V,S,A>::contains_key
0 3
2587 100039
fn=hashbrown::map::HashMap<K,V,S,A>::get
0 30149
2587 390472
fn=hashbrown::map::HashMap<K,V,S,A>::get_key_value
0 10051
2587 330208
fn=hashbrown::map::HashMap<K,V,S,A>::get_mut
0 10049
2587 130147
fn=hashbrown::map::HashMap<K,V,S,A>::insert
0 10
2548 20041
2587 80186
fn=hashbrown::raw::RawTable<T,A>::reserve_rehash
0 126
823 217
2548 98561
2587 377054
3105 86
3832 24
3837 24
3838 72
fn=hashbrown::raw::RawTableInner::fallible_with_capacity
0 90140
823 150225
3105 60105
3832 5
3837 5
3838 15
3861 5
fn=hashbrown::rustc_entry::<impl hashbrown::map::HashMap<K,V,S,A>>::rustc_entry
0 10049
2587 330147
fn=jiff::shared::posix::<impl jiff::shared::PosixTimeZone<ABBREV>>::next_transition
2511 1
2548 1
fn=jiff::shared::posix::Parser::parse_abbreviation
0 1
823 1
977 3
fn=jiff::shared::posix::Parser::parse_posix_offset
823 1
fn=jiff::shared::tzif::<impl jiff::shared::Tzif<alloc::string::String,jiff::shared::util::array_str::ArrayStr<30_usize>,alloc::vec::Vec<jiff::shared::TzifLocalTimeType>,alloc::vec::Vec<i64>,alloc::vec::Vec<jiff::shared::TzifDateTime>,alloc::vec::Vec<jiff::shared::TzifDateTime>,alloc::vec::Vec<jiff::shared::TzifTransitionInfo>>>::parse_time_zone_designations
823 1
981 2
fn=jiff::shared::tzif::<impl jiff::shared::Tzif<alloc::string::String,jiff::shared::util::array_str::ArrayStr<30_usize>,alloc::vec::Vec<jiff::shared::TzifLocalTimeType>,alloc::vec::Vec<i64>,alloc::vec::Vec<jiff::shared::TzifDateTime>,alloc::vec::Vec<jiff::shared::TzifDateTime>,alloc::vec::Vec<jiff::shared::TzifTransitionInfo>>>::parse_transitions
3105 1
fn=jiff::tz::db::zoneinfo::inner::walk
2548 1186
fn=jiff::tz::tzif::Tzif<alloc::string::String,jiff::shared::util::array_str::ArrayStr<30_usize>,alloc::vec::Vec<jiff::shared::TzifLocalTimeType>,alloc::vec::Vec<i64>,alloc::vec::Vec<jiff::shared::TzifDateTime>,alloc::vec::Vec<jiff::shared::TzifDateTime>,alloc::vec::Vec<jiff::shared::TzifTransitionInfo>>::parse
0 12
614 1
823 8
977 4
1286 10
2511 1
3105 8
fn=rayon::iter::plumbing::bridge_producer_consumer::helper
0 12
898 12
3712 84
3714 24
fn=rayon::slice::sort::par_mergesort
0 6
3105 6
3712 8
3714 14
fn=rayon_core::registry::Registry::in_worker_cold
2511 2
fn=rayon_core::registry::Registry::new
0 1
2548 2
3105 1
fn=rayon_core::registry::WorkerThread::find_work
898 156
2587 39
fn=rowan::cursor::<impl rowan::utility_types::NodeOrToken<rowan::cursor::SyntaxNode,rowan::cursor::SyntaxToken>>::to_next_sibling_or_token
823 2100288
fn=rowan::cursor::NodeData::next_sibling_or_token
823 460122
fn=rowan::cursor::SyntaxNode::first_child
823 300010
fn=rowan::cursor::SyntaxNode::first_child_or_token
823 820094
fn=rowan::cursor::SyntaxNode::next_sibling
823 60024
fn=rowan::cursor::SyntaxNode::to_next_sibling
823 260052
fn=rowan::green::node::GreenNode::new
823 49067
2511 49067
3105 98134
fn=rowan::green::node_cache::NodeCache::node
2548 9058
fn=rowan::green::node_cache::NodeCache::token
823 78156
2511 39078
2548 39078
2587 826139
fn=rowan::green::node_cache::node_hash
2587 157221
fn=rustledger_booking::book::BookingEngine::apply
2548 6
fn=rustledger_booking::calculate_residual
2511 10000
2548 10000
fn=rustledger_booking::interpolate::interpolate
823 50000
2511 40000
2548 20000
3105 30000
fn=rustledger_core::display_context::DisplayContext::update
2548 1
fn=rustledger_core::inventory::Inventory::add
2548 12
2587 199940
fn=rustledger_loader::Loader::load
2511 2
fn=rustledger_loader::Loader::load_recursive
154 2
178 2
2548 2
fn=rustledger_loader::dedup::reintern_directives
3105 3
fn=rustledger_loader::process::load
2511 2
fn=rustledger_loader::process::process
898 7503
2548 2
3105 30006
fn=rustledger_loader::source_map::SourceMap::add_file
2355 13
fn=rustledger_parser::cst::ast::Amount::currency
823 40000
fn=rustledger_parser::cst::ast::Amount::is_arithmetic
823 80000
fn=rustledger_parser::cst::ast::Amount::sign
823 80000
fn=rustledger_parser::cst::ast::Posting::cost_spec
823 80000
fn=rustledger_parser::cst::ast::Posting::flag
823 80000
fn=rustledger_parser::cst::ast::Posting::price_annotation
823 80000
fn=rustledger_parser::cst::ast::Transaction::date
823 20000
fn=rustledger_parser::cst::ast::Transaction::flag
823 20000
fn=rustledger_parser::cst::ast::first_child
823 80000
fn=rustledger_parser::cst::ast::first_token
823 160040
fn=rustledger_parser::cst::ast::nth_token
823 4
fn=rustledger_parser::cst::convert::convert_meta_entries
823 140012
fn=rustledger_parser::cst::convert::convert_transaction
0 70000
823 280000
fn=rustledger_parser::cst::convert::parse_date_token
0 20012
2548 80048
fn=rustledger_parser::cst::convert::parse_via_cst
0 40047
823 570166
977 10008
2548 4
fn=rustledger_parser::cst::convert::single_line_directive_span
823 4
fn=rustledger_parser::cst::format::amount_number_text
2548 20000
fn=rustledger_parser::cst::format::compute_alignment
0 10000
823 80018
fn=rustledger_validate::validate_phase_inner
2511 10000
2548 10000
3105 60000
fl=/home/runner/.rustup/toolchains/stable-x86_64-unknown-linux-gnu/lib/rustlib/src/rust/library/core/src/ops/bit.rs
fn=hashbrown::raw::RawTable<T,A>::reserve_rehash
386 185227
fn=rowan::green::node_cache::NodeCache::node
386 30000
fn=rowan::green::node_cache::NodeCache::token
386 596078
fn=rowan::green::node_cache::node_hash
386 157221
fl=/home/runner/.rustup/toolchains/stable-x86_64-unknown-linux-gnu/lib/rustlib/src/rust/library/core/src/ops/control_flow.rs
fn=<core::iter::adapters::take_while::TakeWhile<I,P> as core::iter::traits::iterator::Iterator>::try_fold
441 120000
fn=<core::iter::adapters::take_while::TakeWhile<I,P> as core::iter::traits::iterator::Iterator>::try_fold::check::{{closure}}
0 70000
fn=rayon_core::registry::WorkerThread::find_work
116 156
fn=rowan::cursor::<impl rowan::utility_types::NodeOrToken<rowan::cursor::SyntaxNode,rowan::cursor::SyntaxToken>>::to_next_sibling_or_token
198 980132
fn=rowan::cursor::SyntaxNode::to_next_sibling
116 440092
fn=rustledger_parser::cst::ast::Transaction::flag
0 30000
116 20000
430 80000
fn=rustledger_parser::cst::convert::convert_transaction
0 50000
194 160000
fl=/home/runner/.rustup/toolchains/stable-x86_64-unknown-linux-gnu/lib/rustlib/src/rust/library/core/src/ops/function.rs
fn=<core::iter::adapters::map::Map<I,F> as core::iter::traits::iterator::Iterator>::next
310 10008
fn=core::ops::function::FnOnce::call_once{{vtable.shim}}
250 32
fn=rowan::green::node_cache::NodeCache::node
250 3662
fn=rowan::green::node_cache::node_hash
250 42996
fn=rustledger_parser::cst::ast::Transaction::flag
166 60000
fn=rustledger_parser::cst::convert::convert_transaction
250 10000
fn=std::sync::once::Once::call_once_force::{{closure}}
250 1
fn=std::sys::backtrace::__rust_begin_short_backtrace
250 1
fl=/home/runner/.rustup/toolchains/stable-x86_64-unknown-linux-gnu/lib/rustlib/src/rust/library/core/src/option.rs
fn=<core::iter::adapters::map::Map<I,F> as core::iter::traits::iterator::Iterator>::next
0 30025
1164 1000224
1165 30024
1166 20000
1545 20016
2277 20020
fn=<core::iter::adapters::take_while::TakeWhile<I,P> as core::iter::traits::iterator::Iterator>::try_fold
0 620002
1164 320004
fn=<rayon_core::job::StackJob<L,F,R> as rayon_core::job::Job>::execute
0 2
1014 4
fn=<rayon_core::registry::DefaultSpawn as rayon_core::registry::ThreadSpawn>::spawn
745 16
1545 5
fn=<rowan::cursor::Preorder as core::iter::traits::iterator::Iterator>::next
745 200038
1164 60002
1546 50009
fn=<rowan::cursor::PreorderWithTokens as core::iter::traits::iterator::Iterator>::next
0 580160
745 2320636
1546 330080
fn=<rowan::cursor::SyntaxElementChildren as core::iter::traits::iterator::Iterator>::next
1545 1940284
2277 5080688
fn=<rustledger_core::directive::Posting as core::clone::Clone>::clone
0 40000
2277 440000
2278 240000
2279 120000
fn=<rustledger_core::directive::Transaction as core::clone::Clone>::clone
0 40000
2277 80000
2278 60000
fn=alloc::collections::btree::map::BTreeMap<K,V,A>::insert
1726 2
fn=alloc::collections::btree::map::IntoIter<K,V,A>::dying_next
745 2
2778 2
fn=core::ptr::drop_in_place<rustledger_core::display_context::DisplayContext>
745 2
fn=core::slice::sort::shared::smallsort::bidirectional_merge
0 950
662 2850
fn=core::slice::sort::shared::smallsort::sort4_stable
0 98
662 784
fn=core::slice::sort::stable::drift::sort
0 10012
636 39998
662 26
fn=core::slice::sort::stable::quicksort::quicksort
662 4880
fn=core::str::<impl str>::rfind
1164 2
fn=jiff::shared::posix::<impl jiff::shared::PosixTimeZone<ABBREV>>::dst_info_utc
745 2
2793 2
fn=jiff::shared::posix::<impl jiff::shared::PosixTimeZone<ABBREV>>::next_transition
2778 4
2793 1
fn=jiff::shared::tzif::<impl jiff::shared::Tzif<alloc::string::String,jiff::shared::util::array_str::ArrayStr<30_usize>,alloc::vec::Vec<jiff::shared::TzifLocalTimeType>,alloc::vec::Vec<i64>,alloc::vec::Vec<jiff::shared::TzifDateTime>,alloc::vec::Vec<jiff::shared::TzifDateTime>,alloc::vec::Vec<jiff::shared::TzifTransitionInfo>>>::parse_time_zone_designations
1338 1
fn=jiff::tz::db::TimeZoneDatabase::get
0 1
745 5
fn=jiff::tz::db::special_time_zone
2141 6
fn=jiff::tz::db::zoneinfo::inner::ZoneInfoNamesInner::get
2141 92
fn=jiff::tz::tzif::Tzif<alloc::string::String,jiff::shared::util::array_str::ArrayStr<30_usize>,alloc::vec::Vec<jiff::shared::TzifLocalTimeType>,alloc::vec::Vec<i64>,alloc::vec::Vec<jiff::shared::TzifDateTime>,alloc::vec::Vec<jiff::shared::TzifDateTime>,alloc::vec::Vec<jiff::shared::TzifTransitionInfo>>::parse
2277 5
2778 4
fn=rayon::slice::sort::par_mergesort
0 44
745 20
fn=rayon_core::join::join_context::{{closure}}
1014 20
1015 100
fn=rayon_core::registry::Registry::new
0 4
767 4
2778 8
2779 36
2793 8
fn=rayon_core::registry::WorkerThread::find_work
1654 78
1656 78
fn=rayon_core::registry::global_registry
745 9
fn=rowan::cursor::<impl rowan::utility_types::NodeOrToken<rowan::cursor::SyntaxNode,rowan::cursor::SyntaxToken>>::to_next_sibling_or_token
0 4200576
1164 2100288
2778 3150432
fn=rowan::cursor::NodeData::next_sibling_or_token
0 300070
1164 600140
2778 300070
fn=rowan::cursor::SyntaxNode::next_sibling
0 640112
1164 240042
2778 400070
fn=rowan::cursor::SyntaxNode::to_next_sibling
1164 260052
2778 130026
fn=rowan::green::node::GreenNode::new
0 49067
1164 554486
fn=rowan::green::node_cache::NodeCache::token
2141 379466
fn=rustledger_booking::book::BookingEngine::apply
745 60006
fn=rustledger_booking::book::BookingEngine::book
636 20000
fn=rustledger_booking::book::BookingEngine::method_for
2140 60000
fn=rustledger_booking::calculate_residual
745 60000
fn=rustledger_booking::interpolate::interpolate
745 60000
fn=rustledger_core::display_context::DisplayContext::update
1726 2
fn=rustledger_core::inventory::Inventory::add
636 40000
fn=rustledger_loader::Loader::load_recursive
0 1
1042 5
fn=rustledger_loader::process::process
636 1
1065 6
1164 3
1165 4
1276 2
2778 20012
fn=rustledger_loader::process::run_plugins
0 2
1065 14
fn=rustledger_loader::source_map::SourceMap::add_file
767 150049
1164 60020
1165 30009
1654 1
fn=rustledger_parser::cst::ast::Amount::currency
1164 360000
fn=rustledger_parser::cst::ast::Amount::is_arithmetic
1164 720000
fn=rustledger_parser::cst::ast::Amount::sign
1164 160000
fn=rustledger_parser::cst::ast::Posting::cost_spec
2277 100000
fn=rustledger_parser::cst::ast::Posting::flag
1164 320000
fn=rustledger_parser::cst::ast::Posting::price_annotation
2277 100000
fn=rustledger_parser::cst::ast::Transaction::date
1164 40004
fn=rustledger_parser::cst::ast::Transaction::flag
0 20000
1164 120004
fn=rustledger_parser::cst::ast::first_child
2277 40000
fn=rustledger_parser::cst::ast::first_token
1164 560384
fn=rustledger_parser::cst::ast::nth_token
1164 40
fn=rustledger_parser::cst::convert::convert_amount_to_incomplete
636 20000
1164 40000
1545 40000
2779 120000
fn=rustledger_parser::cst::convert::convert_meta_entries
2277 140018
fn=rustledger_parser::cst::convert::convert_transaction
0 140001
1164 1599980
1165 90000
1166 100000
1229 20000
1545 100000
2277 120000
2778 40000
fn=rustledger_parser::cst::convert::parse_via_cst
0 160071
1164 920212
1229 10007
1230 10005
1545 250078
1547 18
2277 470062
2778 360100
2779 12
fn=rustledger_parser::cst::convert::single_line_directive_span
1164 48
fn=rustledger_parser::cst::format::amount_number_text
1545 40000
fn=rustledger_parser::cst::format::compute_alignment
1545 100016
2277 80019
fn=rustledger_validate::validate_phase_inner
0 12
636 12
745 280024
767 90
1164 40028
1545 20000
fn=rustledger_validate::validate_phase_inner::{{closure}}
0 10
fn=std::sync::once::Once::call_once::{{closure}}
1014 4
fn=std::sync::once::Once::call_once_force::{{closure}}
1014 4
fl=/home/runner/.rustup/toolchains/stable-x86_64-unknown-linux-gnu/lib/rustlib/src/rust/library/core/src/ptr/const_ptr.rs
fn=<core::hash::sip::Hasher<S> as core::hash::Hasher>::write
863 100000
fn=<rustledger_parser::logos_lexer::Token as logos::Logos>::lex::state0
863 20006
fn=<rustledger_parser::logos_lexer::Token as logos::Logos>::lex::state1140
863 10006
fn=<rustledger_parser::logos_lexer::Token as logos::Logos>::lex::state172
863 90022
fn=<rustledger_parser::logos_lexer::Token as logos::Logos>::lex::state38
863 20006
fn=<rustledger_parser::logos_lexer::Token as logos::Logos>::lex::state395
863 20004
fn=<std::hash::random::DefaultHasher as core::hash::Hasher>::write
863 6
fn=core::ptr::drop_in_place<(rustledger_core::identifiers::Account,rustledger_validate::AccountState)>
863 6
fn=core::ptr::drop_in_place<alloc::vec::drain::Drain<(u64,rowan::utility_types::NodeOrToken<rowan::green::node::GreenNode,rowan::green::token::GreenToken>)>>
729 50009
fn=core::ptr::drop_in_place<rowan::green::builder::GreenNodeBuilder>
863 5120
fn=core::ptr::drop_in_place<rustledger_core::display_context::DisplayContext>
863 1
fn=core::ptr::drop_in_place<rustledger_core::inventory::Inventory>
863 24
fn=core::ptr::drop_in_place<rustledger_loader::Loader>
863 1
fn=core::ptr::drop_in_place<rustledger_loader::options::Options>
863 1
fn=core::ptr::drop_in_place<rustledger_validate::LedgerState>
863 1
fn=core::ptr::drop_in_place<std::collections::hash::map::HashMap<rustledger_core::identifiers::Account,rustledger_core::inventory::Inventory,rustc_hash::FxBuildHasher>>
863 2
fn=core::slice::sort::shared::pivot::median3_rec
863 190
fn=core::slice::sort::shared::smallsort::bidirectional_merge
0 2677
468 1567
863 1252
fn=core::slice::sort::shared::smallsort::sort4_stable
0 196
863 196
fn=core::slice::sort::stable::quicksort::quicksort
0 300
729 104
863 1089
fn=crossbeam_deque::deque::Stealer<T>::steal
0 324
269 332
fn=jiff::shared::tzif::<impl jiff::shared::Tzif<alloc::string::String,jiff::shared::util::array_str::ArrayStr<30_usize>,alloc::vec::Vec<jiff::shared::TzifLocalTimeType>,alloc::vec::Vec<i64>,alloc::vec::Vec<jiff::shared::TzifDateTime>,alloc::vec::Vec<jiff::shared::TzifDateTime>,alloc::vec::Vec<jiff::shared::TzifTransitionInfo>>>::parse_time_zone_designations
0 6
863 1
fn=jiff::tz::db::zoneinfo::inner::walk
863 21
fn=jiff::tz::system::sys::read
863 1
fn=jiff::tz::timezone::TimeZone::tzif
0 1
468 1
fn=jiff::tz::tzif::Tzif<alloc::string::String,jiff::shared::util::array_str::ArrayStr<30_usize>,alloc::vec::Vec<jiff::shared::TzifLocalTimeType>,alloc::vec::Vec<i64>,alloc::vec::Vec<jiff::shared::TzifDateTime>,alloc::vec::Vec<jiff::shared::TzifDateTime>,alloc::vec::Vec<jiff::shared::TzifTransitionInfo>>::parse
0 2
863 2
fn=profile_pipeline::main
729 1
fn=rayon_core::join::join_context::{{closure}}
1615 40
fn=rowan::cursor::NodeData::next_sibling_or_token
729 600140
fn=rowan::green::node::GreenNode::new
729 245335
fn=rowan::green::node_cache::NodeCache::node
1615 3662
fn=rustledger_booking::interpolate::interpolate
0 10000
729 20000
863 60000
fn=rustledger_loader::Loader::load
863 1
fn=rustledger_loader::Loader::load_recursive
619 6
863 1
fn=rustledger_loader::dedup::reintern_directives
863 2048
fn=rustledger_loader::process::ledger_errors_extend
729 9
fn=rustledger_loader::process::process
729 4
863 10000
974 1
fn=rustledger_parser::cst::parser::emit_amount
863 70000
fn=rustledger_parser::cst::parser::emit_amount_operand
863 20000
fn=rustledger_parser::cst::parser::parse_structured
863 1
fn=rustledger_validate::validate_phase_inner
863 30014
fl=/home/runner/.rustup/toolchains/stable-x86_64-unknown-linux-gnu/lib/rustlib/src/rust/library/core/src/ptr/mod.rs
fn=<char as core::str::pattern::Pattern>::is_contained_in
552 40216
fn=<core::hash::sip::Hasher<S> as core::hash::Hasher>::write
552 100000
fn=<core::iter::adapters::map::Map<I,F> as core::iter::traits::iterator::Iterator>::next
0 6
552 18
810 90074
1921 12
fn=<rayon_core::job::StackJob<L,F,R> as rayon_core::job::Job>::execute
810 4
fn=<rayon_core::registry::WorkerThread as core::convert::From<rayon_core::registry::ThreadBuilder>>::from
810 12
fn=<rowan::cursor::SyntaxElementChildren as core::iter::traits::iterator::Iterator>::next
0 340030
810 680060
fn=<rustledger_core::identifiers::Tag as core::convert::From<&str>>::from
552 24
1921 12
fn=<rustledger_core::intern::InternedStr as core::convert::From<alloc::string::String>>::from
552 60000
1921 40000
fn=<rustledger_loader::vfs::DiskFileSystem as rustledger_loader::vfs::FileSystem>::read
552 3
1921 2
fn=<rustledger_validate::ValidationOptions as core::default::Default>::default
552 18
fn=<std::hash::random::DefaultHasher as core::hash::Hasher>::write
0 21
552 42
fn=alloc::collections::btree::map::BTreeMap<K,V,A>::insert
0 1
1921 1
fn=alloc::collections::btree::map::IntoIter<K,V,A>::dying_next
1721 11
1921 18
fn=alloc::sync::Arc<T,A>::drop_slow
810 132
fn=core::ops::function::FnOnce::call_once{{vtable.shim}}
1721 76
fn=core::ptr::drop_in_place<(rustledger_core::identifiers::Account,rustledger_validate::AccountState)>
810 48
fn=core::ptr::drop_in_place<alloc::collections::btree::set::BTreeSet<rustledger_core::identifiers::Account>>
810 9
1721 3
fn=core::ptr::drop_in_place<alloc::vec::Vec<(alloc::string::String,rustledger_core::directive::MetaValue,rustledger_core::span::Span)>>
0 3
810 21
fn=core::ptr::drop_in_place<alloc::vec::Vec<(rustledger_core::identifiers::Tag,rustledger_core::span::Span)>>
810 20
fn=core::ptr::drop_in_place<alloc::vec::Vec<(u64,rowan::utility_types::NodeOrToken<rowan::green::node::GreenNode,rowan::green::token::GreenToken>)>>
810 21
fn=core::ptr::drop_in_place<alloc::vec::Vec<rowan::api::SyntaxNode<rustledger_parser::cst::syntax_kind::BeancountLanguage>>>
810 60048
fn=core::ptr::drop_in_place<alloc::vec::Vec<rustledger_core::identifiers::Tag>>
0 6
810 1200102
fn=core::ptr::drop_in_place<alloc::vec::Vec<rustledger_core::span::Spanned<rustledger_core::identifiers::Account>>>
0 2
810 240096
fn=core::ptr::drop_in_place<alloc::vec::Vec<rustledger_loader::process::LedgerError>>
810 16
fn=core::ptr::drop_in_place<alloc::vec::Vec<rustledger_parser::error::ParseError>>
810 20
fn=core::ptr::drop_in_place<alloc::vec::drain::Drain<(u64,rowan::utility_types::NodeOrToken<rowan::green::node::GreenNode,rowan::green::token::GreenToken>)>>
0 3768
810 818042
fn=core::ptr::drop_in_place<core::iter::adapters::enumerate::Enumerate<core::iter::adapters::zip::Zip<alloc::vec::into_iter::IntoIter<crossbeam_deque::deque::Worker<rayon_core::job::JobRef>>,alloc::vec::into_iter::IntoIter<crossbeam_deque::deque::Stealer<rayon_core::job::JobRef>>>>>
810 10
fn=core::ptr::drop_in_place<hashbrown::raw::RawTable<(alloc::string::String,rustledger_core::directive::MetaValue)>>
810 900000
fn=core::ptr::drop_in_place<imbl::vector::VectorInner<rustledger_core::position::Position,archery::shared_pointer::kind::arc::ArcK>>
0 24
810 228
fn=core::ptr::drop_in_place<rayon_core::ThreadPoolBuilder>
810 24
fn=core::ptr::drop_in_place<rowan::green::builder::GreenNodeBuilder>
810 23
fn=core::ptr::drop_in_place<rustledger_booking::book::BookedTransaction>
0 20000
810 220000
fn=core::ptr::drop_in_place<rustledger_booking::book::BookingEngine>
810 17
fn=core::ptr::drop_in_place<rustledger_core::directive::Posting>
0 20000
810 780000
fn=core::ptr::drop_in_place<rustledger_core::directive::Transaction>
0 60000
810 940000
fn=core::ptr::drop_in_place<rustledger_core::display_context::DisplayContext>
810 17
1721 3
fn=core::ptr::drop_in_place<rustledger_core::inventory::Inventory>
810 186
fn=core::ptr::drop_in_place<rustledger_core::position::Position>
810 400000
fn=core::ptr::drop_in_place<rustledger_core::span::Spanned<rustledger_core::directive::Directive>>
0 30006
810 600204
fn=core::ptr::drop_in_place<rustledger_core::span::Spanned<rustledger_core::directive::Posting>>
0 40001
810 1560007
fn=core::ptr::drop_in_place<rustledger_loader::Loader>
810 27
fn=core::ptr::drop_in_place<rustledger_loader::options::Options>
810 56
fn=core::ptr::drop_in_place<rustledger_loader::process::Ledger>
0 2
810 70075
fn=core::ptr::drop_in_place<rustledger_loader::source_map::SourceMap>
810 17
fn=core::ptr::drop_in_place<rustledger_validate::LedgerState>
810 25
fn=core::ptr::drop_in_place<rustledger_validate::ValidationOptions>
810 104
fn=core::ptr::drop_in_place<std::collections::hash::map::HashMap<alloc::string::String,rustledger_core::directive::MetaValue,rustc_hash::FxBuildHasher>>
810 450090
fn=core::ptr::drop_in_place<std::collections::hash::map::HashMap<rustledger_core::identifiers::Account,alloc::vec::Vec<rustledger_validate::PendingPad>,rustc_hash::FxBuildHasher>>
810 15
fn=core::ptr::drop_in_place<std::collections::hash::map::HashMap<rustledger_core::identifiers::Account,rustledger_core::inventory::Inventory,rustc_hash::FxBuildHasher>>
0 12
810 50
fn=core::ptr::drop_in_place<std::collections::hash::map::IntoIter<rustledger_core::identifiers::Currency,alloc::vec::Vec<usize>>>
810 60000
fn=core::slice::sort::shared::smallsort::bidirectional_merge
0 475
552 1918
fn=core::slice::sort::shared::smallsort::sort4_stable
552 1176
fn=core::slice::sort::stable::quicksort::quicksort
0 213
552 7392
1721 52
fn=crossbeam_deque::deque::Injector<T>::push
810 4
1921 6
fn=hashbrown::map::HashMap<K,V,S,A>::contains_key
552 20006
2448 20006
fn=hashbrown::map::HashMap<K,V,S,A>::get
552 60005
2448 60000
fn=hashbrown::map::HashMap<K,V,S,A>::get_key_value
552 62686
fn=hashbrown::map::HashMap<K,V,S,A>::get_mut
552 20000
2448 20000
fn=hashbrown::map::HashMap<K,V,S,A>::insert
552 22710
1921 40252
fn=hashbrown::raw::RawTable<T,A>::reserve_rehash
0 98630
552 295737
714 112
1440 216
fn=hashbrown::raw::RawTableInner::fallible_with_capacity
714 150222
fn=hashbrown::rustc_entry::<impl hashbrown::map::HashMap<K,V,S,A>>::rustc_entry
552 140000
2448 99982
fn=imbl::vector::GenericVector<A,P>::promote_front
552 84
fn=imbl::vector::GenericVector<A,P>::push_back
1921 144
fn=jiff::shared::tzif::<impl jiff::shared::Tzif<alloc::string::String,jiff::shared::util::array_str::ArrayStr<30_usize>,alloc::vec::Vec<jiff::shared::TzifLocalTimeType>,alloc::vec::Vec<i64>,alloc::vec::Vec<jiff::shared::TzifDateTime>,alloc::vec::Vec<jiff::shared::TzifDateTime>,alloc::vec::Vec<jiff::shared::TzifTransitionInfo>>>::parse_time_zone_designations
0 2
552 4
fn=jiff::shared::tzif::<impl jiff::shared::TzifTransitions<alloc::vec::Vec<i64>,alloc::vec::Vec<jiff::shared::TzifDateTime>,alloc::vec::Vec<jiff::shared::TzifDateTime>,alloc::vec::Vec<jiff::shared::TzifTransitionInfo>>>::add_with_type_index
1921 5
fn=jiff::tz::db::TimeZoneDatabase::get
1921 8
fn=jiff::tz::db::zoneinfo::inner::walk
0 21
552 5986
810 631
1721 105
1921 707
fn=jiff::tz::system::get
810 2
fn=jiff::tz::timezone::TimeZone::tzif
0 3
552 4
fn=jiff::tz::tzif::Tzif<alloc::string::String,jiff::shared::util::array_str::ArrayStr<30_usize>,alloc::vec::Vec<jiff::shared::TzifLocalTimeType>,alloc::vec::Vec<i64>,alloc::vec::Vec<jiff::shared::TzifDateTime>,alloc::vec::Vec<jiff::shared::TzifDateTime>,alloc::vec::Vec<jiff::shared::TzifTransitionInfo>>::parse
1921 1
fn=profile_pipeline::main
810 10
1721 2
fn=rayon::iter::plumbing::bridge_producer_consumer::helper
0 24
1921 36
fn=rayon::slice::sort::par_mergesort
1721 52
1921 6
fn=rayon_core::join::join_context::{{closure}}
810 20
2182 40
fn=rayon_core::registry::Registry::new
0 2
810 4
1721 20
1921 92
fn=rayon_core::registry::WorkerThread::find_work
1721 4
fn=rayon_core::registry::WorkerThread::take_local_job
2095 20
fn=rayon_core::registry::global_registry
810 6
fn=rowan::arc::Arc<T>::drop_slow
810 1956919
fn=rowan::cursor::<impl rowan::utility_types::NodeOrToken<rowan::cursor::SyntaxNode,rowan::cursor::SyntaxToken>>::to_next_sibling_or_token
0 20000
810 60000
fn=rowan::green::node::GreenNode::new
810 49067
1721 554486
1921 1027997
fn=rowan::green::node_cache::NodeCache::node
552 21075
1921 18116
fn=rowan::green::node_cache::NodeCache::token
0 279295
552 287737
1921 535778
fn=rustledger_booking::book::BookingEngine::apply
552 6
1921 108
fn=rustledger_booking::calculate_residual
552 10000
810 20000
1921 40000
fn=rustledger_booking::interpolate::interpolate
552 20000
714 90000
810 20000
1921 70000
fn=rustledger_core::display_context::DisplayContext::update
0 20000
552 100001
643 7
1921 6
fn=rustledger_core::intern::StringInterner::intern_with_status
552 60021
1921 40014
fn=rustledger_core::inventory::Inventory::add
552 40000
1921 48
2448 39988
fn=rustledger_loader::Loader::load_recursive
0 2
552 15
810 15
1721 240161
1921 290177
fn=rustledger_loader::options::Options::new
552 32
fn=rustledger_loader::options::Options::set
552 16
810 2
1921 3
fn=rustledger_loader::process::ledger_errors_extend
810 12
fn=rustledger_loader::process::process
0 18
552 21
810 14
1721 20012
1921 35043
fn=rustledger_loader::source_map::SourceMap::add_file
1921 30020
fn=rustledger_parser::cst::ast::Amount::currency
810 100000
fn=rustledger_parser::cst::ast::Amount::is_arithmetic
0 40000
810 160000
fn=rustledger_parser::cst::ast::Amount::sign
810 240000
fn=rustledger_parser::cst::ast::Posting::cost_spec
810 40000
fn=rustledger_parser::cst::ast::Posting::flag
810 280000
fn=rustledger_parser::cst::ast::Posting::price_annotation
810 40000
fn=rustledger_parser::cst::ast::StringLit::text_decoded
552 80016
fn=rustledger_parser::cst::ast::Transaction::date
810 60000
fn=rustledger_parser::cst::ast::Transaction::flag
810 60000
fn=rustledger_parser::cst::ast::first_child
810 40000
fn=rustledger_parser::cst::ast::first_token
810 480102
fn=rustledger_parser::cst::ast::nth_token
0 6
810 12
fn=rustledger_parser::cst::convert::convert_amount_to_incomplete
552 60000
1921 40000
fn=rustledger_parser::cst::convert::convert_meta_entries
810 60012
fn=rustledger_parser::cst::convert::convert_transaction
0 150000
552 80000
810 770012
1921 100000
fn=rustledger_parser::cst::convert::parse_via_cst
0 2600661
552 80024
810 1460420
1921 370156
fn=rustledger_parser::cst::convert::single_line_directive_span
810 14
fn=rustledger_parser::cst::format::amount_number_text
552 60000
fn=rustledger_parser::cst::format::canonical_number
0 20000
552 80000
fn=rustledger_parser::cst::format::compute_alignment
810 20026
fn=rustledger_parser::cst::lossless_tokens::lossless_kind_tokens
1721 690184
1921 1950513
fn=rustledger_parser::cst::parser::emit_amount
1721 20000
1921 250000
fn=rustledger_parser::cst::parser::emit_amount_operand
1921 60000
fn=rustledger_parser::cst::parser::emit_through_terminator
1921 240180
fn=rustledger_parser::cst::parser::emit_tokens
1721 1
1921 3
fn=rustledger_parser::cst::parser::parse_structured
1721 2
1921 440048
fn=rustledger_plugin::native::build_global_registry
552 7
fn=rustledger_plugin::native::plugins::auto_tag::AutoTagPlugin::new
552 18
fn=rustledger_validate::ValidationOptions::with_account_types
0 1
810 25
fn=rustledger_validate::ValidationOptions::with_document_dirs
810 5
fn=rustledger_validate::ValidationOptions::with_document_source_dirs
810 5
fn=rustledger_validate::ValidationSession<rustledger_validate::phase::LateDone>::finalize
810 1
fn=rustledger_validate::validate_phase_inner
552 10000
810 30
1721 20012
1921 60008
fn=std::sync::once::Once::call_once::{{closure}}
810 2
1921 4
fl=/home/runner/.rustup/toolchains/stable-x86_64-unknown-linux-gnu/lib/rustlib/src/rust/library/core/src/ptr/mut_ptr.rs
fn=alloc::collections::btree::map::BTreeMap<K,V,A>::insert
0 5
961 5
fn=alloc::sync::Arc<T,A>::drop_slow
961 48
fn=core::ptr::drop_in_place<(rustledger_core::identifiers::Account,rustledger_validate::AccountState)>
1072 30
fn=core::ptr::drop_in_place<rowan::green::builder::GreenNodeBuilder>
1072 149528
1400 48136
fn=core::ptr::drop_in_place<rustledger_core::display_context::DisplayContext>
1072 6
fn=core::ptr::drop_in_place<rustledger_core::inventory::Inventory>
1072 96
fn=core::ptr::drop_in_place<rustledger_loader::Loader>
1072 4
1400 1
fn=core::ptr::drop_in_place<rustledger_loader::options::Options>
1072 5
1400 2
fn=core::ptr::drop_in_place<rustledger_validate::LedgerState>
1072 26
1400 6
fn=core::ptr::drop_in_place<std::collections::hash::map::HashMap<rustledger_core::identifiers::Account,rustledger_core::inventory::Inventory,rustc_hash::FxBuildHasher>>
1072 52
fn=core::slice::sort::shared::smallsort::bidirectional_merge
0 1021
961 688
fn=core::slice::sort::stable::quicksort::quicksort
0 1059
961 348
1072 855
fn=hashbrown::map::HashMap<K,V,S,A>::contains_key
1072 60018
fn=hashbrown::map::HashMap<K,V,S,A>::get
1072 180000
fn=hashbrown::map::HashMap<K,V,S,A>::get_key_value
1072 125466
fn=hashbrown::map::HashMap<K,V,S,A>::get_mut
1072 80000
fn=hashbrown::map::HashMap<K,V,S,A>::insert
0 4
1072 85568
fn=hashbrown::raw::RawTable<T,A>::reserve_rehash
0 43002
961 7040
1072 379957
fn=hashbrown::raw::RawTableInner::fallible_with_capacity
961 30045
fn=hashbrown::rustc_entry::<impl hashbrown::map::HashMap<K,V,S,A>>::rustc_entry
1072 319940
fn=imbl::vector::GenericVector<A,P>::push_back
961 24
fn=jiff::tz::db::TimeZoneDatabase::get
961 2
fn=jiff::tz::db::zoneinfo::inner::walk
0 20
961 1226
fn=rayon::iter::plumbing::bridge_producer_consumer::helper
0 10
961 98
fn=rayon::slice::sort::par_mergesort
0 4
961 10
fn=rayon_core::join::join_context::{{closure}}
389 10
fn=rayon_core::registry::Registry::new
0 1
961 8
fn=rayon_core::registry::WorkerThread::take_local_job
389 10
fn=rowan::cursor::NodeData::next_sibling_or_token
961 900210
fn=rowan::cursor::SyntaxNode::next_sibling
961 240042
fn=rowan::green::node::GreenNode::new
0 228176
389 228176
fn=rowan::green::node_cache::NodeCache::node
961 59067
1072 23450
fn=rowan::green::node_cache::NodeCache::token
961 39078
1072 665376
fn=rustledger_booking::book::BookingEngine::apply
1072 24
fn=rustledger_booking::book::BookingEngine::book
0 10000
961 50000
fn=rustledger_booking::calculate_residual
1072 40000
fn=rustledger_booking::interpolate::interpolate
0 290000
961 90000
1072 130000
fn=rustledger_core::display_context::DisplayContext::update
961 7
1072 60001
fn=rustledger_core::inventory::Inventory::add
1072 120012
fn=rustledger_loader::Loader::load
0 2
961 4
fn=rustledger_loader::Loader::load_recursive
0 2
961 20021
1072 3
fn=rustledger_loader::dedup::reintern_directives
1072 62070
fn=rustledger_loader::options::Options::set
961 1
fn=rustledger_loader::process::ledger_errors_extend
961 6
fn=rustledger_loader::process::process
961 30031
1072 50000
fn=rustledger_loader::source_map::SourceMap::add_file
961 1
fn=rustledger_parser::cst::convert::convert_transaction
961 40000
fn=rustledger_parser::cst::convert::parse_via_cst
961 110058
fn=rustledger_parser::cst::format::amount_number_text
961 20000
fn=rustledger_parser::cst::lossless_tokens::lossless_kind_tokens
961 430113
fn=rustledger_parser::cst::parser::emit_amount
961 190000
fn=rustledger_parser::cst::parser::emit_amount_operand
961 40000
fn=rustledger_parser::cst::parser::emit_through_terminator
961 160120
fn=rustledger_parser::cst::parser::emit_tokens
961 1
fn=rustledger_parser::cst::parser::parse_structured
0 10000
961 190026
fn=rustledger_validate::validate_phase_inner
0 90110
961 160052
1072 160000
fl=/home/runner/.rustup/toolchains/stable-x86_64-unknown-linux-gnu/lib/rustlib/src/rust/library/core/src/ptr/non_null.rs
fn=<core::str::iter::Chars as core::iter::traits::iterator::Iterator>::advance_by
659 14
fn=<imbl::vector::GenericVector<A,P> as core::ops::index::IndexMut<usize>>::index_mut
444 39988
fn=<rowan::cursor::Preorder as core::iter::traits::iterator::Iterator>::next
1717 50009
fn=<rowan::cursor::PreorderWithTokens as core::iter::traits::iterator::Iterator>::next
444 240070
1717 50009
fn=<rustledger_core::directive::Posting as core::clone::Clone>::clone
444 160000
fn=<rustledger_core::directive::Transaction as core::clone::Clone>::clone
444 60000
659 40000
1717 40000
fn=alloc::collections::btree::map::BTreeMap<K,V,A>::insert
659 15
1717 20
fn=alloc::sync::Arc<T,A>::make_mut
0 40000
444 40000
fn=core::ptr::drop_in_place<(rustledger_core::identifiers::Account,rustledger_validate::AccountState)>
444 12
fn=core::ptr::drop_in_place<alloc::collections::btree::set::BTreeSet<rustledger_core::identifiers::Account>>
444 6
fn=core::ptr::drop_in_place<alloc::vec::Vec<rustledger_core::identifiers::Tag>>
444 6
fn=core::ptr::drop_in_place<alloc::vec::Vec<rustledger_core::span::Spanned<rustledger_core::identifiers::Account>>>
444 40012
fn=core::ptr::drop_in_place<rustledger_core::directive::Posting>
444 20000
fn=core::ptr::drop_in_place<rustledger_core::directive::Transaction>
444 20000
fn=core::ptr::drop_in_place<rustledger_core::inventory::Inventory>
444 36
fn=core::ptr::drop_in_place<rustledger_core::position::Position>
444 40000
fn=core::ptr::drop_in_place<rustledger_core::span::Spanned<rustledger_core::directive::Directive>>
444 10006
fn=core::ptr::drop_in_place<rustledger_core::span::Spanned<rustledger_core::directive::Posting>>
444 40000
fn=core::ptr::drop_in_place<rustledger_loader::source_map::SourceMap>
444 1
fn=core::ptr::drop_in_place<std::collections::hash::map::HashMap<rustledger_core::identifiers::Account,rustledger_core::inventory::Inventory,rustc_hash::FxBuildHasher>>
444 12
fn=core::slice::sort::stable::drift::sort
0 30000
1717 69997
fn=core::str::validations::next_code_point
659 14
1717 14
fn=crossbeam_deque::deque::Stealer<T>::steal
444 162
fn=crossbeam_epoch::default::with_handle
444 166
fn=jiff::shared::tzif::<impl jiff::shared::Tzif<alloc::string::String,jiff::shared::util::array_str::ArrayStr<30_usize>,alloc::vec::Vec<jiff::shared::TzifLocalTimeType>,alloc::vec::Vec<i64>,alloc::vec::Vec<jiff::shared::TzifDateTime>,alloc::vec::Vec<jiff::shared::TzifDateTime>,alloc::vec::Vec<jiff::shared::TzifTransitionInfo>>>::parse_footer
1717 5
fn=jiff::shared::tzif::<impl jiff::shared::Tzif<alloc::string::String,jiff::shared::util::array_str::ArrayStr<30_usize>,alloc::vec::Vec<jiff::shared::TzifLocalTimeType>,alloc::vec::Vec<i64>,alloc::vec::Vec<jiff::shared::TzifDateTime>,alloc::vec::Vec<jiff::shared::TzifDateTime>,alloc::vec::Vec<jiff::shared::TzifTransitionInfo>>>::parse_time_zone_designations
1717 3
fn=jiff::tz::db::zoneinfo::inner::walk
444 649
fn=jiff::tz::tzif::Tzif<alloc::string::String,jiff::shared::util::array_str::ArrayStr<30_usize>,alloc::vec::Vec<jiff::shared::TzifLocalTimeType>,alloc::vec::Vec<i64>,alloc::vec::Vec<jiff::shared::TzifDateTime>,alloc::vec::Vec<jiff::shared::TzifDateTime>,alloc::vec::Vec<jiff::shared::TzifTransitionInfo>>::parse
659 1
1717 3
fn=profile_pipeline::main
659 4
1717 1
fn=rayon::iter::plumbing::bridge_producer_consumer::helper
0 4
444 10
fn=rayon::slice::sort::par_mergesort
0 8
444 2
659 12
1717 14
fn=rayon_core::join::join_context::{{closure}}
444 40
fn=rayon_core::registry::Registry::new
444 4
1717 42
fn=rayon_core::registry::ThreadBuilder::run
444 8
fn=rayon_core::registry::WorkerThread::find_work
444 39
fn=rayon_core::registry::WorkerThread::take_local_job
444 71
fn=rayon_core::registry::WorkerThread::wait_until_cold
444 45
fn=rowan::cursor::NodeData::next_sibling_or_token
284 300070
fn=rowan::cursor::SyntaxNode::first_child
444 170019
1717 1510241
fn=rowan::cursor::SyntaxNode::first_child_or_token
444 410047
1717 410047
fn=rowan::cursor::SyntaxNode::next_sibling
284 80014
444 80014
659 40000
1717 80000
fn=rowan::cursor::SyntaxNode::to_next_sibling
1717 190026
fn=rowan::green::node::GreenNode::new
1717 326310
fn=rowan::green::node_cache::NodeCache::node
0 7112
284 1778
659 7324
1717 74604
fn=rowan::green::node_cache::NodeCache::token
1717 837088
fn=rowan::green::node_cache::node_hash
1717 57328
fn=rustledger_booking::book::BookingEngine::apply
444 40000
1717 30000
fn=rustledger_booking::book::BookingEngine::book
659 20000
1717 30000
fn=rustledger_booking::calculate_residual
444 40000
1717 30000
fn=rustledger_booking::interpolate::interpolate
0 30000
444 90000
659 20000
1717 70000
fn=rustledger_core::display_context::DisplayContext::update
1717 38045
fn=rustledger_core::intern::StringInterner::intern_with_status
444 80010
fn=rustledger_core::inventory::Inventory::add
444 40000
fn=rustledger_loader::Loader::load
444 40000
1717 80020
fn=rustledger_loader::Loader::load_recursive
444 1
659 20000
1717 20023
fn=rustledger_loader::dedup::reintern_directives
444 130031
659 10006
1717 80019
fn=rustledger_loader::options::Options::set
1717 2
fn=rustledger_loader::process::ledger_errors_extend
1717 3
fn=rustledger_loader::process::process
444 10000
659 10006
1717 50034
fn=rustledger_loader::process::run_plugins
1717 4
fn=rustledger_parser::cst::convert::parse_via_cst
444 10006
1717 150275112
fn=rustledger_parser::cst::lossless_tokens::lossless_kind_tokens
1717 460123
fn=rustledger_parser::cst::parser::emit_tokens
1717 10011
fn=rustledger_validate::validate_phase_inner
0 20000
444 100018
659 20068
1717 310148
fl=/home/runner/.rustup/toolchains/stable-x86_64-unknown-linux-gnu/lib/rustlib/src/rust/library/core/src/result.rs
fn=<core::iter::adapters::map::Map<I,F> as core::iter::traits::iterator::Iterator>::next
0 96
1595 96
1620 12
fn=<rayon_core::latch::LatchRef<L> as rayon_core::latch::Latch>::set
1231 2
fn=<rayon_core::latch::LockLatch as rayon_core::latch::Latch>::set
1231 4
fn=<rayon_core::registry::DefaultSpawn as rayon_core::registry::ThreadSpawn>::spawn
2173 8
fn=<rustledger_core::identifiers::Tag as core::convert::From<&str>>::from
1620 12
fn=<rustledger_core::intern::InternedStr as core::convert::From<alloc::string::String>>::from
1620 40000
fn=<rustledger_loader::vfs::DiskFileSystem as rustledger_loader::vfs::FileSystem>::is_encrypted
713 2
fn=<rustledger_loader::vfs::DiskFileSystem as rustledger_loader::vfs::FileSystem>::read
0 2
966 4
967 1
1620 2
fn=alloc::raw_vec::RawVec<T,A>::grow_one
2173 20248
2174 10124
fn=alloc::raw_vec::RawVecInner<A>::reserve::do_reserve_and_handle
2173 42448
2174 21224
fn=crossbeam_epoch::collector::Collector::register
835 4
fn=hashbrown::map::HashMap<K,V,S,A>::get_key_value
0 110
1718 220
fn=hashbrown::map::HashMap<K,V,S,A>::insert
0 111
1718 222
fn=hashbrown::raw::RawTable<T,A>::reserve_rehash
0 221
1718 67268
2173 132
fn=jiff::shared::posix::Parser::parse_abbreviation
0 3
966 2
967 1
fn=jiff::shared::posix::Parser::parse_prefix
966 4
967 5
2174 4
fn=jiff::shared::tzif::<impl jiff::shared::Tzif<alloc::string::String,jiff::shared::util::array_str::ArrayStr<30_usize>,alloc::vec::Vec<jiff::shared::TzifLocalTimeType>,alloc::vec::Vec<i64>,alloc::vec::Vec<jiff::shared::TzifDateTime>,alloc::vec::Vec<jiff::shared::TzifDateTime>,alloc::vec::Vec<jiff::shared::TzifTransitionInfo>>>::parse_footer
0 7
2173 3
2174 12
fn=jiff::shared::tzif::<impl jiff::shared::Tzif<alloc::string::String,jiff::shared::util::array_str::ArrayStr<30_usize>,alloc::vec::Vec<jiff::shared::TzifLocalTimeType>,alloc::vec::Vec<i64>,alloc::vec::Vec<jiff::shared::TzifDateTime>,alloc::vec::Vec<jiff::shared::TzifDateTime>,alloc::vec::Vec<jiff::shared::TzifTransitionInfo>>>::parse_time_zone_designations
0 3
fn=jiff::tz::db::TimeZoneDatabase::get
0 2
713 2
1231 3
fn=jiff::tz::db::zoneinfo::inner::CachedTimeZone::new
594 3
966 4
fn=jiff::tz::db::zoneinfo::inner::Database::from_dir
0 1
2173 4
2174 1
fn=jiff::tz::db::zoneinfo::inner::walk
0 21
713 2372
714 2372
835 21
966 1821
fn=jiff::tz::system::get
1231 2
fn=jiff::tz::system::sys::read
713 2
714 2
fn=jiff::tz::timezone::TimeZone::tzif
0 1
2173 4
2174 3
fn=jiff::tz::tzif::Tzif<alloc::string::String,jiff::shared::util::array_str::ArrayStr<30_usize>,alloc::vec::Vec<jiff::shared::TzifLocalTimeType>,alloc::vec::Vec<i64>,alloc::vec::Vec<jiff::shared::TzifDateTime>,alloc::vec::Vec<jiff::shared::TzifDateTime>,alloc::vec::Vec<jiff::shared::TzifTransitionInfo>>::parse
0 14
966 13
967 32
1718 5
2173 16
2174 4
fn=rayon_core::latch::LockLatch::wait_and_reset
0 12
1231 4
fn=rayon_core::registry::Registry::new
713 4
835 2
fn=rayon_core::registry::global_registry
0 1
1563 9
fn=rowan::green::node::GreenNode::new
0 49067
1183 49067
fn=rowan::green::node_cache::NodeCache::token
0 78156
1183 39078
1718 147705
fn=rowan::green::node_cache::node_hash
1718 39015
fn=rustledger_booking::book::BookingEngine::book_and_interpolate
0 220000
2173 70000
2174 150000
fn=rustledger_core::intern::StringInterner::intern_with_status
1620 40014
fn=rustledger_core::naive_date
713 10006
717 10006
2173 20012
fn=rustledger_loader::Loader::load
2173 2
fn=rustledger_loader::Loader::load_recursive
0 2
2173 3
fn=rustledger_loader::process::load
0 8
2173 3
2174 3
fn=rustledger_loader::process::process
2173 11
2174 4
fn=rustledger_parser::cst::ast::nth_token
0 24
1595 14
fn=rustledger_parser::cst::convert::convert_amount_to_incomplete
1620 40000
fn=rustledger_parser::cst::convert::convert_transaction
1620 40000
fn=rustledger_parser::cst::convert::parse_decimal_token
0 60000
714 40000
fn=rustledger_parser::cst::convert::parse_via_cst
0 280078
1595 490067
1620 80024
fn=rustledger_validate::validate_phase_inner
713 28
fl=/home/runner/.rustup/toolchains/stable-x86_64-unknown-linux-gnu/lib/rustlib/src/rust/library/core/src/slice/ascii.rs
fn=jiff::tz::db::zoneinfo::inner::walk
0 4643
198 12846
201 2992
fl=/home/runner/.rustup/toolchains/stable-x86_64-unknown-linux-gnu/lib/rustlib/src/rust/library/core/src/slice/cmp.rs
fn=<char as core::str::pattern::Pattern>::is_contained_in
0 20108
22 290108
158 3397410
fn=<core::str::pattern::CharSearcher as core::str::pattern::Searcher>::next_match
0 150085
158 180102
fn=<rustledger_loader::vfs::DiskFileSystem as rustledger_loader::vfs::FileSystem>::is_encrypted
22 2
fn=<std::path::Components as core::cmp::PartialEq>::eq
0 2
158 5
fn=alloc::collections::btree::map::BTreeMap<K,V,A>::insert
348 45
356 45
357 30
fn=core::slice::sort::shared::pivot::median3_rec
0 256
348 676
356 895
357 402
fn=core::slice::sort::shared::smallsort::bidirectional_merge
348 2850
356 1900
357 1900
fn=core::slice::sort::shared::smallsort::sort4_stable
348 1470
356 1078
357 980
fn=core::slice::sort::stable::drift::sort
348 78
356 78
357 52
fn=core::slice::sort::stable::quicksort::quicksort
0 8409
348 13282
356 7323
357 8842
fn=hashbrown::map::HashMap<K,V,S,A>::get_key_value
22 83644
158 122286
fn=hashbrown::map::HashMap<K,V,S,A>::insert
0 757
22 3632
158 3028
fn=jiff::shared::tzif::<impl jiff::shared::Tzif<alloc::string::String,jiff::shared::util::array_str::ArrayStr<30_usize>,alloc::vec::Vec<jiff::shared::TzifLocalTimeType>,alloc::vec::Vec<i64>,alloc::vec::Vec<jiff::shared::TzifDateTime>,alloc::vec::Vec<jiff::shared::TzifDateTime>,alloc::vec::Vec<jiff::shared::TzifTransitionInfo>>>::parse_time_zone_designations
0 1
158 2
fn=jiff::tz::db::zoneinfo::inner::walk
0 4
22 68
158 20
fn=rowan::green::node_cache::NodeCache::token
0 1346212
158 961580
fn=rustledger_core::display_context::DisplayContext::update
0 19999
22 39998
158 79996
fn=rustledger_loader::options::Options::set
0 4
22 29
158 28
fn=rustledger_parser::cst::convert::parse_via_cst
158 5
fn=rustledger_parser::cst::lossless_tokens::lossless_kind_tokens
158 5
fn=rustledger_validate::validate_phase_inner
22 36
158 32
fl=/home/runner/.rustup/toolchains/stable-x86_64-unknown-linux-gnu/lib/rustlib/src/rust/library/core/src/slice/index.rs
fn=<core::str::pattern::CharSearcher as core::str::pattern::Searcher>::next_match
0 30017
89 60041
fn=<imbl::vector::GenericVector<A,P> as core::ops::index::IndexMut<usize>>::index_mut
229 79976
fn=core::hash::BuildHasher::hash_one
89 18
fn=core::ptr::drop_in_place<alloc::collections::btree::set::BTreeSet<rustledger_core::identifiers::Account>>
266 6
fn=core::slice::sort::stable::drift::sort
0 1
101 9
272 100050
fn=core::str::pattern::TwoWaySearcher::next_back
0 14
219 16
fn=crossbeam_deque::deque::Injector<T>::push
0 2
253 4
fn=hashbrown::raw::RawTable<T,A>::reserve_rehash
89 109888
573 109888
fn=jiff::shared::posix::Parser::parse_posix_offset
219 1
fn=jiff::shared::posix::Parser::parse_prefix
89 1
568 3
fn=jiff::shared::tzif::<impl jiff::shared::Tzif<alloc::string::String,jiff::shared::util::array_str::ArrayStr<30_usize>,alloc::vec::Vec<jiff::shared::TzifLocalTimeType>,alloc::vec::Vec<i64>,alloc::vec::Vec<jiff::shared::TzifDateTime>,alloc::vec::Vec<jiff::shared::TzifDateTime>,alloc::vec::Vec<jiff::shared::TzifTransitionInfo>>>::parse_footer
89 2
573 1
fn=jiff::shared::tzif::<impl jiff::shared::Tzif<alloc::string::String,jiff::shared::util::array_str::ArrayStr<30_usize>,alloc::vec::Vec<jiff::shared::TzifLocalTimeType>,alloc::vec::Vec<i64>,alloc::vec::Vec<jiff::shared::TzifDateTime>,alloc::vec::Vec<jiff::shared::TzifDateTime>,alloc::vec::Vec<jiff::shared::TzifTransitionInfo>>>::parse_time_zone_designations
89 1
fn=jiff::tz::db::special_time_zone
219 11
fn=jiff::tz::db::zoneinfo::inner::ZoneInfoNamesInner::get
219 319
272 2
fn=jiff::tz::tzif::Tzif<alloc::string::String,jiff::shared::util::array_str::ArrayStr<30_usize>,alloc::vec::Vec<jiff::shared::TzifLocalTimeType>,alloc::vec::Vec<i64>,alloc::vec::Vec<jiff::shared::TzifDateTime>,alloc::vec::Vec<jiff::shared::TzifDateTime>,alloc::vec::Vec<jiff::shared::TzifTransitionInfo>>::parse
0 7
89 7
278 4
573 7
fn=rayon::iter::plumbing::bridge_producer_consumer::helper
0 12
89 12
573 24
fn=rayon_core::registry::ThreadBuilder::run
272 32
fn=rayon_core::registry::WorkerThread::find_work
253 6
fn=rowan::green::node_cache::NodeCache::node
0 50009
89 100018
568 150027
fn=rowan::green::node_cache::NodeCache::token
89 207773
573 207773
fn=rowan::green::node_cache::node_hash
89 39015
573 39015
fn=rustledger_loader::process::process
278 40024
fn=rustledger_parser::cst::convert::parse_via_cst
219 10006
fn=rustledger_parser::cst::parser::emit_amount
219 260000
221 180000
fn=rustledger_parser::cst::parser::emit_amount_operand
0 60000
219 40000
221 40000
fn=rustledger_parser::cst::parser::parse_structured
0 20008
219 160049
221 50008
fl=/home/runner/.rustup/toolchains/stable-x86_64-unknown-linux-gnu/lib/rustlib/src/rust/library/core/src/slice/iter.rs
fn=rayon::iter::plumbing::bridge_producer_consumer::helper
0 24
1695 24
1738 24
fl=/home/runner/.rustup/toolchains/stable-x86_64-unknown-linux-gnu/lib/rustlib/src/rust/library/core/src/slice/iter/macros.rs
fn=<core::str::iter::Chars as core::iter::traits::iterator::Iterator>::advance_by
109 14
fn=<rustledger_core::directive::Transaction as core::clone::Clone>::clone
180 40000
fn=alloc::collections::btree::map::BTreeMap<K,V,A>::insert
180 20
fn=core::slice::sort::stable::drift::sort
0 89993
180 50003
fn=core::str::validations::next_code_point
161 14
180 14
185 14
fn=jiff::shared::tzif::<impl jiff::shared::Tzif<alloc::string::String,jiff::shared::util::array_str::ArrayStr<30_usize>,alloc::vec::Vec<jiff::shared::TzifLocalTimeType>,alloc::vec::Vec<i64>,alloc::vec::Vec<jiff::shared::TzifDateTime>,alloc::vec::Vec<jiff::shared::TzifDateTime>,alloc::vec::Vec<jiff::shared::TzifTransitionInfo>>>::parse_footer
0 3
180 5
384 5
390 4
fn=jiff::shared::tzif::<impl jiff::shared::Tzif<alloc::string::String,jiff::shared::util::array_str::ArrayStr<30_usize>,alloc::vec::Vec<jiff::shared::TzifLocalTimeType>,alloc::vec::Vec<i64>,alloc::vec::Vec<jiff::shared::TzifDateTime>,alloc::vec::Vec<jiff::shared::TzifDateTime>,alloc::vec::Vec<jiff::shared::TzifTransitionInfo>>>::parse_time_zone_designations
180 2
fn=jiff::tz::tzif::Tzif<alloc::string::String,jiff::shared::util::array_str::ArrayStr<30_usize>,alloc::vec::Vec<jiff::shared::TzifLocalTimeType>,alloc::vec::Vec<i64>,alloc::vec::Vec<jiff::shared::TzifDateTime>,alloc::vec::Vec<jiff::shared::TzifDateTime>,alloc::vec::Vec<jiff::shared::TzifTransitionInfo>>::parse
0 5
180 8
fn=rowan::cursor::<impl rowan::utility_types::NodeOrToken<rowan::cursor::SyntaxNode,rowan::cursor::SyntaxToken>>::to_next_sibling_or_token
230 1050144
fn=rowan::cursor::NodeData::next_sibling_or_token
230 300070
fn=rowan::cursor::SyntaxNode::first_child
0 680076
180 840130
fn=rowan::cursor::SyntaxNode::first_child_or_token
180 410047
fn=rowan::cursor::SyntaxNode::next_sibling
180 40000
fn=rowan::cursor::SyntaxNode::to_next_sibling
180 190026
230 130026
fn=rowan::green::node::GreenNode::new
0 326310
180 522578
185 49067
fn=rowan::green::node_cache::NodeCache::node
0 30000
180 48266
fn=rowan::green::node_cache::NodeCache::token
0 195390
180 692090
fn=rowan::green::node_cache::node_hash
0 85992
180 57328
fn=rustledger_booking::book::BookingEngine::apply
0 100000
180 30000
fn=rustledger_booking::book::BookingEngine::book
180 30000
332 40000
fn=rustledger_booking::calculate_residual
0 80000
180 30000
fn=rustledger_booking::interpolate::interpolate
0 30000
180 40000
fn=rustledger_core::display_context::DisplayContext::update
180 38045
fn=rustledger_loader::Loader::load
0 11
180 50014
fn=rustledger_loader::Loader::load_recursive
0 10000
180 210007
fn=rustledger_loader::dedup::reintern_directives
0 40036
180 60026
fn=rustledger_loader::options::Options::set
0 2
180 2
332 7
fn=rustledger_loader::process::process
0 9
28 5
180 20014
279 3
284 5
fn=rustledger_loader::process::run_plugins
0 4
180 4
fn=rustledger_parser::cst::convert::parse_via_cst
0 50135077
25 10008
180 50115050
384 50085033
406 10007
407 10007
fn=rustledger_validate::validate_phase_inner
0 245081
161 78
180 360149
185 64
279 12
284 36
301 10008
332 40016
fl=/home/runner/.rustup/toolchains/stable-x86_64-unknown-linux-gnu/lib/rustlib/src/rust/library/core/src/slice/memchr.rs
fn=<core::str::pattern::CharSearcher as core::str::pattern::Searcher>::next_match
0 22
27 270216
39 168
40 148
44 69
fn=jiff::shared::tzif::<impl jiff::shared::Tzif<alloc::string::String,jiff::shared::util::array_str::ArrayStr<30_usize>,alloc::vec::Vec<jiff::shared::TzifLocalTimeType>,alloc::vec::Vec<i64>,alloc::vec::Vec<jiff::shared::TzifDateTime>,alloc::vec::Vec<jiff::shared::TzifDateTime>,alloc::vec::Vec<jiff::shared::TzifTransitionInfo>>>::parse_time_zone_designations
0 1
27 2
39 8
40 8
44 3
fn=rustledger_parser::cst::ast::StringLit::text_decoded
0 40004
27 40008
39 435582
40 375576
44 187788
fn=rustledger_parser::cst::convert::parse_decimal_token
0 40000
27 40000
39 287392
40 227392
44 113696
fn=rustledger_parser::cst::format::canonical_number
0 80000
27 40000
39 287392
40 227392
44 113696
fl=/home/runner/.rustup/toolchains/stable-x86_64-unknown-linux-gnu/lib/rustlib/src/rust/library/core/src/slice/mod.rs
fn=core::slice::sort::stable::drift::sort
979 6
1014 3
fn=core::slice::sort::stable::quicksort::quicksort
2193 52
fn=hashbrown::map::HashMap<K,V,S,A>::contains_key
2154 9
fn=hashbrown::map::HashMap<K,V,S,A>::get
2154 90447
fn=hashbrown::map::HashMap<K,V,S,A>::get_key_value
2154 30153
fn=hashbrown::map::HashMap<K,V,S,A>::get_mut
2154 30147
fn=hashbrown::map::HashMap<K,V,S,A>::insert
2154 30
fn=hashbrown::raw::RawTable<T,A>::reserve_rehash
2154 108
fn=hashbrown::rustc_entry::<impl hashbrown::map::HashMap<K,V,S,A>>::rustc_entry
2154 30147
fn=jiff::shared::tzif::<impl jiff::shared::Tzif<alloc::string::String,jiff::shared::util::array_str::ArrayStr<30_usize>,alloc::vec::Vec<jiff::shared::TzifLocalTimeType>,alloc::vec::Vec<i64>,alloc::vec::Vec<jiff::shared::TzifDateTime>,alloc::vec::Vec<jiff::shared::TzifDateTime>,alloc::vec::Vec<jiff::shared::TzifTransitionInfo>>>::parse_indicators
0 1
fn=jiff::shared::tzif::<impl jiff::shared::Tzif<alloc::string::String,jiff::shared::util::array_str::ArrayStr<30_usize>,alloc::vec::Vec<jiff::shared::TzifLocalTimeType>,alloc::vec::Vec<i64>,alloc::vec::Vec<jiff::shared::TzifDateTime>,alloc::vec::Vec<jiff::shared::TzifDateTime>,alloc::vec::Vec<jiff::shared::TzifTransitionInfo>>>::parse_transitions
0 3
2154 2
fn=jiff::tz::db::zoneinfo::inner::CachedZones::get_zone_index
0 2
2975 6
fn=jiff::tz::db::zoneinfo::inner::ZoneInfoNamesInner::get
0 10
2975 4
2984 20
2985 20
2986 10
2991 10
3006 10
3010 1
3011 2
fn=jiff::tz::tzif::Tzif<alloc::string::String,jiff::shared::util::array_str::ArrayStr<30_usize>,alloc::vec::Vec<jiff::shared::TzifLocalTimeType>,alloc::vec::Vec<i64>,alloc::vec::Vec<jiff::shared::TzifDateTime>,alloc::vec::Vec<jiff::shared::TzifDateTime>,alloc::vec::Vec<jiff::shared::TzifTransitionInfo>>::parse
0 1
282 2
2154 3
fn=rayon::iter::plumbing::bridge_producer_consumer::helper
1200 24
2109 10
fn=rayon::slice::sort::par_mergesort
0 6
fn=rust_decimal::str::handle_digit_64
199 334784
fn=rust_decimal::str::handle_point
199 80000
fn=rustledger_loader::process::process
0 1
156 3
282 1
fn=rustledger_loader::process::run_plugins
156 4
fn=rustledger_parser::cst::convert::parse_via_cst
2624 2
fn=rustledger_parser::cst::lossless_tokens::lossless_kind_tokens
2624 2
fl=/home/runner/.rustup/toolchains/stable-x86_64-unknown-linux-gnu/lib/rustlib/src/rust/library/core/src/slice/sort/shared/mod.rs
fn=core::slice::sort::stable::drift::sort
0 20067
25 25
34 22
35 16
36 59
37 8
40 170074
42 30012
fl=/home/runner/.rustup/toolchains/stable-x86_64-unknown-linux-gnu/lib/rustlib/src/rust/library/core/src/slice/sort/shared/pivot.rs
fn=core::slice::sort::shared::pivot::median3_rec
0 293
55 657
65 146
66 19
67 38
68 76
69 133
73 584
82 146
83 73
84 146
89 110
fn=core::slice::sort::stable::quicksort::quicksort
0 89
28 52
34 52
37 48
82 20
83 10
84 20
89 18
fl=/home/runner/.rustup/toolchains/stable-x86_64-unknown-linux-gnu/lib/rustlib/src/rust/library/core/src/slice/sort/shared/smallsort.rs
fn=core::slice::sort::shared::smallsort::bidirectional_merge
0 124
704 1425
707 475
737 950
741 475
760 568
797 142
826 71
827 45
828 18
837 284
841 568
fn=core::slice::sort::shared::smallsort::sort4_stable
0 294
612 882
626 196
627 196
628 98
630 196
631 98
641 294
642 196
649 588
658 784
fn=core::slice::sort::stable::quicksort::quicksort
0 1059
226 54
230 81
235 54
241 76
252 10
254 15
255 15
286 135
547 605
566 2136
572 3428
671 110
672 66
678 198
fl=/home/runner/.rustup/toolchains/stable-x86_64-unknown-linux-gnu/lib/rustlib/src/rust/library/core/src/slice/sort/stable/drift.rs
fn=core::slice::sort::stable::drift::sort
0 173
20 42
27 8
37 11
40 3
57 54
62 115
87 115
90 9
91 9
103 17
104 17
105 13
109 17
113 13
117 8
120 32
168 26
169 13
170 39
203 9
204 45
234 28
240 76
241 6
249 20
260 1
269 4
270 6
281 5
286 19
296 101
fl=/home/runner/.rustup/toolchains/stable-x86_64-unknown-linux-gnu/lib/rustlib/src/rust/library/core/src/slice/sort/stable/merge.rs
fn=core::slice::sort::stable::drift::sort
0 3
fl=/home/runner/.rustup/toolchains/stable-x86_64-unknown-linux-gnu/lib/rustlib/src/rust/library/core/src/slice/sort/stable/mod.rs
fn=core::slice::sort::stable::driftsort_main
0 4
94 32
115 16
124 6
127 9
134 12
135 14
136 18
fn=jiff::tz::db::zoneinfo::inner::walk
0 2
38 1
78 1
83 2
fn=rustledger_loader::process::process
0 2
38 3
78 3
83 10
fn=rustledger_parser::cst::convert::parse_via_cst
38 2
fl=/home/runner/.rustup/toolchains/stable-x86_64-unknown-linux-gnu/lib/rustlib/src/rust/library/core/src/slice/sort/stable/quicksort.rs
fn=core::slice::sort::stable::quicksort::quicksort
0 8214
16 324
26 268
31 52
59 26
60 21
64 21
66 26
69 26
78 208
81 216
98 52
122 26
131 1630
132 763
133 763
134 763
135 763
140 236
141 66
144 104
226 3118
230 1658
fl=/home/runner/.rustup/toolchains/stable-x86_64-unknown-linux-gnu/lib/rustlib/src/rust/library/core/src/str/count.rs
fn=rustledger_parser::cst::format::compute_alignment
0 40000
28 80000
fl=/home/runner/.rustup/toolchains/stable-x86_64-unknown-linux-gnu/lib/rustlib/src/rust/library/core/src/str/iter.rs
fn=<core::str::iter::Chars as core::iter::traits::iterator::Iterator>::advance_by
0 56
51 28
54 28
87 42
89 14
97 14
fn=rustledger_loader::source_map::SourceMap::add_file
1061 90030
fn=rustledger_validate::validate_phase_inner
0 24
42 28
643 12
644 6
646 18
648 6
658 28
662 8
663 70
665 16
666 8
667 14
669 2
fl=/home/runner/.rustup/toolchains/stable-x86_64-unknown-linux-gnu/lib/rustlib/src/rust/library/core/src/str/mod.rs
fn=core::str::<impl str>::rfind
1523 3
1528 2
fn=jiff::shared::tzif::<impl jiff::shared::Tzif<alloc::string::String,jiff::shared::util::array_str::ArrayStr<30_usize>,alloc::vec::Vec<jiff::shared::TzifLocalTimeType>,alloc::vec::Vec<i64>,alloc::vec::Vec<jiff::shared::TzifDateTime>,alloc::vec::Vec<jiff::shared::TzifDateTime>,alloc::vec::Vec<jiff::shared::TzifTransitionInfo>>>::parse_time_zone_designations
378 4
fn=jiff::tz::system::sys::read
378 2
382 2
fn=rustledger_loader::options::Options::set
0 2
500 2
fn=rustledger_parser::cst::convert::parse_date_token
394 20012
fn=rustledger_parser::cst::convert::parse_via_cst
0 230061
1364 460122
fn=rustledger_parser::cst::parser::emit_amount
0 100000
378 200000
382 200000
fn=rustledger_parser::cst::parser::emit_amount_operand
378 80000
382 80000
fn=rustledger_parser::cst::parser::emit_through_terminator
0 160119
378 320240
382 320238
fn=rustledger_parser::cst::parser::emit_tokens
378 4
382 4
fn=rustledger_parser::cst::parser::parse_structured
0 159999
378 320000
382 320000
fn=rustledger_validate::validate_phase_inner
1652 60
fl=/home/runner/.rustup/toolchains/stable-x86_64-unknown-linux-gnu/lib/rustlib/src/rust/library/core/src/str/pattern.rs
fn=<char as core::str::pattern::Pattern>::is_contained_in
0 310215
583 1840488
587 230061
588 10054
590 2070549
992 460122
1821 139968
1833 40216
1878 20108
1891 80432
1893 20108
1905 20108
fn=<core::str::pattern::CharSearcher as core::str::pattern::Searcher>::next_match
0 270202
432 360288
438 120096
457 90051
458 150085
461 30017
462 120068
468 7
472 240192
fn=core::str::<impl str>::rfind
0 7
976 3
1251 2
1259 1
1260 1
1262 1
1263 1
fn=core::str::pattern::TwoWaySearcher::next_back
0 24
1544 9
1569 24
1578 48
1583 24
1584 120
1585 42
1594 3
1595 2
1596 8
1608 1
1609 2
1615 8
1741 3
fn=jiff::shared::tzif::<impl jiff::shared::Tzif<alloc::string::String,jiff::shared::util::array_str::ArrayStr<30_usize>,alloc::vec::Vec<jiff::shared::TzifLocalTimeType>,alloc::vec::Vec<i64>,alloc::vec::Vec<jiff::shared::TzifDateTime>,alloc::vec::Vec<jiff::shared::TzifDateTime>,alloc::vec::Vec<jiff::shared::TzifTransitionInfo>>>::parse_time_zone_designations
0 1
457 2
458 3
461 4
fn=rustledger_parser::cst::convert::parse_via_cst
0 1
1018 1
fn=rustledger_parser::cst::lossless_tokens::lossless_kind_tokens
0 2
1018 1
fl=/home/runner/.rustup/toolchains/stable-x86_64-unknown-linux-gnu/lib/rustlib/src/rust/library/core/src/str/traits.rs
fn=<rustledger_parser::logos_lexer::Token as logos::Logos>::lex::state0
211 20006
fn=<rustledger_parser::logos_lexer::Token as logos::Logos>::lex::state1140
211 10006
fn=<rustledger_parser::logos_lexer::Token as logos::Logos>::lex::state172
211 90022
fn=<rustledger_parser::logos_lexer::Token as logos::Logos>::lex::state38
211 20006
fn=<rustledger_parser::logos_lexer::Token as logos::Logos>::lex::state395
211 20004
fn=jiff::shared::tzif::<impl jiff::shared::Tzif<alloc::string::String,jiff::shared::util::array_str::ArrayStr<30_usize>,alloc::vec::Vec<jiff::shared::TzifLocalTimeType>,alloc::vec::Vec<i64>,alloc::vec::Vec<jiff::shared::TzifDateTime>,alloc::vec::Vec<jiff::shared::TzifDateTime>,alloc::vec::Vec<jiff::shared::TzifTransitionInfo>>>::parse_time_zone_designations
0 4
211 2
fn=jiff::tz::system::sys::read
211 1
508 1
fn=jiff::tz::tzif::Tzif<alloc::string::String,jiff::shared::util::array_str::ArrayStr<30_usize>,alloc::vec::Vec<jiff::shared::TzifLocalTimeType>,alloc::vec::Vec<i64>,alloc::vec::Vec<jiff::shared::TzifDateTime>,alloc::vec::Vec<jiff::shared::TzifDateTime>,alloc::vec::Vec<jiff::shared::TzifTransitionInfo>>::parse
0 5
fn=rustledger_parser::cst::ast::StringLit::text_decoded
0 20004
163 20004
211 20004
fn=rustledger_parser::cst::convert::parse_date_token
163 20012
fn=rustledger_parser::cst::lossless_tokens::lossless_kind_tokens
0 60018
fn=rustledger_parser::cst::parser::emit_amount
162 150000
163 50000
164 50000
fn=rustledger_parser::cst::parser::emit_amount_operand
162 60000
163 20000
164 20000
fn=rustledger_parser::cst::parser::emit_through_terminator
162 240180
163 80059
164 80060
fn=rustledger_parser::cst::parser::emit_tokens
162 3
163 1
164 1
fn=rustledger_parser::cst::parser::parse_structured
0 40000
162 240000
163 80000
164 80000
fn=rustledger_validate::validate_phase_inner
211 8
fl=/home/runner/.rustup/toolchains/stable-x86_64-unknown-linux-gnu/lib/rustlib/src/rust/library/core/src/str/validations.rs
fn=<core::str::iter::Chars as core::iter::traits::iterator::Iterator>::advance_by
279 14
fn=core::str::validations::next_code_point
0 14
37 14
38 28
69 14
fn=rustledger_validate::validate_phase_inner
37 78
38 156
fl=/home/runner/.rustup/toolchains/stable-x86_64-unknown-linux-gnu/lib/rustlib/src/rust/library/core/src/sync/atomic.rs
fn=<crossbeam_epoch::collector::Collector as core::default::Default>::default
3889 2
fn=<rayon_core::latch::LatchRef<L> as rayon_core::latch::Latch>::set
3904 8
3922 2
3989 4
fn=<rayon_core::latch::LockLatch as rayon_core::latch::Latch>::set
3904 16
3922 4
3989 8
fn=<rayon_core::registry::DefaultSpawn as rayon_core::registry::ThreadSpawn>::spawn
3889 1
3904 8
3937 8
3956 8
fn=<rayon_core::registry::WorkerThread as core::convert::From<rayon_core::registry::ThreadBuilder>>::from
3937 8
fn=<rustledger_core::directive::Posting as core::clone::Clone>::clone
3937 80000
fn=<rustledger_core::directive::Transaction as core::clone::Clone>::clone
3937 40000
fn=alloc::sync::Arc<T,A>::drop_slow
3956 120044
fn=alloc::sync::Arc<T,A>::make_mut
3890 40000
3904 40000
3989 80000
fn=core::ptr::drop_in_place<(rustledger_core::identifiers::Account,rustledger_validate::AccountState)>
3956 12
fn=core::ptr::drop_in_place<alloc::collections::btree::set::BTreeSet<rustledger_core::identifiers::Account>>
3956 6
fn=core::ptr::drop_in_place<alloc::vec::Vec<rustledger_core::identifiers::Tag>>
3956 6
fn=core::ptr::drop_in_place<alloc::vec::Vec<rustledger_core::span::Spanned<rustledger_core::identifiers::Account>>>
3956 40012
fn=core::ptr::drop_in_place<alloc::vec::drain::Drain<(u64,rowan::utility_types::NodeOrToken<rowan::green::node::GreenNode,rowan::green::token::GreenToken>)>>
3956 2826
fn=core::ptr::drop_in_place<rowan::green::builder::GreenNodeBuilder>
3956 48136
fn=core::ptr::drop_in_place<rustledger_core::directive::Posting>
3956 20000
fn=core::ptr::drop_in_place<rustledger_core::directive::Transaction>
3956 40000
fn=core::ptr::drop_in_place<rustledger_core::inventory::Inventory>
3956 36
fn=core::ptr::drop_in_place<rustledger_core::position::Position>
3956 40000
fn=core::ptr::drop_in_place<rustledger_core::span::Spanned<rustledger_core::directive::Directive>>
3956 20006
fn=core::ptr::drop_in_place<rustledger_core::span::Spanned<rustledger_core::directive::Posting>>
3956 40000
fn=core::ptr::drop_in_place<rustledger_loader::source_map::SourceMap>
3956 1
fn=core::ptr::drop_in_place<std::collections::hash::map::HashMap<rustledger_core::identifiers::Account,rustledger_core::inventory::Inventory,rustc_hash::FxBuildHasher>>
3956 12
fn=crossbeam_deque::deque::Injector<T>::push
0 2
3905 12
4084 4
4137 2
fn=crossbeam_deque::deque::Stealer<T>::steal
3890 162
3905 324
fn=crossbeam_epoch::collector::Collector::register
0 4
3889 4
3904 4
3937 4
4063 4
fn=crossbeam_epoch::default::with_handle
3904 162
4022 324
fn=crossbeam_epoch::internal::Global::collect
3905 8
fn=crossbeam_epoch::internal::Global::try_advance
0 10
3890 8
3904 14
3905 22
4390 4
fn=crossbeam_epoch::sync::once_lock::OnceLock<T>::initialize
3905 1
fn=hashbrown::rustc_entry::<impl hashbrown::map::HashMap<K,V,S,A>>::rustc_entry
3956 99982
fn=jiff::tz::db::TimeZoneDatabase::get
3904 9
3937 1
3956 3
4054 5
fn=jiff::tz::db::zoneinfo::inner::CachedTimeZone::new
3889 1
3937 1
fn=jiff::tz::db::zoneinfo::inner::ZoneInfoNamesInner::get
3937 1
fn=jiff::tz::db::zoneinfo::inner::walk
3956 649
fn=jiff::tz::system::get
3904 6
3937 1
3956 2
4054 3
fn=rayon_core::join::join_context::{{closure}}
3890 10
3904 20
3905 20
3906 20
fn=rayon_core::latch::LockLatch::wait_and_reset
3904 12
3922 2
3989 4
fn=rayon_core::registry::Registry::in_worker_cold
3906 6
4016 1
4390 2
fn=rayon_core::registry::Registry::new
0 4
3937 12
fn=rayon_core::registry::ThreadBuilder::run
3905 4
fn=rayon_core::registry::WorkerThread::find_work
3904 39
3905 80
4084 2
4138 10
4390 39
fn=rayon_core::registry::WorkerThread::take_local_job
3889 16
3904 120
4016 6
4390 10
fn=rayon_core::registry::WorkerThread::wait_until_cold
3905 51
3941 6
3958 4
fn=rayon_core::registry::global_registry
3905 8
fn=rowan::arc::Arc<T>::drop_slow
3905 88144
3956 277243
fn=rowan::cursor::free
3956 1
fn=rowan::green::node::GreenNode::new
3905 49067
fn=rowan::green::node_cache::NodeCache::node
3937 10000
fn=rowan::green::node_cache::NodeCache::token
0 190983
3937 230061
fn=rustledger_booking::book::BookingEngine::apply
3937 40000
fn=rustledger_booking::calculate_residual
3937 20000
fn=rustledger_booking::interpolate::interpolate
3937 40000
3956 10000
fn=rustledger_core::intern::StringInterner::intern_with_status
3937 60012
fn=rustledger_core::inventory::Inventory::add
3937 40012
fn=rustledger_loader::Loader::load_recursive
0 1
3905 1
3937 1
3956 2
fn=rustledger_loader::dedup::reintern_directives
3956 80019
fn=rustledger_loader::process::process
3905 1
3956 10002
fn=rustledger_loader::process::run_plugins
3905 2
fn=rustledger_validate::validate_phase_inner
3937 40024
3956 20000
fn=std::sync::once_lock::OnceLock<T>::initialize
3905 1
fn=std::sys::thread_local::native::lazy::Storage<T,D>::get_or_init_slow
3905 4
fl=/home/runner/.rustup/toolchains/stable-x86_64-unknown-linux-gnu/lib/rustlib/src/rust/library/core/src/tuple.rs
fn=core::slice::sort::stable::drift::sort
0 10
76 20008
196 110057
fn=rayon_core::join::join_context::{{closure}}
31 20
fn=rayon_core::registry::Registry::new
127 12
fl=/home/runner/.rustup/toolchains/stable-x86_64-unknown-linux-gnu/lib/rustlib/src/rust/library/std/src/collections/hash/map.rs
fn=<rustledger_core::directive::Posting as core::clone::Clone>::clone
1431 280000
fn=<rustledger_core::directive::Transaction as core::clone::Clone>::clone
1431 140000
fn=rustledger_booking::book::BookingEngine::apply
0 20000
1009 100000
3012 60000
3013 19994
3014 18
fn=rustledger_booking::calculate_residual
0 20000
402 20000
1009 60000
3012 60000
3013 10000
3014 20000
fn=rustledger_booking::interpolate::interpolate
0 20000
402 200000
672 40000
1009 40000
3012 120000
3013 20000
3014 60000
fn=rustledger_core::inventory::Inventory::add
0 40000
1009 120000
1035 79988
1329 12
3012 120000
3013 39988
3014 24
fn=rustledger_parser::cst::convert::convert_meta_entries
370 120024
fn=rustledger_validate::validate_phase_inner
0 10000
370 40004
402 20000
672 100000
1009 60000
1035 220018
1269 36
1297 120000
1329 72
2525 10000
2628 10000
2955 3
3012 60000
3013 10000
3014 20000
fl=/home/runner/.rustup/toolchains/stable-x86_64-unknown-linux-gnu/lib/rustlib/src/rust/library/std/src/collections/hash/set.rs
fn=rustledger_loader::process::process
247 4
fn=rustledger_validate::validate_phase_inner
247 24
1191 24
1286 4
fl=/home/runner/.rustup/toolchains/stable-x86_64-unknown-linux-gnu/lib/rustlib/src/rust/library/std/src/env.rs
fn=<rayon_core::registry::DefaultSpawn as rayon_core::registry::ThreadSpawn>::spawn
0 1
260 3
fn=jiff::tz::db::TimeZoneDatabase::from_env
0 1
260 3
fn=jiff::tz::system::get
0 1
260 3
fn=rayon_core::registry::Registry::new
0 2
223 6
fl=/home/runner/.rustup/toolchains/stable-x86_64-unknown-linux-gnu/lib/rustlib/src/rust/library/std/src/ffi/os_str.rs
fn=<rustledger_loader::vfs::DiskFileSystem as rustledger_loader::vfs::FileSystem>::is_encrypted
0 1
920 2
fl=/home/runner/.rustup/toolchains/stable-x86_64-unknown-linux-gnu/lib/rustlib/src/rust/library/std/src/fs.rs
fn=<rustledger_loader::vfs::DiskFileSystem as rustledger_loader::vfs::FileSystem>::read
349 3
fn=jiff::tz::db::zoneinfo::inner::CachedTimeZone::new
1695 3
fn=jiff::tz::db::zoneinfo::inner::walk
3314 84
fl=/home/runner/.rustup/toolchains/stable-x86_64-unknown-linux-gnu/lib/rustlib/src/rust/library/std/src/hash/random.rs
fn=<std::hash::random::DefaultHasher as core::hash::Hasher>::write
0 12
130 21
132 42
fn=core::hash::BuildHasher::hash_one
0 20006
84 900027
fn=rustledger_loader::process::load
0 2
68 2
fl=/home/runner/.rustup/toolchains/stable-x86_64-unknown-linux-gnu/lib/rustlib/src/rust/library/std/src/os/fd/owned.rs
fn=jiff::tz::db::zoneinfo::inner::CachedTimeZone::new
216 1
fl=/home/runner/.rustup/toolchains/stable-x86_64-unknown-linux-gnu/lib/rustlib/src/rust/library/std/src/panicking.rs
fn=<rayon_core::job::StackJob<L,F,R> as rayon_core::job::Job>::execute
545 6
fn=<rayon_core::latch::LatchRef<L> as rayon_core::latch::Latch>::set
0 2
464 10
fn=<rayon_core::latch::LockLatch as rayon_core::latch::Latch>::set
0 4
464 20
fn=jiff::tz::db::TimeZoneDatabase::get
0 3
464 5
fn=jiff::tz::system::get
0 2
464 4
fn=rayon_core::latch::LockLatch::wait_and_reset
0 4
464 12
fl=/home/runner/.rustup/toolchains/stable-x86_64-unknown-linux-gnu/lib/rustlib/src/rust/library/std/src/path.rs
fn=<std::path::Components as core::cmp::PartialEq>::eq
0 4
400 2
1028 7
1034 3
1035 5
1042 1
1049 8
fn=core::hash::BuildHasher::hash_one
0 186
3784 3
3785 27
3786 54
3790 45
3799 36
3800 54
3801 36
3809 6
3813 9
fn=jiff::tz::db::zoneinfo::inner::walk
2725 3035
fn=rustledger_loader::Loader::load_recursive
0 4
1886 7
2230 2
fl=/home/runner/.rustup/toolchains/stable-x86_64-unknown-linux-gnu/lib/rustlib/src/rust/library/std/src/rt.rs
fn=std::rt::lang_start::{{closure}}
206 6
fl=/home/runner/.rustup/toolchains/stable-x86_64-unknown-linux-gnu/lib/rustlib/src/rust/library/std/src/sync/lazy_lock.rs
fn=std::sync::once::Once::call_once_force::{{closure}}
0 1
243 2
251 6
fl=/home/runner/.rustup/toolchains/stable-x86_64-unknown-linux-gnu/lib/rustlib/src/rust/library/std/src/sync/once.rs
fn=crossbeam_epoch::sync::once_lock::OnceLock<T>::initialize
161 2
165 2
166 7
fn=rayon_core::registry::global_registry
161 8
165 2
166 8
fn=rustledger_loader::process::run_plugins
0 2
221 4
225 3
226 8
fn=std::sync::once::Once::call_once::{{closure}}
166 21
fn=std::sync::once::Once::call_once_force::{{closure}}
226 10
fn=std::sync::once_lock::OnceLock<T>::initialize
0 1
221 2
225 6
226 7
fl=/home/runner/.rustup/toolchains/stable-x86_64-unknown-linux-gnu/lib/rustlib/src/rust/library/std/src/sync/once_lock.rs
fn=rustledger_loader::process::process
156 2
410 2
fn=std::sync::once_lock::OnceLock<T>::initialize
0 1
557 1
fl=/home/runner/.rustup/toolchains/stable-x86_64-unknown-linux-gnu/lib/rustlib/src/rust/library/std/src/sync/poison.rs
fn=<rayon_core::latch::LatchRef<L> as rayon_core::latch::Latch>::set
0 2
123 2
129 4
fn=<rayon_core::latch::LockLatch as rayon_core::latch::Latch>::set
0 4
123 4
129 8
fn=jiff::tz::db::TimeZoneDatabase::get
113 2
123 1
129 2
fn=jiff::tz::system::get
113 1
123 1
129 2
fn=rayon_core::latch::LockLatch::wait_and_reset
123 2
129 4
fl=/home/runner/.rustup/toolchains/stable-x86_64-unknown-linux-gnu/lib/rustlib/src/rust/library/std/src/sync/poison/condvar.rs
fn=rayon_core::latch::LockLatch::wait_and_reset
131 2
fl=/home/runner/.rustup/toolchains/stable-x86_64-unknown-linux-gnu/lib/rustlib/src/rust/library/std/src/sync/poison/rwlock.rs
fn=jiff::tz::db::zoneinfo::inner::Database::from_dir
259 7
fl=/home/runner/.rustup/toolchains/stable-x86_64-unknown-linux-gnu/lib/rustlib/src/rust/library/std/src/sys/backtrace.rs
fn=std::sys::backtrace::__rust_begin_short_backtrace
162 9
172 10
fl=/home/runner/.rustup/toolchains/stable-x86_64-unknown-linux-gnu/lib/rustlib/src/rust/library/std/src/sys/fs/unix.rs
fn=jiff::tz::db::zoneinfo::inner::CachedTimeZone::new
0 1
1255 1
fn=jiff::tz::db::zoneinfo::inner::walk
813 628
fl=/home/runner/.rustup/toolchains/stable-x86_64-unknown-linux-gnu/lib/rustlib/src/rust/library/std/src/sys/os_str/bytes.rs
fn=<rustledger_loader::vfs::DiskFileSystem as rustledger_loader::vfs::FileSystem>::is_encrypted
288 1
fn=jiff::tz::db::zoneinfo::inner::walk
288 4744
fn=jiff::tz::system::sys::read
288 2
fl=/home/runner/.rustup/toolchains/stable-x86_64-unknown-linux-gnu/lib/rustlib/src/rust/library/std/src/sys/path/mod.rs
fn=core::hash::BuildHasher::hash_one
5 342
fl=/home/runner/.rustup/toolchains/stable-x86_64-unknown-linux-gnu/lib/rustlib/src/rust/library/std/src/sys/sync/mutex/futex.rs
fn=<rayon_core::latch::LatchRef<L> as rayon_core::latch::Latch>::set
32 2
90 4
fn=<rayon_core::latch::LockLatch as rayon_core::latch::Latch>::set
32 4
90 8
fn=rayon_core::latch::LockLatch::wait_and_reset
32 2
90 4
fl=/home/runner/.rustup/toolchains/stable-x86_64-unknown-linux-gnu/lib/rustlib/src/rust/library/std/src/sys/sync/rwlock/futex.rs
fn=jiff::tz::db::TimeZoneDatabase::get
0 1
54 4
97 2
99 2
111 1
118 5
173 1
183 1
187 2
fn=jiff::tz::system::get
0 2
54 2
97 1
99 1
111 1
118 4
173 1
183 1
187 2
fl=/home/runner/.rustup/toolchains/stable-x86_64-unknown-linux-gnu/lib/rustlib/src/rust/library/std/src/sys/thread_local/native/lazy.rs
fn=crossbeam_deque::deque::Stealer<T>::steal
59 324
62 12
fn=crossbeam_epoch::default::with_handle
59 324
fn=rustledger_booking::calculate_residual
59 20000
fn=rustledger_booking::interpolate::interpolate
59 40000
fn=rustledger_loader::Loader::load
59 3
fn=rustledger_loader::process::load
59 2
fn=rustledger_validate::validate_phase_inner
59 20000
fn=std::sys::thread_local::native::lazy::Storage<T,D>::get_or_init_slow
17 12
69 8
74 4
88 12
102 12
fl=/home/runner/.rustup/toolchains/stable-x86_64-unknown-linux-gnu/lib/rustlib/src/rust/library/std/src/sys/thread_local/native/mod.rs
fn=<rayon_core::job::StackJob<L,F,R> as rayon_core::job::Job>::execute
75 2
fn=crossbeam_deque::deque::Stealer<T>::steal
97 320
fn=crossbeam_epoch::default::with_handle
97 324
fn=rayon::iter::plumbing::bridge_producer_consumer::helper
75 14
fn=rayon::slice::sort::par_mergesort
75 2
fn=rayon_core::registry::Registry::in_worker_cold
75 4
fn=rayon_core::registry::ThreadBuilder::run
75 4
fn=rustledger_booking::calculate_residual
105 10000
fn=rustledger_booking::interpolate::interpolate
105 10000
fn=rustledger_loader::Loader::load
105 1
fn=rustledger_loader::process::load
105 1
fl=/home/runner/.rustup/toolchains/stable-x86_64-unknown-linux-gnu/lib/rustlib/src/rust/library/std/src/thread/builder.rs
fn=<rayon_core::registry::DefaultSpawn as rayon_core::registry::ThreadSpawn>::spawn
260 12
fl=/home/runner/.rustup/toolchains/stable-x86_64-unknown-linux-gnu/lib/rustlib/src/rust/library/std/src/thread/lifecycle.rs
fn=<rayon_core::registry::DefaultSpawn as rayon_core::registry::ThreadSpawn>::spawn
0 4
32 8
34 3
43 1
48 12
53 4
87 76
106 12
113 8
121 16
137 16
fn=core::ops::function::FnOnce::call_once{{vtable.shim}}
0 4
88 52
89 16
90 8
91 4
fn=std::sys::backtrace::__rust_begin_short_backtrace
90 24
fl=/home/runner/.rustup/toolchains/stable-x86_64-unknown-linux-gnu/lib/rustlib/src/rust/library/std/src/thread/local.rs
fn=<rayon_core::job::StackJob<L,F,R> as rayon_core::job::Job>::execute
0 2
462 2
fn=crossbeam_deque::deque::Stealer<T>::steal
462 324
fn=crossbeam_epoch::default::with_handle
462 162
fn=rayon::iter::plumbing::bridge_producer_consumer::helper
462 16
fn=rayon::slice::sort::par_mergesort
462 2
fn=rayon_core::registry::Registry::in_worker_cold
427 2
fl=/home/runner/work/rustledger/rustledger/crates/rustledger-booking/src/book.rs
fn=rustledger_booking::book::BookingEngine::apply
0 40000
462 70000
464 40000
467 120000
505 60000
513 80000
fn=rustledger_booking::book::BookingEngine::book
166 100000
171 70000
172 40000
448 80000
fn=rustledger_booking::book::BookingEngine::book_and_interpolate
0 10000
518 70000
523 200000
526 70000
528 20000
529 70000
fn=rustledger_booking::book::BookingEngine::method_for
0 20000
146 160000
151 160000
fn=rustledger_loader::process::process
103 8
135 20012
136 18
fl=/home/runner/work/rustledger/rustledger/crates/rustledger-booking/src/interpolate.rs
fn=rustledger_booking::interpolate::interpolate
0 90000
122 100000
124 10000
128 10000
182 100000
189 40000
192 20000
230 100000
266 100000
369 20000
382 110000
397 10000
401 20000
528 10000
539 30000
540 40000
542 70000
544 90000
fl=/home/runner/work/rustledger/rustledger/crates/rustledger-booking/src/lib.rs
fn=rustledger_booking::calculate_residual
0 80000
226 10000
235 40000
258 100000
285 90000
289 70000
307 80000
309 90000
fl=/home/runner/work/rustledger/rustledger/crates/rustledger-core/src/amount.rs
fn=<rustledger_core::directive::Posting as core::clone::Clone>::clone
0 120000
429 80000
fn=rustledger_booking::book::BookingEngine::apply
33 60000
fn=rustledger_core::inventory::Inventory::add
404 119964
fn=rustledger_validate::validate_phase_inner
33 60000
492 20000
fl=/home/runner/work/rustledger/rustledger/crates/rustledger-core/src/directive.rs
fn=<rustledger_core::directive::Posting as core::clone::Clone>::clone
159 2160000
179 160000
182 160000
fn=<rustledger_core::directive::Transaction as core::clone::Clone>::clone
0 100000
648 880000
658 20000
666 20000
668 20000
677 40000
680 80000
fn=core::slice::sort::stable::drift::sort
0 40020
503 290144
601 10006
603 39998
fn=rayon::slice::sort::par_mergesort
0 30
503 150
fn=rustledger_validate::validate_phase_inner
0 40024
503 180108
fn=rustledger_validate::validate_phase_inner::{{closure}}
0 39956
503 339838
577 20
601 40
fl=/home/runner/work/rustledger/rustledger/crates/rustledger-core/src/display_context.rs
fn=rustledger_core::display_context::DisplayContext::update
68 20000
159 180000
165 160000
fn=rustledger_loader::Loader::load
129 11
282 1
fl=/home/runner/work/rustledger/rustledger/crates/rustledger-core/src/identifiers.rs
fn=<rustledger_core::directive::Posting as core::clone::Clone>::clone
77 80000
fn=<rustledger_core::identifiers::Tag as core::convert::From<&str>>::from
229 30
231 42
fn=alloc::collections::btree::map::BTreeMap<K,V,A>::insert
199 30
fn=rustledger_parser::cst::convert::convert_transaction
91 40000
fn=rustledger_parser::cst::convert::parse_via_cst
91 12
fn=rustledger_validate::validate_phase_inner
77 24
fl=/home/runner/work/rustledger/rustledger/crates/rustledger-core/src/intern.rs
fn=<rustledger_core::directive::Transaction as core::clone::Clone>::clone
35 80000
fn=<rustledger_core::intern::InternedStr as core::convert::From<alloc::string::String>>::from
187 160000
189 180000
fn=hashbrown::map::HashMap<K,V,S,A>::contains_key
146 20006
fn=hashbrown::map::HashMap<K,V,S,A>::get
146 60000
fn=hashbrown::map::HashMap<K,V,S,A>::get_mut
146 20000
fn=hashbrown::rustc_entry::<impl hashbrown::map::HashMap<K,V,S,A>>::rustc_entry
146 99982
fn=rustledger_core::intern::StringInterner::intern_with_status
0 20007
276 660132
278 160020
282 60021
284 540108
fn=rustledger_core::inventory::Inventory::add
146 39988
fn=rustledger_loader::dedup::reintern_directives
255 4
fl=/home/runner/work/rustledger/rustledger/crates/rustledger-core/src/inventory/mod.rs
fn=rustledger_booking::book::BookingEngine::apply
300 54
fn=rustledger_core::inventory::Inventory::add
0 200168
520 320000
521 80000
526 40000
529 120000
532 40000
533 39988
536 119964
551 359988
fn=rustledger_validate::validate_phase_inner
36 20000
300 54
481 60000
fl=/home/runner/work/rustledger/rustledger/crates/rustledger-core/src/lib.rs
fn=rustledger_core::display_context::DisplayContext::update
0 1
fn=rustledger_core::naive_date
106 30018
111 70042
fl=/home/runner/work/rustledger/rustledger/crates/rustledger-core/src/position.rs
fn=rustledger_booking::book::BookingEngine::apply
57 80000
89 20000
fn=rustledger_validate::validate_phase_inner
57 60000
89 20000
fl=/home/runner/work/rustledger/rustledger/crates/rustledger-core/src/span.rs
fn=<rustledger_core::directive::Transaction as core::clone::Clone>::clone
0 40000
23 40000
150 80000
157 120000
162 40000
fn=rustledger_parser::cst::convert::parse_via_cst
171 200060
fl=/home/runner/work/rustledger/rustledger/crates/rustledger-loader/src/dedup.rs
fn=rustledger_loader::dedup::intern_meta
101 270054
137 240048
fn=rustledger_loader::dedup::reintern_directives
0 120054
39 10
43 10006
46 9
68 370072
69 120024
87 17
88 5
145 10006
147 100060
152 30000
153 20000
157 30000
172 50000
175 60000
176 20000
178 100000
180 100000
196 60000
205 100000
232 18
fl=/home/runner/work/rustledger/rustledger/crates/rustledger-loader/src/lib.rs
fn=rustledger_loader::Loader::load
0 90016
362 11
370 6
373 3
383 3
389 10
391 7
413 1
418 6
419 4
420 2
421 4
422 4
423 5
426 9
713 1
717 110048
721 60000
722 40000
724 60000
733 40000
751 40000
784 4
796 20012
804 14
fn=rustledger_loader::Loader::load_recursive
0 10009
189 3
429 13
443 2
459 2
465 11
468 7
471 6
482 2
484 3
493 2
501 16
502 8
506 4
685 3
686 10006
687 20012
689 30000
700 1
701 18
fn=rustledger_loader::process::load
276 18
fl=/home/runner/work/rustledger/rustledger/crates/rustledger-loader/src/options.rs
fn=rustledger_loader::Loader::load
177 1
fn=rustledger_loader::options::Options::new
184 8
185 71
219 9
fn=rustledger_loader::options::Options::set
0 4
224 34
270 5
271 2
577 16
fl=/home/runner/work/rustledger/rustledger/crates/rustledger-loader/src/process.rs
fn=rustledger_loader::process::ledger_errors_extend
1325 27
1330 18
1371 24
fn=rustledger_loader::process::load
0 5
1389 10
1392 2
1396 12
1397 3
1398 9
fn=rustledger_loader::process::process
0 20050
341 10
374 1
377 3
378 2
379 2
391 6
395 1
397 1
409 3
410 2
414 4
421 2
431 2
435 3
437 5
439 3
440 5
441 4
442 5
443 15
445 8
506 1
536 7
588 8
589 5
590 6
592 2
636 8
671 7
711 7
712 9
713 3
714 6
715 3
746 1
747 4
789 10006
791 20012
792 70000
793 50000
794 30000
795 100000
814 2
816 5
820 40024
823 8
824 1
1301 2
1308 1
1309 4
1310 5
1311 3
1312 1
1313 2
1314 3
fn=rustledger_loader::process::run_plugins
0 12
876 28
910 4
912 2
922 4
952 2
975 4
976 4
1033 16
fl=/home/runner/work/rustledger/rustledger/crates/rustledger-loader/src/source_map.rs
fn=rustledger_loader::Loader::load
91 3
fn=rustledger_loader::source_map::SourceMap::add_file
0 7
24 30009
27 10
30 2
114 10
117 2
121 6
123 9
fl=/home/runner/work/rustledger/rustledger/crates/rustledger-loader/src/vfs.rs
fn=<rustledger_loader::vfs::DiskFileSystem as rustledger_loader::vfs::FileSystem>::is_encrypted
0 1
88 7
105 6
fn=<rustledger_loader::vfs::DiskFileSystem as rustledger_loader::vfs::FileSystem>::normalize
0 1
107 11
109 7
141 8
fn=<rustledger_loader::vfs::DiskFileSystem as rustledger_loader::vfs::FileSystem>::read
69 11
81 3
82 9
fl=/home/runner/work/rustledger/rustledger/crates/rustledger-parser/src/cst/ast.rs
fn=<core::iter::adapters::map::Map<I,F> as core::iter::traits::iterator::Iterator>::next
547 20016
861 40004
fn=<core::iter::adapters::take_while::TakeWhile<I,P> as core::iter::traits::iterator::Iterator>::try_fold
861 20002
fn=rustledger_parser::cst::ast::Amount::currency
0 120000
1086 140000
1089 160000
1093 270000
1096 40000
1102 40000
1106 180000
fn=rustledger_parser::cst::ast::Amount::is_arithmetic
0 100000
1113 240000
1115 360000
1117 720000
1121 40000
1127 280000
fn=rustledger_parser::cst::ast::Amount::sign
0 40000
456 120000
1056 200000
1059 40000
1063 280000
fn=rustledger_parser::cst::ast::Posting::cost_spec
1026 120000
1027 20000
1028 160000
fn=rustledger_parser::cst::ast::Posting::flag
1001 160000
1004 320000
1006 160000
1014 280000
fn=rustledger_parser::cst::ast::Posting::price_annotation
1031 120000
1032 20000
1033 160000
fn=rustledger_parser::cst::ast::StringLit::text_decoded
179 120024
190 160032
193 60012
215 180036
fn=rustledger_parser::cst::ast::Transaction::date
861 20002
886 50000
889 10000
892 70000
fn=rustledger_parser::cst::ast::Transaction::flag
861 20002
904 70000
905 10000
906 100000
fn=rustledger_parser::cst::ast::TransactionFlag::cast
0 20000
313 30000
314 120000
327 30000
fn=rustledger_parser::cst::ast::first_child
98 120000
100 160000
fn=rustledger_parser::cst::ast::first_token
76 480120
80 640160
fn=rustledger_parser::cst::ast::nth_token
83 16
88 18
fn=rustledger_parser::cst::convert::convert_amount_to_incomplete
1069 80000
fn=rustledger_parser::cst::convert::convert_transaction
921 10000
1017 60000
fn=rustledger_parser::cst::convert::parse_via_cst
0 10008
487 3
547 190059
551 40032
648 12
651 18
659 12
801 4
804 6
fn=rustledger_parser::cst::format::amount_number_text
1069 80000
fn=rustledger_parser::cst::format::compute_alignment
0 10008
497 1
551 30024
1017 80000
1022 40000
fl=/home/runner/work/rustledger/rustledger/crates/rustledger-parser/src/cst/convert.rs
fn=<core::iter::adapters::map::Map<I,F> as core::iter::traits::iterator::Iterator>::next
326 6
1684 120000
2419 20018
2517 10008
2519 10008
2521 20016
fn=<core::iter::adapters::take_while::TakeWhile<I,P> as core::iter::traits::iterator::Iterator>::try_fold::check::{{closure}}
718 20000
fn=rustledger_parser::cst::convert::convert_amount_to_incomplete
0 30000
1053 220000
1062 80000
1088 20000
1089 40000
1112 80000
1113 10000
1117 80000
1118 20000
1120 80000
1121 40000
1122 200000
1127 160000
fn=rustledger_parser::cst::convert::convert_meta_entries
0 30006
1416 210042
1418 180036
1426 150030
1427 240048
fn=rustledger_parser::cst::convert::convert_transaction
0 250029
703 110000
708 80000
712 20000
719 30000
729 70000
748 60000
754 240003
775 10000
787 40000
793 20000
800 50000
803 10000
804 10000
805 40000
806 40000
807 40000
808 40000
809 50000
812 60000
813 100000
821 50000
825 239979
857 50000
860 160002
866 8
868 16
902 40000
904 40000
907 200000
925 80000
929 50000
944 20000
946 40000
967 160000
975 20000
976 60000
997 100000
998 40000
1000 40000
1002 80000
1017 180000
1019 140000
1020 240000
1021 120000
1023 80000
1028 80000
1684 16
2404 20000
fn=rustledger_parser::cst::convert::parse_date_token
0 20012
2313 90054
2315 20012
2316 20012
2317 20012
2318 40024
2324 50030
2332 110066
fn=rustledger_parser::cst::convert::parse_decimal_token
2363 200000
2373 200000
fn=rustledger_parser::cst::convert::parse_directive_date
0 10006
2341 100060
2347 60036
2359 120072
fn=rustledger_parser::cst::convert::parse_via_cst
0 1970540
59 10
67 1
78 3
93 4
100 4
102 3
119 6
148 60048
160 10000
161 50000
164 20
167 4
228 70042
229 10000
230 40024
276 1
284 2
286 5
287 5
288 4
289 4
290 4
291 4
292 4
293 4
294 4
295 5
300 11
324 30
329 36
338 18
340 30
342 6
343 24
344 30
347 96
348 6
674 8
675 8
679 2
1617 20012
1624 20012
1717 7
1723 20048
1738 4
1739 3
1757 50009
1783 1
1814 10008
1829 10007
1831 20016
1940 80000
1943 160002
1944 720009
2157 1240327
2176 280078
2189 920244
2202 140042
2206 60018
2221 60018
2230 80024
2251 3
2252 3
2253 4
2254 4
2404 12
2419 20018
2542 20012
2543 10006
2544 20012
2545 50085033
2546 10006
fn=rustledger_parser::cst::convert::single_line_directive_span
0 12
2419 8
2458 14
2464 16
2468 12
2472 22
2479 4
2480 20
fl=/home/runner/work/rustledger/rustledger/crates/rustledger-parser/src/cst/format.rs
fn=rustledger_parser::cst::format::amount_number_text
0 180000
1138 180000
1141 160000
1148 80000
1152 80000
1153 10000
1158 20000
fn=rustledger_parser::cst::format::canonical_number
2045 100000
2051 120000
fn=rustledger_parser::cst::format::compute_alignment
0 80008
1072 7
1079 10
1080 20016
1083 40000
1084 20000
1088 100000
1092 20000
1107 80000
1108 180000
1116 6
1125 8
fl=/home/runner/work/rustledger/rustledger/crates/rustledger-parser/src/cst/lossless_tokens.rs
fn=rustledger_parser::cst::lossless_tokens::lossless_kind_tokens
0 350099
27 9
38 920245
39 230061
44 4
45 9
54 20000
55 20004
56 20006
57 20006
69 6
79 2
103 10000
104 10000
110 30009
fl=/home/runner/work/rustledger/rustledger/crates/rustledger-parser/src/cst/parser.rs
fn=rustledger_parser::cst::parser::emit_amount
0 90000
560 60000
581 240000
590 60000
601 80000
605 20000
607 10000
611 180000
620 60000
622 80000
628 20000
668 100000
669 40000
670 20000
674 40000
677 40000
688 180000
fn=rustledger_parser::cst::parser::emit_amount_operand
708 180000
714 60000
716 40000
718 20000
749 180000
fn=rustledger_parser::cst::parser::emit_through_terminator
0 180136
158 110088
164 20016
165 30024
166 240180
167 80060
168 370276
173 90072
fn=rustledger_parser::cst::parser::emit_tokens
0 2
146 80072
151 2
152 1
154 80064
fn=rustledger_parser::cst::parser::parse_structured
0 500080
95 12
96 1
104 100086
105 20018
107 1
108 1
120 20016
122 50035
124 5
128 50040
139 1
142 16
143 9
221 40
259 56
363 70000
365 10000
367 20000
371 80000
375 60000
420 20000
475 20000
483 20000
503 40000
504 60000
505 20000
511 120000
512 300000
513 300000
514 20000
515 20000
518 30000
519 140000
535 20000
536 20000
550 30000
900 120000
1007 169995
1010 100000
1022 8
1023 16
1098 60050
1128 180108
fl=/home/runner/work/rustledger/rustledger/crates/rustledger-parser/src/cst/syntax_kind.rs
fn=<core::iter::adapters::map::Map<I,F> as core::iter::traits::iterator::Iterator>::next
46 80144
fn=rustledger_parser::cst::ast::Amount::currency
0 20000
46 20000
fn=rustledger_parser::cst::ast::Amount::sign
46 40000
fn=rustledger_parser::cst::ast::Posting::cost_spec
46 20000
fn=rustledger_parser::cst::ast::Posting::price_annotation
46 20000
fn=rustledger_parser::cst::ast::first_child
46 20000
fn=rustledger_parser::cst::ast::first_token
46 140090
fn=rustledger_parser::cst::ast::nth_token
46 30
fn=rustledger_parser::cst::convert::convert_amount_to_incomplete
46 30000
fn=rustledger_parser::cst::convert::convert_meta_entries
46 40000
fn=rustledger_parser::cst::convert::convert_transaction
46 319986
fn=rustledger_parser::cst::convert::parse_via_cst
0 1
46 640146
fn=rustledger_parser::cst::format::amount_number_text
46 30000
fn=rustledger_parser::cst::format::compute_alignment
46 40000
fn=rustledger_parser::cst::parser::parse_structured
46 20012
384 10009
fl=/home/runner/work/rustledger/rustledger/crates/rustledger-parser/src/lib.rs
fn=<rustledger_parser::logos_lexer::Token as logos::Logos>::lex::state0
0 70119
fn=<rustledger_parser::logos_lexer::Token as logos::Logos>::lex::state38
0 60015
fn=<rustledger_parser::logos_lexer::Token as logos::Logos>::lex::state395
0 9014
fn=<rustledger_parser::logos_lexer::Token as logos::Logos>::lex::state40
0 60018
fn=<rustledger_parser::logos_lexer::Token as logos::Logos>::lex::state91
0 59997
fn=rustledger_loader::Loader::load_recursive
0 4
400 2
fn=rustledger_parser::cst::ast::StringLit::text_decoded
0 20004
fl=/home/runner/work/rustledger/rustledger/crates/rustledger-parser/src/logos_lexer.rs
fn=<rustledger_parser::logos_lexer::Token as logos::Logos>::lex::state0
61 812050
fn=<rustledger_parser::logos_lexer::Token as logos::Logos>::lex::state1
61 400830
fn=<rustledger_parser::logos_lexer::Token as logos::Logos>::lex::state101
61 234108
fn=<rustledger_parser::logos_lexer::Token as logos::Logos>::lex::state1089
61 120072
fn=<rustledger_parser::logos_lexer::Token as logos::Logos>::lex::state110
61 160096
fn=<rustledger_parser::logos_lexer::Token as logos::Logos>::lex::state1114
61 90054
fn=<rustledger_parser::logos_lexer::Token as logos::Logos>::lex::state1140
61 110066
fn=<rustledger_parser::logos_lexer::Token as logos::Logos>::lex::state172
0 1
61 1060197
fn=<rustledger_parser::logos_lexer::Token as logos::Logos>::lex::state173
61 2120563
fn=<rustledger_parser::logos_lexer::Token as logos::Logos>::lex::state38
61 720214
fn=<rustledger_parser::logos_lexer::Token as logos::Logos>::lex::state395
0 9900
61 1083366
fn=<rustledger_parser::logos_lexer::Token as logos::Logos>::lex::state40
61 733084
fn=<rustledger_parser::logos_lexer::Token as logos::Logos>::lex::state405
61 270054
fn=<rustledger_parser::logos_lexer::Token as logos::Logos>::lex::state419
61 120
fn=<rustledger_parser::logos_lexer::Token as logos::Logos>::lex::state860
61 84
fn=<rustledger_parser::logos_lexer::Token as logos::Logos>::lex::state861
61 30
fn=<rustledger_parser::logos_lexer::Token as logos::Logos>::lex::state863
61 28
fn=<rustledger_parser::logos_lexer::Token as logos::Logos>::lex::state91
61 612279
fn=<rustledger_parser::logos_lexer::Token as logos::Logos>::lex::state92
61 266634
fn=rustledger_parser::cst::lossless_tokens::lossless_kind_tokens
0 12
61 920246
556 690186
567 1260331
603 800208
662 3
fl=/home/runner/work/rustledger/rustledger/crates/rustledger-plugin/src/native/mod.rs
fn=rustledger_plugin::native::build_global_registry
0 2
161 8
162 6
166 88
169 1
197 7
198 9
fl=/home/runner/work/rustledger/rustledger/crates/rustledger-plugin/src/native/plugins/auto_tag.rs
fn=rustledger_plugin::native::plugins::auto_tag::AutoTagPlugin::new
0 1
21 6
22 3
23 24
24 6
25 6
26 6
30 7
fl=/home/runner/work/rustledger/rustledger/crates/rustledger-plugin/src/native/plugins/commodity_attr.rs
fn=rustledger_plugin::native::build_global_registry
21 3
fl=/home/runner/work/rustledger/rustledger/crates/rustledger-validate/src/lib.rs
fn=<rustledger_validate::ValidationOptions as core::default::Default>::default
0 2
177 16
178 40
185 32
198 18
fn=rayon::slice::sort::par_mergesort
544 24
fn=rustledger_loader::process::process
0 5
249 1
273 2
957 3
1006 5
1007 5
1009 3
fn=rustledger_validate::LedgerState::with_options
299 27
317 1
354 7
355 26
358 2
359 7
fn=rustledger_validate::ValidationOptions::with_account_types
204 10
205 4
206 4
207 9
fn=rustledger_validate::ValidationOptions::with_document_dirs
232 10
233 4
234 4
235 9
fn=rustledger_validate::ValidationOptions::with_document_source_dirs
241 10
242 4
243 4
244 9
fn=rustledger_validate::ValidationOptions::with_inferred_tolerance_default
262 9
263 5
264 3
265 9
fn=rustledger_validate::ValidationSession<rustledger_validate::phase::EarlyDone>::run_late_spanned
1040 7
1046 5
1057 5
1058 4
1060 4
fn=rustledger_validate::ValidationSession<rustledger_validate::phase::LateDone>::finalize
0 1
703 7
1073 8
1075 9
fn=rustledger_validate::validate_phase_inner
0 70039
451 60036
511 24
519 7
529 1
548 4
569 40024
570 40022
571 10333
579 20012
581 30018
590 100060
657 14
658 16
731 2
742 20012
747 3
fn=rustledger_validate::validate_phase_inner::{{closure}}
0 38692
540 20000
544 38692
547 40000
fl=/home/runner/work/rustledger/rustledger/crates/rustledger-validate/src/validators/account.rs
fn=rustledger_validate::validate_phase_inner
0 6
13 18
26 12
48 6
52 18
53 6
74 12
fl=/home/runner/work/rustledger/rustledger/crates/rustledger-validate/src/validators/document.rs
fn=rustledger_validate::validate_phase_inner
0 6
fl=/home/runner/work/rustledger/rustledger/crates/rustledger-validate/src/validators/helpers.rs
fn=rustledger_validate::validate_phase_inner
0 10050
53 12
62 12
75 130
76 28
100 148
101 390
fl=/home/runner/work/rustledger/rustledger/crates/rustledger-validate/src/validators/transaction.rs
fn=rustledger_validate::validate_phase_inner
0 200000
34 60000
76 60000
103 40000
149 20000
158 10000
169 80000
214 40000
225 40000
252 80000
264 40000
289 60000
304 30000
343 40000
371 40000
379 50000
388 20000
443 20000
470 90000
483 40000
490 40000
583 60000
fl=/home/runner/work/rustledger/rustledger/crates/rustledger/examples/profile_pipeline.rs
fn=profile_pipeline::main
0 6
25 8
30 3
38 7
43 5
44 2
48 9
53 1
59 8
fl=/rust/deps/hashbrown-0.16.1/src/control/bitmask.rs
fn=core::ptr::drop_in_place<(rustledger_core::identifiers::Account,rustledger_validate::AccountState)>
50 12
fn=core::ptr::drop_in_place<rustledger_core::display_context::DisplayContext>
0 1
50 2
fn=core::ptr::drop_in_place<rustledger_core::inventory::Inventory>
50 48
fn=core::ptr::drop_in_place<rustledger_loader::Loader>
50 2
fn=core::ptr::drop_in_place<rustledger_loader::options::Options>
50 4
fn=core::ptr::drop_in_place<rustledger_validate::LedgerState>
0 6
38 6
50 12
fn=core::ptr::drop_in_place<std::collections::hash::map::HashMap<rustledger_core::identifiers::Account,rustledger_core::inventory::Inventory,rustc_hash::FxBuildHasher>>
50 24
fn=hashbrown::map::HashMap<K,V,S,A>::contains_key
50 40012
fn=hashbrown::map::HashMap<K,V,S,A>::get
50 120010
fn=hashbrown::map::HashMap<K,V,S,A>::get_key_value
0 221424
50 129006
fn=hashbrown::map::HashMap<K,V,S,A>::get_mut
50 40000
fn=hashbrown::map::HashMap<K,V,S,A>::insert
0 33775
50 94472
fn=hashbrown::raw::RawTable<T,A>::reserve_rehash
0 1928
31 3877
50 111391
fn=hashbrown::rustc_entry::<impl hashbrown::map::HashMap<K,V,S,A>>::rustc_entry
0 839844
50 280000
fn=rustledger_booking::book::BookingEngine::apply
50 12
fn=rustledger_booking::calculate_residual
50 20000
fn=rustledger_booking::interpolate::interpolate
50 60000
fn=rustledger_core::display_context::DisplayContext::update
0 119994
50 40002
fn=rustledger_core::inventory::Inventory::add
0 279916
50 80000
fn=rustledger_loader::Loader::load_recursive
0 9
50 2
fn=rustledger_loader::dedup::reintern_directives
0 2047
50 42061
113 4094
fn=rustledger_loader::process::process
50 20002
fn=rustledger_validate::validate_phase_inner
0 30000
38 10000
50 100000
fl=/rust/deps/hashbrown-0.16.1/src/control/tag.rs
fn=hashbrown::map::HashMap<K,V,S,A>::contains_key
48 60018
fn=hashbrown::map::HashMap<K,V,S,A>::get
48 180015
fn=hashbrown::map::HashMap<K,V,S,A>::get_key_value
48 180033
fn=hashbrown::map::HashMap<K,V,S,A>::get_mut
48 60000
fn=hashbrown::map::HashMap<K,V,S,A>::insert
0 28
17 20041
30 20041
48 200444
fn=hashbrown::raw::RawTable<T,A>::reserve_rehash
0 26883
17 26889
48 26889
fn=hashbrown::rustc_entry::<impl hashbrown::map::HashMap<K,V,S,A>>::rustc_entry
48 340000
fn=rustledger_booking::book::BookingEngine::apply
17 6
30 6
48 6
fn=rustledger_booking::calculate_residual
17 10000
30 10000
48 10000
fn=rustledger_booking::interpolate::interpolate
17 20000
30 20000
48 20000
fn=rustledger_core::display_context::DisplayContext::update
0 20000
17 1
30 1
48 20000
fn=rustledger_core::inventory::Inventory::add
17 12
30 12
48 119976
fn=rustledger_loader::Loader::load_recursive
48 3
fn=rustledger_validate::validate_phase_inner
17 10000
30 10000
48 10000
fl=/rust/deps/hashbrown-0.16.1/src/map.rs
fn=<hashbrown::map::HashMap<K,V,S,A> as core::clone::Clone>::clone
191 420000
192 360000
196 480000
fn=hashbrown::map::HashMap<K,V,S,A>::contains_key
0 60006
1416 140042
1420 40016
1426 180056
fn=hashbrown::map::HashMap<K,V,S,A>::get
0 570487
1309 120012
1318 60006
fn=hashbrown::map::HashMap<K,V,S,A>::get_key_value
0 550253
1345 120024
1354 60012
fn=hashbrown::map::HashMap<K,V,S,A>::get_mut
0 190147
1457 40000
1466 20000
fn=hashbrown::map::HashMap<K,V,S,A>::insert
0 40
258 18
1841 220463
1849 12
1852 160328
fn=hashbrown::rustc_entry::<impl hashbrown::map::HashMap<K,V,S,A>>::rustc_entry
258 380000
fn=rustledger_booking::book::BookingEngine::method_for
1309 60000
fn=rustledger_booking::calculate_residual
500 40000
fn=rustledger_booking::interpolate::interpolate
500 40000
fn=rustledger_core::display_context::DisplayContext::update
258 120000
fn=rustledger_core::inventory::Inventory::add
1309 80000
fn=rustledger_loader::Loader::load_recursive
258 5
2014 4
fn=rustledger_loader::options::Options::set
1420 2
fn=rustledger_loader::process::process
0 10007
1420 20014
fn=rustledger_validate::validate_phase_inner
0 6
500 40000
1309 3
3224 10000
4662 12
fl=/rust/deps/hashbrown-0.16.1/src/raw/alloc.rs
fn=hashbrown::raw::RawTableInner::fallible_with_capacity
19 60090
fn=rustledger_booking::interpolate::interpolate
19 60000
fl=/rust/deps/hashbrown-0.16.1/src/raw/mod.rs
fn=<hashbrown::map::HashMap<K,V,S,A> as core::clone::Clone>::clone
660 240000
2697 60000
3311 180000
fn=core::ptr::drop_in_place<(rustledger_core::identifiers::Account,rustledger_validate::AccountState)>
0 24
2253 18
2312 12
2479 6
2697 6
3173 6
3595 18
3851 6
fn=core::ptr::drop_in_place<hashbrown::raw::RawTable<(alloc::string::String,rustledger_core::directive::MetaValue)>>
2312 120000
2697 60000
fn=core::ptr::drop_in_place<rustledger_booking::book::BookingEngine>
2312 2
2697 1
fn=core::ptr::drop_in_place<rustledger_core::display_context::DisplayContext>
0 10
2253 3
2312 5
2479 1
2697 2
3173 1
3595 4
3851 1
fn=core::ptr::drop_in_place<rustledger_core::inventory::Inventory>
0 120
224 12
225 12
2253 72
2312 48
2479 24
2697 24
3173 24
3595 96
3851 24
fn=core::ptr::drop_in_place<rustledger_loader::Loader>
0 7
224 2
225 2
2253 6
2312 4
2479 1
2697 2
3173 2
3595 4
3851 1
fn=core::ptr::drop_in_place<rustledger_loader::options::Options>
0 12
224 1
225 1
2253 3
2312 9
2479 1
2697 4
3173 1
3595 4
3851 2
fn=core::ptr::drop_in_place<rustledger_validate::LedgerState>
0 1
2253 3
2312 9
2479 1
2697 3
3173 1
3595 2
3851 12
fn=core::ptr::drop_in_place<rustledger_validate::ValidationOptions>
2312 4
2697 2
fn=core::ptr::drop_in_place<std::collections::hash::map::HashMap<alloc::string::String,rustledger_core::directive::MetaValue,rustc_hash::FxBuildHasher>>
2312 60012
2697 30006
fn=core::ptr::drop_in_place<std::collections::hash::map::HashMap<rustledger_core::identifiers::Account,alloc::vec::Vec<rustledger_validate::PendingPad>,rustc_hash::FxBuildHasher>>
2312 2
2697 2
fn=core::ptr::drop_in_place<std::collections::hash::map::HashMap<rustledger_core::identifiers::Account,rustledger_core::inventory::Inventory,rustc_hash::FxBuildHasher>>
0 42
2253 6
2312 4
2479 2
2697 2
3173 2
3595 6
3851 24
fn=core::ptr::drop_in_place<std::collections::hash::map::IntoIter<rustledger_core::identifiers::Currency,alloc::vec::Vec<usize>>>
3819 30000
4048 50000
fn=hashbrown::map::HashMap<K,V,S,A>::contains_key
0 160050
1236 40012
2073 40012
2492 20006
fn=hashbrown::map::HashMap<K,V,S,A>::get
0 480045
1236 60000
1251 600050
2073 120000
2492 60005
fn=hashbrown::map::HashMap<K,V,S,A>::get_key_value
0 802824
90 2675
91 5350
1236 40762
1251 300055
2053 2675
2073 83644
2492 60011
fn=hashbrown::map::HashMap<K,V,S,A>::get_mut
0 160000
1236 20000
1261 200000
2073 40000
2492 20000
fn=hashbrown::map::HashMap<K,V,S,A>::insert
0 42833
90 2669
91 5338
956 20041
962 88
1179 40839
1793 40082
1844 2669
1863 3632
2499 120246
2631 20041
2634 20041
2635 20041
2687 20041
fn=hashbrown::raw::RawTable<T,A>::reserve_rehash
0 134736
185 311
224 7
225 7
999 390
1016 53819
1026 393
1793 53778
2439 107568
2631 26889
2634 26889
2635 26889
2665 44
2738 135
2747 88
2794 44
2798 44
2799 176
2826 44
2981 44
3942 26889
3972 1916
3986 53898
fn=hashbrown::raw::RawTableInner::fallible_with_capacity
0 60082
110 60090
143 180240
158 35
185 210315
224 30045
225 30045
1642 30045
1653 210321
1662 60084
1678 150225
1681 240360
fn=hashbrown::rustc_entry::<impl hashbrown::map::HashMap<K,V,S,A>>::rustc_entry
0 559982
956 40018
962 84
1236 99982
2073 199964
2492 1020000
fn=rustledger_booking::book::BookingEngine::apply
0 12
1120 12
1123 6
1793 12
1952 12
2631 6
2634 6
2635 6
2687 6
fn=rustledger_booking::calculate_residual
0 20000
1120 20000
1123 20000
1699 30000
1793 20000
1952 20000
2631 10000
2634 10000
2635 10000
2687 10000
fn=rustledger_booking::interpolate::interpolate
0 100000
224 30000
225 20000
1120 80000
1123 20000
1488 20000
1699 40000
1793 40000
1952 40000
2210 20000
2253 60000
2312 40000
2479 30000
2631 20000
2634 20000
2635 20000
2687 20000
2697 20000
3173 20000
3595 40000
3851 70000
fn=rustledger_core::display_context::DisplayContext::update
0 220001
956 1
962 5
1120 6
1236 39998
1793 2
1952 3
2073 39998
2492 40000
2631 2
2634 1
2635 1
2687 1
fn=rustledger_core::inventory::Inventory::add
0 319928
1120 24
1123 24
1236 39988
1793 24
1952 24
2073 79976
2492 39988
2631 12
2634 12
2635 12
2687 12
fn=rustledger_loader::Loader::load
0 10006
2210 1
2479 1
3851 2
fn=rustledger_loader::Loader::load_recursive
0 3
1236 2
2073 2
2075 2
2492 9
2634 1
2635 1
3254 1
3297 4
3300 2
3305 1
fn=rustledger_loader::dedup::intern_meta
3851 60012
fn=rustledger_loader::dedup::reintern_directives
0 80029
1699 4
2253 3
2312 2
2479 1
2697 1
3173 1
3595 4
3851 20007
fn=rustledger_loader::process::process
0 40008
660 4
956 1
2253 30000
2312 20003
2479 10000
2492 3
2697 10001
3173 10000
3311 3
3595 30000
3851 10000
fn=rustledger_validate::ValidationOptions::with_inferred_tolerance_default
2312 2
2697 1
fn=rustledger_validate::ValidationSession<rustledger_validate::phase::LateDone>::finalize
2210 1
3851 2
fn=rustledger_validate::validate_phase_inner
0 130013
956 6
962 30
1120 20000
1123 10000
1365 10000
1488 5
1699 50000
1793 20000
1952 20000
2210 20000
2253 50000
2312 60004
2479 30000
2631 10000
2634 10000
2635 10000
2676 10000
2687 10000
2697 10000
3173 20000
3595 60000
3715 10000
3851 60002
4048 4
fl=/rust/deps/hashbrown-0.16.1/src/rustc_entry.rs
fn=hashbrown::rustc_entry::<impl hashbrown::map::HashMap<K,V,S,A>>::rustc_entry
0 80000
34 1760000
35 120000
37 299946
47 160072
49 56
53 1120000
fl=/rust/deps/hashbrown-0.16.1/src/set.rs
fn=rustledger_core::intern::StringInterner::intern_with_status
893 360072
1093 80028
fn=rustledger_loader::Loader::load_recursive
0 1
866 14
1093 4
fn=rustledger_loader::options::Options::set
1093 6
fn=rustledger_validate::validate_phase_inner
866 80000
fl=/rust/deps/libc-0.2.183/src/unix/linux_like/linux_l4re_shared.rs
fn=std::sys::fs::unix::try_statx
1613 14
1616 42
1617 42
1618 28
1619 42
fn=std::thread::functions::available_parallelism
1553 14
fl=/rustc/ac68faa20c58cbccd01ee7208bf3b6e93a7d7f96/library/alloc/src/alloc.rs
fn=<alloc::raw_vec::RawVecInner>::finish_grow
101 2
155 683
206 4
fn=std::fs::read::inner
101 3
fn=std::thread::functions::available_parallelism
101 3
fl=/rustc/ac68faa20c58cbccd01ee7208bf3b6e93a7d7f96/library/alloc/src/boxed.rs
fn=<std::sys::thread::unix::Thread>::new::thread_start
2249 8
fn=jiff::tz::db::zoneinfo::inner::walk
0 1253
877 628
fn=std::sys::fs::read_dir
248 42
289 147
fn=std::sys::pal::unix::stack_overflow::thread_info::set_current_info
0 1
581 2
fl=/rustc/ac68faa20c58cbccd01ee7208bf3b6e93a7d7f96/library/alloc/src/collections/btree/fix.rs
fn=<alloc::collections::btree::node::Handle<alloc::collections::btree::node::NodeRef<alloc::collections::btree::node::marker::Mut, usize, std::sys::pal::unix::stack_overflow::thread_info::ThreadInfo, alloc::collections::btree::node::marker::Leaf>, alloc::collections::btree::node::marker::KV>>::remove_leaf_kv::<<alloc::collections::btree::map::entry::OccupiedEntry<usize, std::sys::pal::unix::stack_overflow::thread_info::ThreadInfo>>::remove_kv::{closure#0}, alloc::alloc::Global>
0 2
fl=/rustc/ac68faa20c58cbccd01ee7208bf3b6e93a7d7f96/library/alloc/src/collections/btree/map.rs
fn=std::sys::pal::unix::stack_overflow::thread_info::set_current_info
1485 15
fl=/rustc/ac68faa20c58cbccd01ee7208bf3b6e93a7d7f96/library/alloc/src/collections/btree/map/entry.rs
fn=std::sys::pal::unix::stack_overflow::imp::drop_handler
607 1
608 2
612 1
613 2
fn=std::sys::pal::unix::stack_overflow::thread_info::set_current_info
0 10
422 13
fl=/rustc/ac68faa20c58cbccd01ee7208bf3b6e93a7d7f96/library/alloc/src/collections/btree/node.rs
fn=<alloc::collections::btree::node::Handle<alloc::collections::btree::node::NodeRef<alloc::collections::btree::node::marker::Mut, usize, std::sys::pal::unix::stack_overflow::thread_info::ThreadInfo, alloc::collections::btree::node::marker::Leaf>, alloc::collections::btree::node::marker::KV>>::remove_leaf_kv::<<alloc::collections::btree::map::entry::OccupiedEntry<usize, std::sys::pal::unix::stack_overflow::thread_info::ThreadInfo>>::remove_kv::{closure#0}, alloc::alloc::Global>
290 1
314 1
338 1
1272 1
1274 2
1275 1
1845 3
fn=std::sys::pal::unix::stack_overflow::imp::drop_handler
396 1
641 1
731 2
fn=std::sys::pal::unix::stack_overflow::thread_info::set_current_info
396 8
641 4
671 1
731 8
935 4
940 8
962 8
1827 9
1828 2
fl=/rustc/ac68faa20c58cbccd01ee7208bf3b6e93a7d7f96/library/alloc/src/collections/btree/remove.rs
fn=<alloc::collections::btree::node::Handle<alloc::collections::btree::node::NodeRef<alloc::collections::btree::node::marker::Mut, usize, std::sys::pal::unix::stack_overflow::thread_info::ThreadInfo, alloc::collections::btree::node::marker::Leaf>, alloc::collections::btree::node::marker::KV>>::remove_leaf_kv::<<alloc::collections::btree::map::entry::OccupiedEntry<usize, std::sys::pal::unix::stack_overflow::thread_info::ThreadInfo>>::remove_kv::{closure#0}, alloc::alloc::Global>
0 1
26 11
33 3
74 12
75 8
fn=std::sys::pal::unix::stack_overflow::imp::drop_handler
19 7
fl=/rustc/ac68faa20c58cbccd01ee7208bf3b6e93a7d7f96/library/alloc/src/collections/btree/search.rs
fn=std::sys::pal::unix::stack_overflow::imp::drop_handler
0 1
57 3
225 3
226 8
fn=std::sys::pal::unix::stack_overflow::thread_info::set_current_info
0 7
225 16
226 39
fl=/rustc/ac68faa20c58cbccd01ee7208bf3b6e93a7d7f96/library/alloc/src/raw_vec/mod.rs
fn=<&std::fs::File as std::io::Read>::read_to_string
619 2
690 2
767 2
fn=<alloc::raw_vec::RawVec<alloc::vec::Vec<u8>>>::grow_one
186 6
189 5
492 1
522 1
528 6
776 1
777 1
fn=<alloc::raw_vec::RawVecInner<_>>::reserve::do_reserve_and_handle::<alloc::alloc::Global>
159 2732
522 1366
528 3415
661 3415
671 3415
776 683
777 683
fn=<alloc::raw_vec::RawVecInner>::finish_grow
0 1370
543 7535
563 1370
564 2740
567 5480
634 1370
fn=<alloc::sync::Arc<std::sys::fs::unix::InnerReadDir>>::drop_slow
634 42
fn=<rustledger_loader::vfs::DiskFileSystem as rustledger_loader::vfs::FileSystem>::normalize
460 2
469 2
fn=<std::path::PathBuf>::pop
614 1
fn=<std::thread::spawnhook::ChildSpawnHooks>::run
634 8
fn=jiff::tz::db::zoneinfo::inner::CachedTimeZone::new
0 2
528 6
690 3
767 2
776 1
777 4
fn=jiff::tz::db::zoneinfo::inner::Database::from_dir
460 4
469 4
fn=jiff::tz::db::zoneinfo::inner::walk
0 2470
460 2506
469 2540
522 628
563 1256
614 683
619 607
634 1256
673 1235
675 4098
767 1235
776 628
777 1256
fn=rustledger_loader::Loader::load_recursive
460 10
469 2
fn=rustledger_loader::process::process
0 3
460 2
469 2
fn=std::env::args_os
0 2
460 6
469 6
fn=std::fs::read::inner
0 3
460 1
469 2
fn=std::io::default_read_to_end::<&std::fs::File>
614 5
619 11
fn=std::io::default_read_to_end::<std::fs::File>
614 1
619 2
fn=std::io::default_read_to_end::small_probe_read::<&std::fs::File>
619 3
673 3
767 6
fn=std::io::default_read_to_end::small_probe_read::<std::fs::File>
619 1
673 1
767 2
fn=std::sys::fs::read_dir
0 21
460 42
469 42
fn=std::sys::fs::unix::readlink
0 2
469 2
842 2
fn=std::thread::functions::available_parallelism
0 3
460 3
469 9
614 7
619 10
634 6
673 9
690 1
767 10
fn=std::thread::spawnhook::run_spawn_hooks
0 12
fl=/rustc/ac68faa20c58cbccd01ee7208bf3b6e93a7d7f96/library/alloc/src/slice.rs
fn=<rustledger_loader::vfs::DiskFileSystem as rustledger_loader::vfs::FileSystem>::normalize
0 1
fn=jiff::tz::db::zoneinfo::inner::Database::from_dir
0 2
fn=jiff::tz::db::zoneinfo::inner::walk
0 1270
fn=rustledger_loader::Loader::load_recursive
0 1
fn=rustledger_loader::process::process
452 1
fn=std::env::args_os
0 2
fn=std::sys::fs::read_dir
0 21
fl=/rustc/ac68faa20c58cbccd01ee7208bf3b6e93a7d7f96/library/alloc/src/string.rs
fn=std::thread::functions::available_parallelism
485 4
fl=/rustc/ac68faa20c58cbccd01ee7208bf3b6e93a7d7f96/library/alloc/src/sync.rs
fn=<alloc::sync::Arc<std::sys::fs::unix::InnerReadDir>>::drop_slow
2120 84
2126 21
3335 42
3487 21
fn=<rayon_core::registry::DefaultSpawn as rayon_core::registry::ThreadSpawn>::spawn
0 4
fn=<std::sys::thread::unix::Thread>::new::thread_start
0 8
2416 4
2819 4
fn=jiff::tz::db::zoneinfo::inner::walk
2416 628
fn=std::sys::fs::read_dir
427 126
fl=/rustc/ac68faa20c58cbccd01ee7208bf3b6e93a7d7f96/library/alloc/src/vec/into_iter.rs
fn=<std::thread::spawnhook::ChildSpawnHooks>::run
262 4
fl=/rustc/ac68faa20c58cbccd01ee7208bf3b6e93a7d7f96/library/alloc/src/vec/mod.rs
fn=<&std::fs::File as std::io::Read>::read_to_string
1538 2
1840 2
2194 2
fn=<std::path::PathBuf>::pop
1803 1
1840 1
fn=jiff::tz::db::zoneinfo::inner::walk
0 1235
1840 628
2912 4333
3023 759
fn=std::env::args_os
977 2
1040 6
fn=std::io::default_read_to_end::<&std::fs::File>
0 28
2194 5
3023 15
3228 5
fn=std::io::default_read_to_end::<std::fs::File>
0 7
2194 1
3023 3
3228 1
fn=std::io::default_read_to_end::small_probe_read::<&std::fs::File>
0 2
1471 3
2907 6
2912 9
fn=std::io::default_read_to_end::small_probe_read::<std::fs::File>
1471 1
2907 2
2912 3
fn=std::sys::fs::unix::readlink
977 4
1608 2
2194 1
fn=std::thread::functions::available_parallelism
0 4
977 5
1803 9
1804 3
1840 8
2912 24
3004 3
fl=/rustc/ac68faa20c58cbccd01ee7208bf3b6e93a7d7f96/library/core/src/alloc/layout.rs
fn=<core::iter::adapters::map::Map<I,F> as core::iter::traits::iterator::Iterator>::next
75 6
113 12
367 18
fn=<rustledger_core::identifiers::Tag as core::convert::From<&str>>::from
0 12
75 6
113 6
367 18
fn=<rustledger_core::intern::InternedStr as core::convert::From<alloc::string::String>>::from
75 20000
113 20000
367 60000
fn=<rustledger_loader::vfs::DiskFileSystem as rustledger_loader::vfs::FileSystem>::read
75 2
113 1
367 3
fn=rustledger_core::intern::StringInterner::intern_with_status
75 20007
113 20007
367 60021
fn=rustledger_parser::cst::convert::convert_amount_to_incomplete
75 40000
113 20000
367 60000
fn=rustledger_parser::cst::convert::convert_transaction
0 20000
75 20000
113 40000
367 40000
fn=rustledger_parser::cst::convert::parse_via_cst
367 120036
fl=/rustc/ac68faa20c58cbccd01ee7208bf3b6e93a7d7f96/library/core/src/array/equality.rs
fn=jiff::tz::db::zoneinfo::inner::walk
157 45
fl=/rustc/ac68faa20c58cbccd01ee7208bf3b6e93a7d7f96/library/core/src/bool.rs
fn=rayon_core::latch::LockLatch::wait_and_reset
66 2
fl=/rustc/ac68faa20c58cbccd01ee7208bf3b6e93a7d7f96/library/core/src/cell.rs
fn=<&std::io::stdio::Stderr as std::io::Write>::write_fmt
555 1
fn=<std::io::default_write_fmt::Adapter<std::io::stdio::StderrLock> as core::fmt::Write>::write_str
0 15
2066 10
fn=<std::sys::sync::once::futex::Once>::call
555 6
fn=<std::sys::thread::unix::Thread>::new::thread_start
555 4
fn=<std::thread::spawnhook::ChildSpawnHooks>::run
555 8
fn=std::rt::lang_start_internal
555 1
fn=std::sys::pal::unix::stack_overflow::thread_info::set_current_info
555 5
fn=std::thread::spawnhook::run_spawn_hooks
555 8
fl=/rustc/ac68faa20c58cbccd01ee7208bf3b6e93a7d7f96/library/core/src/char/methods.rs
fn=std::thread::functions::available_parallelism
408 14
423 16
fl=/rustc/ac68faa20c58cbccd01ee7208bf3b6e93a7d7f96/library/core/src/cmp.rs
fn=<alloc::raw_vec::RawVec<alloc::vec::Vec<u8>>>::grow_one
1037 3
fn=<alloc::raw_vec::RawVecInner<_>>::reserve::do_reserve_and_handle::<alloc::alloc::Global>
1037 2732
fn=<core::str::pattern::StrSearcher>::new
1037 2
fn=<std::path::Components>::parse_next_component_back
519 632
fn=<std::path::Path>::_starts_with
2122 45
fn=<std::path::Path>::_strip_prefix
2122 7284
fn=<std::sys::pal::unix::time::Timespec>::sub_timespec
538 4
1999 4
fn=<std::sys::thread::unix::Thread>::new
1037 12
fn=<std::sys::thread::unix::Thread>::new::thread_start
1877 4
fn=jiff::tz::db::zoneinfo::inner::CachedTimeZone::new
1037 4
fn=jiff::tz::db::zoneinfo::inner::walk
1037 1884
fn=std::env::args_os
1915 7
fn=std::io::default_read_to_end::<&std::fs::File>
0 5
1076 35
1877 4
fn=std::io::default_read_to_end::<std::fs::File>
1076 5
1877 1
fn=std::sys::pal::unix::stack_overflow::imp::drop_handler
1037 3
2010 3
fn=std::sys::pal::unix::stack_overflow::imp::make_handler
1037 15
fn=std::sys::pal::unix::stack_overflow::thread_info::set_current_info
1877 4
2010 27
fn=std::thread::functions::available_parallelism
1037 2
1076 3
fl=/rustc/ac68faa20c58cbccd01ee7208bf3b6e93a7d7f96/library/core/src/ffi/c_str.rs
fn=<core::ffi::c_str::CStr>::from_bytes_with_nul
0 5
351 6
354 9
357 9
362 6
fn=<rustledger_loader::vfs::DiskFileSystem as rustledger_loader::vfs::FileSystem>::normalize
766 3
fn=jiff::tz::db::zoneinfo::inner::walk
766 1340
fn=std::env::_var
0 4
354 4
fn=std::env::_var_os
0 6
354 6
fn=std::env::args_os
766 6
fn=std::fs::read::inner
0 3
354 2
fn=std::sys::fs::metadata
0 2
354 2
fn=std::sys::fs::read_dir
0 21
354 42
fn=std::thread::functions::available_parallelism
0 3
354 8
fl=/rustc/ac68faa20c58cbccd01ee7208bf3b6e93a7d7f96/library/core/src/fmt/mod.rs
fn=<core::fmt::Formatter>::pad_integral
0 4
1826 26
1830 22
1838 6
1855 2
1856 4
1858 20
1859 24
fn=<core::fmt::Formatter>::pad_integral::write_prefix
0 2
1847 18
1848 4
1851 4
1852 12
fn=core::fmt::write
0 18
577 10
878 2
1631 11
1653 12
1656 10
1665 12
1666 8
1740 8
fl=/rustc/ac68faa20c58cbccd01ee7208bf3b6e93a7d7f96/library/core/src/fmt/num.rs
fn=<u64 as core::fmt::Display>::fmt
0 8
135 8
143 18
151 8
198 7
205 1
210 6
211 4
215 1
220 4
236 6
243 2
248 4
fl=/rustc/ac68faa20c58cbccd01ee7208bf3b6e93a7d7f96/library/core/src/fmt/rt.rs
fn=core::fmt::write
144 2
152 4
fl=/rustc/ac68faa20c58cbccd01ee7208bf3b6e93a7d7f96/library/core/src/internal_macros.rs
fn=std::thread::functions::available_parallelism
85 4
fl=/rustc/ac68faa20c58cbccd01ee7208bf3b6e93a7d7f96/library/core/src/intrinsics/mod.rs
fn=<alloc::raw_vec::RawVecInner<_>>::reserve::do_reserve_and_handle::<alloc::alloc::Global>
0 2049
457 683
fn=<alloc::raw_vec::RawVecInner>::finish_grow
0 685
457 2055
fn=<rayon_core::registry::DefaultSpawn as rayon_core::registry::ThreadSpawn>::spawn
457 4
fn=jiff::tz::db::zoneinfo::inner::CachedTimeZone::new
457 1
fn=jiff::tz::db::zoneinfo::inner::Database::from_dir
457 1
fn=jiff::tz::db::zoneinfo::inner::walk
457 1256
fn=jiff::tz::system::get
457 1
fn=std::env::args_os
457 2
fn=std::fs::read::inner
457 1
fn=std::io::default_read_to_end::<&std::fs::File>
457 4
fn=std::io::default_read_to_end::<std::fs::File>
457 1
fn=std::rt::lang_start_internal
457 1
fl=/rustc/ac68faa20c58cbccd01ee7208bf3b6e93a7d7f96/library/core/src/iter/adapters/filter.rs
fn=rustledger_parser::cst::format::compute_alignment
138 1007100
fl=/rustc/ac68faa20c58cbccd01ee7208bf3b6e93a7d7f96/library/core/src/iter/range.rs
fn=std::env::args_os
0 10
900 3
fl=/rustc/ac68faa20c58cbccd01ee7208bf3b6e93a7d7f96/library/core/src/iter/traits/accum.rs
fn=rustledger_parser::cst::format::compute_alignment
55 183959
fl=/rustc/ac68faa20c58cbccd01ee7208bf3b6e93a7d7f96/library/core/src/iter/traits/iterator.rs
fn=std::thread::functions::available_parallelism
0 4
fl=/rustc/ac68faa20c58cbccd01ee7208bf3b6e93a7d7f96/library/core/src/macros/mod.rs
fn=<&std::fs::File as std::io::Read>::read_to_string
429 2
fl=/rustc/ac68faa20c58cbccd01ee7208bf3b6e93a7d7f96/library/core/src/mem/maybe_uninit.rs
fn=<std::sync::once::Once>::call_once_force::<<std::sync::once_lock::OnceLock<std::sync::reentrant_lock::ReentrantLock<core::cell::RefCell<std::io::buffered::linewriter::LineWriter<std::io::stdio::StdoutRaw>>>>>::initialize<<std::sync::once_lock::OnceLock<std::sync::reentrant_lock::ReentrantLock<core::cell::RefCell<std::io::buffered::linewriter::LineWriter<std::io::stdio::StdoutRaw>>>>>::get_or_init<std::io::stdio::cleanup::{closure#0}>::{closure#0}, !>::{closure#0}>::{closure#0}
574 6
fn=<u64 as core::fmt::Display>::fmt
574 6
fn=std::sys::pal::unix::stack_overflow::thread_info::set_current_info
574 46
fl=/rustc/ac68faa20c58cbccd01ee7208bf3b6e93a7d7f96/library/core/src/mem/mod.rs
fn=<std::io::default_write_fmt::Adapter<std::io::stdio::StderrLock> as core::fmt::Write>::write_str
930 15
fn=<std::sync::once::Once>::call_once::<std::rt::cleanup::{closure#0}>::{closure#0}
929 1
930 1
fn=<std::sync::once::Once>::call_once_force::<<std::sync::once_lock::OnceLock<std::sync::reentrant_lock::ReentrantLock<core::cell::RefCell<std::io::buffered::linewriter::LineWriter<std::io::stdio::StdoutRaw>>>>>::initialize<<std::sync::once_lock::OnceLock<std::sync::reentrant_lock::ReentrantLock<core::cell::RefCell<std::io::buffered::linewriter::LineWriter<std::io::stdio::StdoutRaw>>>>>::get_or_init<std::io::stdio::cleanup::{closure#0}>::{closure#0}, !>::{closure#0}>::{closure#0}
929 2
930 1
fn=<std::sys::thread::unix::Thread>::new::thread_start
930 8
fn=<std::thread::spawnhook::ChildSpawnHooks>::run
929 8
930 12
fn=<std::thread::spawnhook::SpawnHooks as core::ops::drop::Drop>::drop
929 9
930 9
fn=std::rt::lang_start_internal
0 4
930 1
fn=std::sys::thread_local::native::eager::destroy::<core::cell::Cell<std::thread::spawnhook::SpawnHooks>>
930 1
fn=std::thread::spawnhook::run_spawn_hooks
0 4
929 12
930 13
fl=/rustc/ac68faa20c58cbccd01ee7208bf3b6e93a7d7f96/library/core/src/num/int_macros.rs
fn=jiff::tz::db::zoneinfo::inner::CachedTimeZone::new
2499 2
2584 4
fn=jiff::tz::db::zoneinfo::inner::Database::from_dir
2499 1
fn=jiff::tz::system::get
2499 1
fl=/rustc/ac68faa20c58cbccd01ee7208bf3b6e93a7d7f96/library/core/src/num/mod.rs
fn=<std::path::PathBuf>::pop
587 1
fn=std::thread::functions::available_parallelism
0 12
587 6
1518 4
1712 16
1719 34
1732 22
1750 56
1751 12
1752 14
1753 24
fl=/rustc/ac68faa20c58cbccd01ee7208bf3b6e93a7d7f96/library/core/src/num/nonzero.rs
fn=core::slice::sort::stable::drift::sort
614 3
fl=/rustc/ac68faa20c58cbccd01ee7208bf3b6e93a7d7f96/library/core/src/num/uint_macros.rs
fn=<&std::fs::File as std::io::Read>::read_to_string
2548 4
fn=<alloc::raw_vec::RawVecInner<_>>::reserve::do_reserve_and_handle::<alloc::alloc::Global>
823 683
fn=<alloc::raw_vec::RawVecInner>::finish_grow
3105 5480
fn=<core::str::pattern::CharSearcher as core::str::pattern::Searcher>::next_match
0 12
977 24
981 12
fn=<core::str::pattern::StrSearcher>::new
0 2
898 2
977 4
fn=<rayon_core::registry::DefaultSpawn as rayon_core::registry::ThreadSpawn>::spawn
823 8
fn=<std::path::Components as core::iter::traits::double_ended::DoubleEndedIterator>::next_back
977 13
fn=core::slice::sort::stable::drift::sort
3712 6
3713 3
3714 6
fn=core::str::converts::from_utf8
2548 11368
fn=jiff::tz::db::zoneinfo::inner::walk
823 1256
2548 1842
fn=rustledger_parser::cst::format::compute_alignment
898 70495
fn=std::env::args_os
3105 2
fn=std::fs::buffer_capacity_required
2399 8
fn=std::io::default_read_to_end::<&std::fs::File>
823 8
1509 8
3770 20
fn=std::io::default_read_to_end::<std::fs::File>
823 2
1509 2
3770 5
fn=std::io::default_read_to_end::small_probe_read::<&std::fs::File>
977 3
2548 3
fn=std::io::default_read_to_end::small_probe_read::<std::fs::File>
977 1
2548 1
fn=std::rt::lang_start_internal
823 2
fn=std::thread::functions::available_parallelism
85 115
2548 4
fl=/rustc/ac68faa20c58cbccd01ee7208bf3b6e93a7d7f96/library/core/src/ops/function.rs
fn=jiff::tz::system::sys::read
79 1
fn=std::rt::lang_start_internal
287 1
fl=/rustc/ac68faa20c58cbccd01ee7208bf3b6e93a7d7f96/library/core/src/option.rs
fn=<&std::fs::File as std::io::Read>::read_to_string
0 4
fn=<&std::io::stdio::Stderr as std::io::Write>::write_fmt
1065 2
fn=<alloc::collections::btree::node::Handle<alloc::collections::btree::node::NodeRef<alloc::collections::btree::node::marker::Mut, usize, std::sys::pal::unix::stack_overflow::thread_info::ThreadInfo, alloc::collections::btree::node::marker::Leaf>, alloc::collections::btree::node::marker::KV>>::remove_leaf_kv::<<alloc::collections::btree::map::entry::OccupiedEntry<usize, std::sys::pal::unix::stack_overflow::thread_info::ThreadInfo>>::remove_kv::{closure#0}, alloc::alloc::Global>
0 2
745 3
fn=<rayon_core::registry::DefaultSpawn as rayon_core::registry::ThreadSpawn>::spawn
0 4
1164 16
fn=<rustledger_loader::vfs::DiskFileSystem as rustledger_loader::vfs::FileSystem>::is_encrypted
1164 1
1545 1
2442 1
fn=<std::path::Components as core::iter::traits::double_ended::DoubleEndedIterator>::next_back
636 26
fn=<std::path::Components>::as_path
636 619
fn=<std::path::Path>::_starts_with
636 8
2277 133
fn=<std::path::Path>::_strip_prefix
1164 1214
1165 12140
2277 27315
fn=<std::path::PathBuf>::pop
0 1
1545 6
fn=<std::sync::once::Once>::call_once::<std::rt::cleanup::{closure#0}>::{closure#0}
0 1
1014 2
fn=<std::sync::once::Once>::call_once_force::<<std::sync::once_lock::OnceLock<std::sync::reentrant_lock::ReentrantLock<core::cell::RefCell<std::io::buffered::linewriter::LineWriter<std::io::stdio::StdoutRaw>>>>>::initialize<<std::sync::once_lock::OnceLock<std::sync::reentrant_lock::ReentrantLock<core::cell::RefCell<std::io::buffered::linewriter::LineWriter<std::io::stdio::StdoutRaw>>>>>::get_or_init<std::io::stdio::cleanup::{closure#0}>::{closure#0}, !>::{closure#0}>::{closure#0}
1014 2
fn=<std::sys::thread::unix::Thread>::new::thread_start
2442 8
fn=<std::thread::spawnhook::SpawnHooks as core::ops::drop::Drop>::drop
1545 18
fn=rayon_core::latch::LockLatch::wait_and_reset
0 2
745 6
fn=rustledger_loader::Loader::load_recursive
0 3
1545 4
fn=rustledger_loader::process::process
0 1
1545 8
fn=rustledger_loader::process::run_plugins
0 2
1545 8
fn=std::env::_var_os
0 3
fn=std::io::default_read_to_end::<&std::fs::File>
1042 16
1545 12
fn=std::io::default_read_to_end::<std::fs::File>
1042 4
1545 3
fn=std::rt::lang_start_internal
1065 2
fn=std::sys::pal::unix::stack_overflow::imp::drop_handler
767 3
fn=std::sys::pal::unix::stack_overflow::thread_info::set_current_info
1165 1
1726 2
2442 8
fn=std::thread::functions::available_parallelism
0 2
1545 24
2778 7
fn=std::thread::spawnhook::run_spawn_hooks
745 4
2277 8
2778 8
fl=/rustc/ac68faa20c58cbccd01ee7208bf3b6e93a7d7f96/library/core/src/profiling.rs
fn=<core::str::pattern::StrSearcher>::new
13 9
fn=std::sys::fs::metadata
13 3
fn=std::sys::fs::unix::try_statx
13 133
fn=std::thread::functions::available_parallelism
13 40
fl=/rustc/ac68faa20c58cbccd01ee7208bf3b6e93a7d7f96/library/core/src/ptr/const_ptr.rs
fn=std::thread::functions::available_parallelism
0 4
863 4
fl=/rustc/ac68faa20c58cbccd01ee7208bf3b6e93a7d7f96/library/core/src/ptr/metadata.rs
fn=<crossbeam_epoch::collector::Collector as core::default::Default>::default
133 2
fn=crossbeam_deque::deque::Worker<T>::new_fifo
133 8
fn=crossbeam_epoch::collector::Collector::register
133 8
fn=rayon_core::registry::Registry::new
133 8
fn=std::rt::lang_start_internal
133 1
fn=std::sys::pal::unix::stack_overflow::imp::make_handler
133 4
fl=/rustc/ac68faa20c58cbccd01ee7208bf3b6e93a7d7f96/library/core/src/ptr/mod.rs
fn=<&std::io::stdio::Stderr as std::io::Write>::write_fmt
810 1
fn=<alloc::collections::btree::node::Handle<alloc::collections::btree::node::NodeRef<alloc::collections::btree::node::marker::Mut, usize, std::sys::pal::unix::stack_overflow::thread_info::ThreadInfo, alloc::collections::btree::node::marker::Leaf>, alloc::collections::btree::node::marker::KV>>::remove_leaf_kv::<<alloc::collections::btree::map::entry::OccupiedEntry<usize, std::sys::pal::unix::stack_overflow::thread_info::ThreadInfo>>::remove_kv::{closure#0}, alloc::alloc::Global>
643 7
1721 9
fn=<alloc::sync::Arc<std::sys::fs::unix::InnerReadDir>>::drop_slow
810 63
fn=<core::ffi::c_str::CStr>::from_bytes_with_nul
2296 4
fn=<core::str::pattern::CharSearcher as core::str::pattern::Searcher>::next_match
2296 60024
fn=<rayon_core::registry::DefaultSpawn as rayon_core::registry::ThreadSpawn>::spawn
1921 24
fn=<rustledger_loader::vfs::DiskFileSystem as rustledger_loader::vfs::FileSystem>::normalize
552 9
1921 1
fn=<std::sys::thread::unix::Thread>::new
1721 4
fn=<std::thread::spawnhook::ChildSpawnHooks>::run
810 16
fn=core::fmt::write
1721 11
fn=jiff::tz::db::zoneinfo::inner::CachedTimeZone::new
552 4
1921 1
fn=jiff::tz::db::zoneinfo::inner::Database::from_dir
552 10
fn=jiff::tz::db::zoneinfo::inner::walk
552 12532
fn=jiff::tz::system::sys::read
552 4
1921 1
fn=rustledger_loader::Loader::load_recursive
0 3
552 5
fn=rustledger_loader::process::process
552 6
fn=rustledger_parser::cst::ast::StringLit::text_decoded
2296 4
fn=std::env::_var
552 6
1921 2
2296 4
fn=std::env::_var_os
552 9
1921 3
fn=std::env::args_os
552 8
1721 2
1921 6
fn=std::fs::read::inner
552 3
1921 1
2296 2
fn=std::io::default_read_to_end::small_probe_read::<&std::fs::File>
552 6
fn=std::io::stdio::print_to_buffer_if_capture_used
0 1
fn=std::rt::lang_start_internal
714 17
fn=std::sys::env::unix::getenv::{closure#0}
0 5
fn=std::sys::fs::metadata
552 3
1921 1
2296 2
fn=std::sys::fs::read_dir
552 210
1921 21
2296 42
fn=std::sys::fs::unix::try_statx
714 140
fn=std::sys::pal::unix::stack_overflow::imp::drop_handler
0 1
810 12
fn=std::sys::pal::unix::stack_overflow::imp::make_handler
714 45
fn=std::sys::pal::unix::stack_overflow::thread_info::set_current_info
0 14
552 1
643 5
810 40
1921 1
fn=std::sys::thread_local::native::eager::destroy::<core::cell::Cell<std::thread::spawnhook::SpawnHooks>>
810 4
fn=std::thread::functions::available_parallelism
0 5
552 39
714 11
810 6
1921 3
fn=std::thread::spawnhook::run_spawn_hooks
810 16
fl=/rustc/ac68faa20c58cbccd01ee7208bf3b6e93a7d7f96/library/core/src/ptr/mut_ptr.rs
fn=<alloc::collections::btree::node::Handle<alloc::collections::btree::node::NodeRef<alloc::collections::btree::node::marker::Mut, usize, std::sys::pal::unix::stack_overflow::thread_info::ThreadInfo, alloc::collections::btree::node::marker::Leaf>, alloc::collections::btree::node::marker::KV>>::remove_leaf_kv::<<alloc::collections::btree::map::entry::OccupiedEntry<usize, std::sys::pal::unix::stack_overflow::thread_info::ThreadInfo>>::remove_kv::{closure#0}, alloc::alloc::Global>
961 8
fn=<std::thread::spawnhook::ChildSpawnHooks>::run
961 16
fn=jiff::tz::db::zoneinfo::inner::walk
961 1235
fn=std::env::args_os
961 2
fn=std::io::default_read_to_end::<&std::fs::File>
961 10
fn=std::io::default_read_to_end::<std::fs::File>
961 2
fn=std::io::default_read_to_end::small_probe_read::<&std::fs::File>
961 4
fn=std::sys::pal::unix::stack_overflow::imp::drop_handler
1072 1
fn=std::sys::pal::unix::stack_overflow::imp::make_handler
961 5
fn=std::sys::pal::unix::stack_overflow::thread_info::set_current_info
961 16
fn=std::thread::functions::available_parallelism
961 2
fl=/rustc/ac68faa20c58cbccd01ee7208bf3b6e93a7d7f96/library/core/src/ptr/non_null.rs
fn=<rustledger_loader::vfs::DiskFileSystem as rustledger_loader::vfs::FileSystem>::is_encrypted
1717 10
fn=<std::path::Components as core::iter::traits::iterator::Iterator>::next
1717 31201
fn=<std::path::Components>::as_path
1717 3648
fn=<std::path::Components>::parse_next_component_back
1717 5448
fn=<std::sys::thread::unix::Thread>::new::thread_start
444 4
fn=<std::thread::spawnhook::ChildSpawnHooks>::run
1717 4
fn=core::fmt::write
659 14
fn=jiff::tz::db::zoneinfo::inner::walk
444 628
fn=rustledger_parser::cst::format::compute_alignment
1717 40000
fn=std::rt::lang_start_internal
659 3
1717 4
fn=std::sys::pal::unix::stack_overflow::imp::drop_handler
1717 1
fn=std::sys::pal::unix::stack_overflow::thread_info::set_current_info
1717 12
fn=std::thread::functions::available_parallelism
0 1
1717 144
fl=/rustc/ac68faa20c58cbccd01ee7208bf3b6e93a7d7f96/library/core/src/result.rs
fn=<&std::fs::File as std::io::Read>::read_to_string
0 4
fn=<alloc::raw_vec::RawVec<alloc::vec::Vec<u8>>>::grow_one
2173 2
2174 1
fn=<alloc::raw_vec::RawVecInner<_>>::reserve::do_reserve_and_handle::<alloc::alloc::Global>
2173 1366
2174 683
fn=<core::fmt::Formatter>::pad_integral
2173 4
fn=<rayon_core::registry::DefaultSpawn as rayon_core::registry::ThreadSpawn>::spawn
1620 8
fn=<std::sys::fs::unix::File>::open_c
0 5
2189 3
fn=<std::sys::pal::unix::time::Timespec>::now
1231 8
fn=core::fmt::write
2173 13
fn=jiff::tz::db::zoneinfo::inner::CachedTimeZone::new
0 1
835 2
836 1
2173 2
2174 1
fn=jiff::tz::db::zoneinfo::inner::walk
0 1884
2173 1256
fn=jiff::util::fs::last_modified_from_file
0 2
835 2
2173 1
fn=rustledger_loader::process::process
0 2
fn=std::env::_var
0 4
713 10
fn=std::env::_var_os
0 3
713 15
714 9
fn=std::fs::buffer_capacity_required
717 4
835 8
fn=std::fs::read::inner
835 5
836 1
2173 2
fn=std::io::default_read_to_end::<&std::fs::File>
0 3
2173 6
fn=std::io::default_read_to_end::<std::fs::File>
2173 2
fn=std::sys::fs::read_dir
2173 42
fn=std::sys::fs::unix::readlink
966 2
fn=std::sys::pal::unix::stack_overflow::thread_info::set_current_info
2173 2
fn=std::sys::random::linux::hashmap_random_keys
1718 2
fn=std::thread::functions::available_parallelism
717 2
835 10
836 5
837 3
fl=/rustc/ac68faa20c58cbccd01ee7208bf3b6e93a7d7f96/library/core/src/slice/cmp.rs
fn=<core::str::pattern::CharSearcher as core::str::pattern::Searcher>::next_match
158 28
fn=<core::str::pattern::StrSearcher>::new
158 4
fn=std::thread::functions::available_parallelism
158 4
fl=/rustc/ac68faa20c58cbccd01ee7208bf3b6e93a7d7f96/library/core/src/slice/index.rs
fn=<&std::fs::File as std::io::Read>::read_to_string
89 4
410 6
fn=<core::str::pattern::CharSearcher as core::str::pattern::Searcher>::next_match
89 26
fn=<core::str::pattern::StrSearcher>::new
0 4
89 1
219 35
fn=<std::io::default_write_fmt::Adapter<std::io::stdio::StderrLock> as core::fmt::Write>::write_str
89 10
568 15
fn=<std::path::Components as core::iter::traits::iterator::Iterator>::next
89 6682
568 18824
573 1222
fn=<std::path::Components>::parse_next_component_back
0 632
89 2528
568 2362
fn=<u64 as core::fmt::Display>::fmt
89 4
410 2
fn=std::sys::random::linux::getrandom
101 3
580 2
fn=std::thread::functions::available_parallelism
89 5
568 2
fl=/rustc/ac68faa20c58cbccd01ee7208bf3b6e93a7d7f96/library/core/src/slice/iter.rs
fn=std::thread::functions::available_parallelism
0 11
477 5
1115 1
fl=/rustc/ac68faa20c58cbccd01ee7208bf3b6e93a7d7f96/library/core/src/slice/iter/macros.rs
fn=<core::str::pattern::StrSearcher>::new
0 3
279 9
284 22
fn=<rustledger_loader::vfs::DiskFileSystem as rustledger_loader::vfs::FileSystem>::is_encrypted
0 2
25 10
405 3
406 10
407 20
fn=<std::path::Components as core::iter::traits::iterator::Iterator>::next
0 16586
180 31201
384 35386
390 31201
fn=<std::path::Components>::as_path
0 108
180 3648
384 4201
390 3648
fn=<std::path::Components>::parse_next_component_back
25 5448
407 21576
fn=rustledger_parser::cst::format::compute_alignment
0 60020
25 40000
279 426828
284 714274
fn=std::rt::lang_start_internal
180 4
fn=std::sys::pal::unix::stack_overflow::imp::drop_handler
180 1
fn=std::sys::pal::unix::stack_overflow::thread_info::set_current_info
180 12
fn=std::thread::functions::available_parallelism
0 1
180 52
384 99
390 46
fl=/rustc/ac68faa20c58cbccd01ee7208bf3b6e93a7d7f96/library/core/src/slice/memchr.rs
fn=<core::ffi::c_str::CStr>::from_bytes_with_nul
0 12
19 12
27 6
39 73
40 60
44 14
71 4
81 6
85 2
86 2
91 8
95 2
fn=<core::str::pattern::CharSearcher as core::str::pattern::Searcher>::next_match
0 278606
19 505960
27 48
39 1002567
40 698368
44 105011
71 60024
81 137023
89 72280
90 72280
91 319132
95 42269
fn=rustledger_parser::cst::ast::StringLit::text_decoded
0 20008
39 112
40 76
71 6
81 4
fn=rustledger_parser::cst::convert::parse_decimal_token
0 20000
fn=rustledger_parser::cst::format::canonical_number
0 20000
fn=std::env::_var
0 12
19 12
27 4
39 10
40 8
71 4
81 6
85 2
86 2
91 8
95 2
fn=std::env::_var_os
0 6
27 6
39 42
40 48
44 21
fn=std::fs::read::inner
0 6
19 18
27 2
39 32
40 22
71 2
81 7
85 3
86 3
91 12
95 3
fn=std::sys::fs::metadata
0 6
19 24
27 2
39 35
40 24
71 2
81 9
85 4
86 4
91 16
95 4
fn=std::sys::fs::read_dir
0 189
19 150
27 42
39 594
40 410
71 42
81 71
85 25
86 25
91 100
95 25
fn=std::thread::functions::available_parallelism
0 20
19 47
27 6
39 38
40 28
71 5
81 17
85 7
86 16
91 33
95 7
fl=/rustc/ac68faa20c58cbccd01ee7208bf3b6e93a7d7f96/library/core/src/slice/mod.rs
fn=<rustledger_loader::vfs::DiskFileSystem as rustledger_loader::vfs::FileSystem>::is_encrypted
851 2
fn=jiff::tz::db::zoneinfo::inner::walk
851 2632
fn=std::thread::functions::available_parallelism
282 8
2655 10
fl=/rustc/ac68faa20c58cbccd01ee7208bf3b6e93a7d7f96/library/core/src/slice/sort/stable/drift.rs
fn=core::slice::sort::stable::drift::sort
0 5
184 3
186 15
fl=/rustc/ac68faa20c58cbccd01ee7208bf3b6e93a7d7f96/library/core/src/str/converts.rs
fn=core::str::converts::from_utf8
0 1193
89 5965
94 4772
98 4772
fl=/rustc/ac68faa20c58cbccd01ee7208bf3b6e93a7d7f96/library/core/src/str/iter.rs
fn=std::thread::functions::available_parallelism
0 6
643 4
646 6
648 2
658 4
662 2
663 20
665 4
666 2
667 2
681 10
685 2
686 2
689 2
fl=/rustc/ac68faa20c58cbccd01ee7208bf3b6e93a7d7f96/library/core/src/str/mod.rs
fn=std::thread::functions::available_parallelism
3178 2
fl=/rustc/ac68faa20c58cbccd01ee7208bf3b6e93a7d7f96/library/core/src/str/pattern.rs
fn=<core::str::pattern::CharSearcher as core::str::pattern::Searcher>::next_match
0 52
432 84
438 30
457 12
458 28
461 4
462 16
468 2
472 48
fn=<core::str::pattern::StrSearcher>::new
0 33
1086 10
1087 2
1100 4
1109 9
1381 5
1396 4
1434 5
1447 9
1637 16
1639 72
1640 24
1642 24
1644 24
1645 4
1656 12
fn=std::thread::functions::available_parallelism
1041 12
fl=/rustc/ac68faa20c58cbccd01ee7208bf3b6e93a7d7f96/library/core/src/str/traits.rs
fn=std::thread::functions::available_parallelism
211 2
fl=/rustc/ac68faa20c58cbccd01ee7208bf3b6e93a7d7f96/library/core/src/str/validations.rs
fn=core::str::converts::from_utf8
0 9279
133 3579
145 11898
164 5684
165 11368
222 11368
224 130034
233 64089
234 192267
238 64089
241 16096
242 3328
245 9512
fn=rustledger_parser::cst::format::compute_alignment
24 211485
fl=/rustc/ac68faa20c58cbccd01ee7208bf3b6e93a7d7f96/library/core/src/sync/atomic.rs
fn=<&std::io::stdio::Stderr as std::io::Write>::write_fmt
3889 3
3904 1
3922 1
3989 2
fn=<alloc::sync::Arc<std::sys::fs::unix::InnerReadDir>>::drop_slow
3956 21
fn=<rayon_core::latch::LatchRef<L> as rayon_core::latch::Latch>::set
3937 4
fn=<rayon_core::latch::LockLatch as rayon_core::latch::Latch>::set
3937 8
fn=<rayon_core::registry::DefaultSpawn as rayon_core::registry::ThreadSpawn>::spawn
0 4
3904 4
4045 4
fn=<std::sync::once::Once>::call_once::<std::rt::cleanup::{closure#0}>::{closure#0}
3904 1
3905 1
fn=<std::sync::once_lock::OnceLock<std::sync::reentrant_lock::ReentrantLock<core::cell::RefCell<std::io::buffered::linewriter::LineWriter<std::io::stdio::StdoutRaw>>>>>::initialize::<<std::sync::once_lock::OnceLock<std::sync::reentrant_lock::ReentrantLock<core::cell::RefCell<std::io::buffered::linewriter::LineWriter<std::io::stdio::StdoutRaw>>>>>::get_or_init<std::io::stdio::cleanup::{closure#0}>::{closure#0}, !>
3905 1
fn=<std::sys::sync::once::futex::Once>::call
0 9
3905 24
3922 6
4057 9
fn=<std::sys::thread::unix::Thread>::new
3890 1
3905 8
fn=<std::sys::thread::unix::Thread>::new::thread_start
3904 4
3937 4
3956 4
fn=jiff::tz::db::zoneinfo::inner::walk
3937 628
fn=rayon_core::latch::LockLatch::wait_and_reset
3904 4
3922 4
3989 6
fn=std::env::args_os
3904 3
fn=std::io::stdio::print_to_buffer_if_capture_used
3904 1
fn=std::rt::lang_start_internal
0 6
3889 8
3890 1
3904 4
3905 1
3989 2
4045 1
fn=std::sys::args::unix::imp::ARGV_INIT_ARRAY::init_wrapper
3889 2
fn=std::sys::env::unix::getenv::{closure#0}
3904 10
3956 5
4054 5
fn=std::sys::fs::unix::try_statx
3889 1
3904 7
fn=std::sys::pal::unix::stack_overflow::imp::drop_handler
3890 1
3904 5
3989 4
fn=std::sys::pal::unix::stack_overflow::imp::make_handler
3904 5
3905 5
fn=std::sys::pal::unix::stack_overflow::thread_info::set_current_info
3890 5
3904 27
3989 20
fn=std::sys::random::linux::getrandom
3904 2
fn=std::sys::thread_local::guard::key::enable
3905 4
4001 2
fl=/rustc/ac68faa20c58cbccd01ee7208bf3b6e93a7d7f96/library/core/src/time.rs
fn=<std::sys::pal::unix::time::Timespec>::sub_timespec
195 4
fl=/rustc/ac68faa20c58cbccd01ee7208bf3b6e93a7d7f96/library/std/src/env.rs
fn=std::env::_var
0 4
226 22
227 6
231 18
fn=std::env::_var_os
263 33
265 27
fn=std::env::args_os
860 8
861 4
862 9
fl=/rustc/ac68faa20c58cbccd01ee7208bf3b6e93a7d7f96/library/std/src/ffi/os_str.rs
fn=<std::path::PathBuf>::pop
589 2
fn=std::thread::functions::available_parallelism
589 12
fl=/rustc/ac68faa20c58cbccd01ee7208bf3b6e93a7d7f96/library/std/src/fs.rs
fn=<&std::fs::File as std::io::Read>::read_to_string
1383 18
1384 10
1387 18
fn=jiff::tz::db::zoneinfo::inner::CachedTimeZone::new
0 1
1377 1
1379 3
fn=jiff::tz::db::zoneinfo::inner::walk
2642 34
fn=jiff::util::fs::last_modified_from_file
1141 2
fn=std::fs::buffer_capacity_required
1141 8
1313 28
1319 28
fn=std::fs::read::inner
342 11
345 4
346 2
347 4
348 9
1141 2
1695 3
fn=std::thread::functions::available_parallelism
0 4
1377 1
1379 3
1512 12
1695 18
2740 4
fl=/rustc/ac68faa20c58cbccd01ee7208bf3b6e93a7d7f96/library/std/src/io/error.rs
fn=std::thread::functions::available_parallelism
0 1
fl=/rustc/ac68faa20c58cbccd01ee7208bf3b6e93a7d7f96/library/std/src/io/error/repr_bitpacked.rs
fn=<std::sys::fs::unix::File>::open_c
168 3
fn=std::thread::functions::available_parallelism
0 1
249 6
fl=/rustc/ac68faa20c58cbccd01ee7208bf3b6e93a7d7f96/library/std/src/io/mod.rs
fn=<&std::fs::File as std::io::Read>::read_to_string
0 4
392 4
535 10
fn=<&std::io::stdio::Stderr as std::io::Write>::write_fmt
0 2
620 3
621 7
fn=<std::io::default_write_fmt::Adapter<std::io::stdio::StderrLock> as core::fmt::Write>::write_str
0 20
609 40
610 10
617 40
1858 25
fn=std::io::default_read_to_end::<&std::fs::File>
0 28
409 44
442 16
443 6
445 4
451 12
456 4
458 2
463 15
490 10
497 10
502 18
519 36
fn=std::io::default_read_to_end::<std::fs::File>
0 5
409 10
442 1
451 4
456 5
458 2
463 3
490 2
497 2
502 9
519 9
fn=std::io::default_read_to_end::small_probe_read::<&std::fs::File>
0 6
424 27
425 21
439 27
fn=std::io::default_read_to_end::small_probe_read::<std::fs::File>
0 2
424 10
425 6
439 9
fl=/rustc/ac68faa20c58cbccd01ee7208bf3b6e93a7d7f96/library/std/src/io/stdio.rs
fn=<&std::io::stdio::Stderr as std::io::Write>::write_fmt
1001 1
1065 9
1066 4
1067 7
fn=<std::io::default_write_fmt::Adapter<std::io::stdio::StderrLock> as core::fmt::Write>::write_str
0 5
fn=<std::sync::once::Once>::call_once::<std::rt::cleanup::{closure#0}>::{closure#0}
727 1
733 3
fn=<std::sync::once::Once>::call_once_force::<<std::sync::once_lock::OnceLock<std::sync::reentrant_lock::ReentrantLock<core::cell::RefCell<std::io::buffered::linewriter::LineWriter<std::io::stdio::StdoutRaw>>>>>::initialize<<std::sync::once_lock::OnceLock<std::sync::reentrant_lock::ReentrantLock<core::cell::RefCell<std::io::buffered::linewriter::LineWriter<std::io::stdio::StdoutRaw>>>>>::get_or_init<std::io::stdio::cleanup::{closure#0}>::{closure#0}, !>::{closure#0}>::{closure#0}
729 1
fn=std::io::stdio::_eprint
1040 5
1159 3
1164 5
1285 10
1287 5
fn=std::io::stdio::print_to_buffer_if_capture_used
1169 8
1170 2
1180 8
fl=/rustc/ac68faa20c58cbccd01ee7208bf3b6e93a7d7f96/library/std/src/lib.rs
fn=std::sys::fs::metadata
0 1
fl=/rustc/ac68faa20c58cbccd01ee7208bf3b6e93a7d7f96/library/std/src/os/fd/owned.rs
fn=std::fs::read::inner
216 2
fn=std::thread::functions::available_parallelism
216 4
fl=/rustc/ac68faa20c58cbccd01ee7208bf3b6e93a7d7f96/library/std/src/panicking.rs
fn=std::sys::pal::unix::stack_overflow::imp::drop_handler
0 1
464 3
fn=std::sys::pal::unix::stack_overflow::thread_info::set_current_info
0 5
464 20
fl=/rustc/ac68faa20c58cbccd01ee7208bf3b6e93a7d7f96/library/std/src/path.rs
fn=<rustledger_loader::vfs::DiskFileSystem as rustledger_loader::vfs::FileSystem>::is_encrypted
329 2
342 20
2685 1
2940 2
3216 7
fn=<std::path::Component as core::cmp::PartialEq>::eq
0 17099
525 52525
fn=<std::path::Components as core::iter::traits::double_ended::DoubleEndedIterator>::next_back
0 104
705 130
976 156
978 65
979 26
980 143
981 52
982 26
1019 117
fn=<std::path::Components as core::iter::traits::iterator::Iterator>::next
0 146175
705 17021
758 1214
759 2428
768 72
769 32732
788 5460
923 71109
925 32281
927 13358
928 20076
929 26114
930 10920
935 1219
938 1829
941 3666
971 55307
fn=<std::path::Components>::as_path
0 7933
400 619
618 4952
728 4333
730 1238
733 1238
736 619
737 4333
769 2428
806 1214
811 1214
818 1238
819 1857
820 619
fn=<std::path::Components>::parse_next_component_back
0 1921
697 632
741 50
768 6
769 3792
793 1264
796 1239
798 1734
801 3160
802 1264
fn=<std::path::Path>::_starts_with
0 4
309 15
311 519
312 30
318 180
329 16
618 95
2797 32
2799 32
3216 48
fn=<std::path::Path>::_strip_prefix
0 9712
309 2428
311 88015
312 4856
318 41276
329 2428
618 27315
2763 4856
2765 607
2767 4856
3216 5463
fn=<std::path::PathBuf>::pop
329 2
1442 8
1450 7
2619 1
2622 1
3216 7
fn=jiff::tz::db::zoneinfo::inner::walk
0 628
329 4160
1362 1235
1415 3098
1982 4961
3063 4940
fn=rustledger_loader::Loader::load_recursive
329 3
1982 3
2619 1
2622 2
3216 22
fn=rustledger_loader::process::process
329 4
2619 4
2622 4
3216 12
fn=rustledger_loader::process::run_plugins
329 4
2619 2
2622 4
3216 14
fn=std::thread::functions::available_parallelism
0 16
329 5
1258 3
1362 1
1415 4
2619 18
2622 12
2794 20
3216 33
fl=/rustc/ac68faa20c58cbccd01ee7208bf3b6e93a7d7f96/library/std/src/rt.rs
fn=std::rt::lang_start_internal
152 9
185 1
195 9
fl=/rustc/ac68faa20c58cbccd01ee7208bf3b6e93a7d7f96/library/std/src/sync/once.rs
fn=<std::sync::once::Once>::call_once::<std::rt::cleanup::{closure#0}>::{closure#0}
166 17
fn=<std::sync::once::Once>::call_once_force::<<std::sync::once_lock::OnceLock<std::sync::reentrant_lock::ReentrantLock<core::cell::RefCell<std::io::buffered::linewriter::LineWriter<std::io::stdio::StdoutRaw>>>>>::initialize<<std::sync::once_lock::OnceLock<std::sync::reentrant_lock::ReentrantLock<core::cell::RefCell<std::io::buffered::linewriter::LineWriter<std::io::stdio::StdoutRaw>>>>>::get_or_init<std::io::stdio::cleanup::{closure#0}>::{closure#0}, !>::{closure#0}>::{closure#0}
226 2
fn=<std::sync::once_lock::OnceLock<std::sync::reentrant_lock::ReentrantLock<core::cell::RefCell<std::io::buffered::linewriter::LineWriter<std::io::stdio::StdoutRaw>>>>>::initialize::<<std::sync::once_lock::OnceLock<std::sync::reentrant_lock::ReentrantLock<core::cell::RefCell<std::io::buffered::linewriter::LineWriter<std::io::stdio::StdoutRaw>>>>>::get_or_init<std::io::stdio::cleanup::{closure#0}>::{closure#0}, !>
221 2
225 6
226 9
fn=std::rt::lang_start_internal
161 2
165 2
166 8
fl=/rustc/ac68faa20c58cbccd01ee7208bf3b6e93a7d7f96/library/std/src/sync/once_lock.rs
fn=<std::sync::once::Once>::call_once::<std::rt::cleanup::{closure#0}>::{closure#0}
156 2
410 1
fn=<std::sync::once_lock::OnceLock<std::sync::reentrant_lock::ReentrantLock<core::cell::RefCell<std::io::buffered::linewriter::LineWriter<std::io::stdio::StdoutRaw>>>>>::initialize::<<std::sync::once_lock::OnceLock<std::sync::reentrant_lock::ReentrantLock<core::cell::RefCell<std::io::buffered::linewriter::LineWriter<std::io::stdio::StdoutRaw>>>>>::get_or_init<std::io::stdio::cleanup::{closure#0}>::{closure#0}, !>
0 4
557 1
fl=/rustc/ac68faa20c58cbccd01ee7208bf3b6e93a7d7f96/library/std/src/sync/poison.rs
fn=std::sys::pal::unix::stack_overflow::imp::drop_handler
0 3
123 4
fn=std::sys::pal::unix::stack_overflow::thread_info::set_current_info
0 15
123 30
fl=/rustc/ac68faa20c58cbccd01ee7208bf3b6e93a7d7f96/library/std/src/sync/reentrant_lock.rs
fn=<&std::io::stdio::Stderr as std::io::Write>::write_fmt
0 1
101 1
290 1
296 1
425 1
426 1
fn=<std::io::default_write_fmt::Adapter<std::io::stdio::StderrLock> as core::fmt::Write>::write_str
401 5
fl=/rustc/ac68faa20c58cbccd01ee7208bf3b6e93a7d7f96/library/std/src/sys/alloc/unix.rs
fn=<&std::io::stdio::Stderr as std::io::Write>::write_fmt
0 1
fn=<alloc::raw_vec::RawVecInner>::finish_grow
0 685
13 2
14 4
53 683
54 2732
fn=<alloc::sync::Arc<std::sys::fs::unix::InnerReadDir>>::drop_slow
48 126
fn=<core::iter::adapters::map::Map<I,F> as core::iter::traits::iterator::Iterator>::next
14 12
fn=<crossbeam_epoch::collector::Collector as core::default::Default>::default
14 2
83 3
84 1
fn=<rayon_core::registry::DefaultSpawn as rayon_core::registry::ThreadSpawn>::spawn
14 32
fn=<rayon_core::registry::WorkerThread as core::convert::From<rayon_core::registry::ThreadBuilder>>::from
36 12
fn=<rustledger_core::directive::Transaction as core::clone::Clone>::clone
14 20000
fn=<rustledger_core::identifiers::Tag as core::convert::From<&str>>::from
14 12
fn=<rustledger_core::intern::InternedStr as core::convert::From<alloc::string::String>>::from
14 40000
48 40000
fn=<rustledger_loader::vfs::DiskFileSystem as rustledger_loader::vfs::FileSystem>::normalize
14 2
fn=<rustledger_loader::vfs::DiskFileSystem as rustledger_loader::vfs::FileSystem>::read
14 2
48 2
fn=<rustledger_validate::ValidationOptions as core::default::Default>::default
14 24
fn=<std::sys::thread::unix::Thread>::new::thread_start
48 8
fn=alloc::collections::btree::map::BTreeMap<K,V,A>::insert
14 2
fn=alloc::collections::btree::map::IntoIter<K,V,A>::dying_next
48 2
fn=alloc::raw_vec::RawVecInner<A>::finish_grow
13 30633
14 61270
53 715
54 2145
fn=alloc::sync::Arc<T,A>::drop_slow
48 120116
fn=core::ptr::drop_in_place<(rustledger_core::identifiers::Account,rustledger_validate::AccountState)>
48 48
fn=core::ptr::drop_in_place<alloc::vec::Vec<(u64,rowan::utility_types::NodeOrToken<rowan::green::node::GreenNode,rowan::green::token::GreenToken>)>>
48 1
fn=core::ptr::drop_in_place<alloc::vec::Vec<rowan::api::SyntaxNode<rustledger_parser::cst::syntax_kind::BeancountLanguage>>>
48 9
fn=core::ptr::drop_in_place<alloc::vec::Vec<rustledger_core::identifiers::Tag>>
48 54
fn=core::ptr::drop_in_place<alloc::vec::Vec<rustledger_core::span::Spanned<rustledger_core::identifiers::Account>>>
48 18
fn=core::ptr::drop_in_place<core::iter::adapters::enumerate::Enumerate<core::iter::adapters::zip::Zip<alloc::vec::into_iter::IntoIter<crossbeam_deque::deque::Worker<rayon_core::job::JobRef>>,alloc::vec::into_iter::IntoIter<crossbeam_deque::deque::Stealer<rayon_core::job::JobRef>>>>>
48 7
fn=core::ptr::drop_in_place<rowan::green::builder::GreenNodeBuilder>
48 4
fn=core::ptr::drop_in_place<rustledger_core::directive::Transaction>
48 40000
fn=core::ptr::drop_in_place<rustledger_core::display_context::DisplayContext>
48 4
fn=core::ptr::drop_in_place<rustledger_core::inventory::Inventory>
48 108
fn=core::ptr::drop_in_place<rustledger_core::span::Spanned<rustledger_core::directive::Directive>>
48 20000
fn=core::ptr::drop_in_place<rustledger_loader::Loader>
0 3
48 5
fn=core::ptr::drop_in_place<rustledger_loader::options::Options>
0 4
48 18
fn=core::ptr::drop_in_place<rustledger_loader::process::Ledger>
48 2
fn=core::ptr::drop_in_place<rustledger_loader::source_map::SourceMap>
0 1
48 11
fn=core::ptr::drop_in_place<rustledger_validate::LedgerState>
48 1
fn=core::ptr::drop_in_place<rustledger_validate::ValidationOptions>
0 11
48 17
fn=core::ptr::drop_in_place<std::collections::hash::map::HashMap<rustledger_core::identifiers::Account,rustledger_core::inventory::Inventory,rustc_hash::FxBuildHasher>>
48 16
fn=core::ptr::drop_in_place<std::collections::hash::map::IntoIter<rustledger_core::identifiers::Currency,alloc::vec::Vec<usize>>>
48 60000
fn=core::slice::sort::stable::driftsort_main
0 1
14 21
48 20
fn=crossbeam_deque::deque::Worker<T>::new_fifo
14 16
83 12
84 4
fn=crossbeam_epoch::collector::Collector::register
83 12
84 4
fn=hashbrown::raw::RawTable<T,A>::reserve_rehash
0 26
14 56
48 33
fn=hashbrown::raw::RawTableInner::fallible_with_capacity
13 30045
14 120180
fn=imbl::vector::GenericVector<A,P>::promote_front
14 24
fn=jiff::shared::tzif::<impl jiff::shared::Tzif<alloc::string::String,jiff::shared::util::array_str::ArrayStr<30_usize>,alloc::vec::Vec<jiff::shared::TzifLocalTimeType>,alloc::vec::Vec<i64>,alloc::vec::Vec<jiff::shared::TzifDateTime>,alloc::vec::Vec<jiff::shared::TzifDateTime>,alloc::vec::Vec<jiff::shared::TzifTransitionInfo>>>::parse_time_zone_designations
14 2
fn=jiff::tz::db::TimeZoneDatabase::from_env
14 2
fn=jiff::tz::db::zoneinfo::inner::CachedTimeZone::new
0 1
48 1
fn=jiff::tz::db::zoneinfo::inner::Database::from_dir
14 4
fn=jiff::tz::db::zoneinfo::inner::walk
0 628
14 6226
48 1934
54 1256
fn=jiff::tz::timezone::TimeZone::tzif
14 4
fn=jiff::tz::tzif::Tzif<alloc::string::String,jiff::shared::util::array_str::ArrayStr<30_usize>,alloc::vec::Vec<jiff::shared::TzifLocalTimeType>,alloc::vec::Vec<i64>,alloc::vec::Vec<jiff::shared::TzifDateTime>,alloc::vec::Vec<jiff::shared::TzifDateTime>,alloc::vec::Vec<jiff::shared::TzifTransitionInfo>>::parse
0 11
fn=profile_pipeline::main
0 1
48 4
fn=rayon::iter::plumbing::bridge_producer_consumer::helper
0 12
fn=rayon::slice::sort::par_mergesort
14 4
48 10
fn=rayon_core::join::join_context::{{closure}}
0 10
fn=rayon_core::registry::Registry::new
0 1
14 19
36 3
48 2
83 22
84 6
fn=rowan::arc::Arc<T>::drop_slow
48 480681
fn=rowan::cursor::NodeData::new
14 1660266
fn=rowan::cursor::free
48 4980804
fn=rowan::green::node::GreenNode::new
14 98134
fn=rowan::green::node_cache::NodeCache::token
14 78156
fn=rustledger_booking::interpolate::interpolate
14 80000
48 30000
fn=rustledger_core::display_context::DisplayContext::update
0 39998
14 40002
48 19999
fn=rustledger_core::intern::StringInterner::intern_with_status
14 40014
fn=rustledger_loader::Loader::load_recursive
0 2
14 8
48 12
fn=rustledger_loader::dedup::reintern_directives
48 1
fn=rustledger_loader::options::Options::new
14 22
fn=rustledger_loader::options::Options::set
0 1
14 4
fn=rustledger_loader::process::ledger_errors_extend
0 3
fn=rustledger_loader::process::process
0 10002
14 14
48 10004
fn=rustledger_loader::process::run_plugins
0 2
fn=rustledger_loader::source_map::SourceMap::add_file
14 2
fn=rustledger_parser::cst::convert::convert_amount_to_incomplete
14 40000
fn=rustledger_parser::cst::convert::convert_transaction
0 20000
14 40000
fn=rustledger_parser::cst::convert::parse_via_cst
0 1
14 80038
48 1
fn=rustledger_parser::cst::format::amount_number_text
48 40000
fn=rustledger_parser::cst::format::canonical_number
0 20000
13 20000
14 80000
fn=rustledger_parser::cst::format::compute_alignment
48 20000
fn=rustledger_parser::cst::lossless_tokens::lossless_kind_tokens
0 20000
48 1
fn=rustledger_parser::cst::parser::emit_tokens
48 8
fn=rustledger_parser::cst::parser::parse_structured
0 1
14 2
48 1
fn=rustledger_plugin::native::build_global_registry
14 18
fn=rustledger_plugin::native::plugins::auto_tag::AutoTagPlugin::new
14 18
fn=rustledger_validate::ValidationOptions::with_account_types
0 6
48 6
fn=rustledger_validate::ValidationOptions::with_document_source_dirs
0 1
fn=rustledger_validate::validate_phase_inner
0 50014
14 6
48 20006
fn=std::env::args_os
14 9
fn=std::sys::fs::read_dir
14 84
fn=std::sys::fs::unix::readlink
14 2
54 4
fn=std::sys::pal::unix::stack_overflow::imp::drop_handler
0 1
48 2
fn=std::sys::pal::unix::stack_overflow::thread_info::set_current_info
14 4
fn=std::thread::functions::available_parallelism
0 1
14 6
48 2
fl=/rustc/ac68faa20c58cbccd01ee7208bf3b6e93a7d7f96/library/std/src/sys/args/unix.rs
fn=std::env::args_os
0 6
42 4
61 4
145 2
fn=std::sys::args::unix::imp::ARGV_INIT_ARRAY::init_wrapper
131 1
132 1
fl=/rustc/ac68faa20c58cbccd01ee7208bf3b6e93a7d7f96/library/std/src/sys/env/unix.rs
fn=std::sys::env::unix::getenv::{closure#0}
0 5
112 40
114 10
116 10
117 10
124 35
fl=/rustc/ac68faa20c58cbccd01ee7208bf3b6e93a7d7f96/library/std/src/sys/exit.rs
fn=std::rt::lang_start_internal
36 2
37 1
fl=/rustc/ac68faa20c58cbccd01ee7208bf3b6e93a7d7f96/library/std/src/sys/fd/unix.rs
fn=<std::io::default_write_fmt::Adapter<std::io::stdio::StderrLock> as core::fmt::Write>::write_str
346 20
fn=std::io::default_read_to_end::<&std::fs::File>
179 20
fn=std::io::default_read_to_end::<std::fs::File>
179 4
fn=std::io::default_read_to_end::small_probe_read::<&std::fs::File>
112 12
fn=std::io::default_read_to_end::small_probe_read::<std::fs::File>
112 4
fl=/rustc/ac68faa20c58cbccd01ee7208bf3b6e93a7d7f96/library/std/src/sys/fs/mod.rs
fn=std::sys::fs::metadata
0 1
111 8
113 7
fn=std::sys::fs::read_dir
66 231
69 189
fl=/rustc/ac68faa20c58cbccd01ee7208bf3b6e93a7d7f96/library/std/src/sys/fs/unix.rs
fn=<rustledger_loader::vfs::DiskFileSystem as rustledger_loader::vfs::FileSystem>::normalize
0 1
2201 2
2202 2
2205 3
2207 2
fn=<std::sys::fs::unix::DirStream as core::ops::drop::Drop>::drop
1012 84
1027 63
1030 42
1032 42
1036 84
fn=<std::sys::fs::unix::File>::open_c
0 24
1282 48
1310 48
1327 42
1359 60
1360 36
1363 6
1368 30
1369 15
1370 48
fn=jiff::tz::db::zoneinfo::inner::CachedTimeZone::new
1356 2
fn=jiff::tz::db::zoneinfo::inner::walk
0 2704
865 1298
877 2073
878 1382
881 42
885 21
910 670
912 45
924 631
931 1253
1046 2512
1122 6280
fn=jiff::util::fs::last_modified_from_file
1376 7
fn=std::fs::buffer_capacity_required
1376 32
1766 20
fn=std::fs::read::inner
1255 2
1356 2
1376 8
fn=std::sys::fs::metadata
2168 5
fn=std::sys::fs::read_dir
0 42
2081 63
2082 42
fn=std::sys::fs::unix::readlink
2107 10
2114 4
2120 2
2123 7
2131 8
fn=std::sys::fs::unix::try_statx
153 49
179 14
211 14
218 7
219 7
220 7
221 7
222 7
224 7
225 7
226 7
227 7
228 7
230 7
231 7
232 7
233 7
234 7
237 7
238 14
249 42
fn=std::thread::functions::available_parallelism
1255 4
1356 18
fl=/rustc/ac68faa20c58cbccd01ee7208bf3b6e93a7d7f96/library/std/src/sys/helpers/small_c_string.rs
fn=<rustledger_loader::vfs::DiskFileSystem as rustledger_loader::vfs::FileSystem>::normalize
0 1
25 2
47 6
48 1
fn=jiff::tz::db::zoneinfo::inner::CachedTimeZone::new
0 1
25 2
47 6
48 3
fn=jiff::tz::system::sys::read
0 1
25 2
47 6
48 2
fn=std::env::_var
0 2
25 4
47 2
48 2
fn=std::env::_var_os
0 3
25 6
47 3
48 3
fn=std::fs::read::inner
0 1
25 2
47 1
fn=std::sys::fs::metadata
0 1
25 2
47 1
fn=std::sys::fs::read_dir
0 21
25 42
47 21
fn=std::thread::functions::available_parallelism
25 9
47 3
fl=/rustc/ac68faa20c58cbccd01ee7208bf3b6e93a7d7f96/library/std/src/sys/io/error/unix.rs
fn=<std::sys::fs::unix::File>::open_c
42 3
fn=jiff::tz::db::zoneinfo::inner::walk
42 42
51 691
fl=/rustc/ac68faa20c58cbccd01ee7208bf3b6e93a7d7f96/library/std/src/sys/os_str/bytes.rs
fn=<std::path::PathBuf>::pop
241 4
244 1
245 1
fn=std::thread::functions::available_parallelism
241 24
244 6
245 6
fl=/rustc/ac68faa20c58cbccd01ee7208bf3b6e93a7d7f96/library/std/src/sys/pal/unix/conf.rs
fn=std::rt::lang_start_internal
6 2
fl=/rustc/ac68faa20c58cbccd01ee7208bf3b6e93a7d7f96/library/std/src/sys/pal/unix/futex.rs
fn=<rayon_core::latch::LatchRef<L> as rayon_core::latch::Latch>::set
116 10
fn=<rayon_core::latch::LockLatch as rayon_core::latch::Latch>::set
116 20
fn=rayon_core::latch::LockLatch::wait_and_reset
44 4
73 16
89 2
fl=/rustc/ac68faa20c58cbccd01ee7208bf3b6e93a7d7f96/library/std/src/sys/pal/unix/mod.rs
fn=<std::io::default_write_fmt::Adapter<std::io::stdio::StderrLock> as core::fmt::Write>::write_str
245 20
fn=<std::sys::fs::unix::File>::open_c
235 6
245 6
256 1
fn=<std::sys::pal::unix::time::Timespec>::now
235 4
245 4
fn=std::fs::buffer_capacity_required
0 4
235 20
245 4
fn=std::io::default_read_to_end::<&std::fs::File>
235 5
245 5
fn=std::io::default_read_to_end::<std::fs::File>
235 1
245 1
fn=std::io::default_read_to_end::small_probe_read::<&std::fs::File>
235 3
245 3
fn=std::io::default_read_to_end::small_probe_read::<std::fs::File>
235 1
245 1
fn=std::rt::lang_start_internal
0 4
95 6
101 6
118 9
172 5
183 4
fn=std::sys::fs::unix::readlink
235 1
245 1
fn=std::sys::fs::unix::try_statx
235 7
245 7
fl=/rustc/ac68faa20c58cbccd01ee7208bf3b6e93a7d7f96/library/std/src/sys/pal/unix/stack_overflow.rs
fn=<std::sync::once::Once>::call_once::<std::rt::cleanup::{closure#0}>::{closure#0}
202 1
fn=<std::sys::thread::unix::Thread>::new::thread_start
12 8
fn=std::rt::lang_start_internal
0 3
168 6
170 4
171 4
174 2
178 1
179 3
183 2
184 6
188 6
372 5
373 4
375 4
376 2
377 2
380 2
383 4
398 10
399 5
449 2
fn=std::sys::pal::unix::stack_overflow::imp::drop_handler
0 1
284 8
285 2
288 4
298 2
301 4
305 8
310 2
fn=std::sys::pal::unix::stack_overflow::imp::make_handler
0 5
227 30
229 5
235 10
238 20
239 10
250 30
251 10
255 10
257 8
264 10
266 10
269 20
270 10
272 10
276 35
310 10
586 16
587 8
588 12
589 16
590 8
601 16
602 16
604 4
617 16
623 16
fl=/rustc/ac68faa20c58cbccd01ee7208bf3b6e93a7d7f96/library/std/src/sys/pal/unix/stack_overflow/thread_info.rs
fn=std::sys::pal::unix::stack_overflow::imp::drop_handler
96 1
126 3
fn=std::sys::pal::unix::stack_overflow::thread_info::set_current_info
0 10
96 5
112 50
116 15
123 40
fl=/rustc/ac68faa20c58cbccd01ee7208bf3b6e93a7d7f96/library/std/src/sys/pal/unix/time.rs
fn=<std::sys::pal::unix::time::Timespec>::now
75 20
107 4
108 8
110 16
fn=<std::sys::pal::unix::time::Timespec>::sub_timespec
0 2
25 14
112 12
119 4
120 16
136 6
143 8
fn=jiff::tz::db::zoneinfo::inner::CachedTimeZone::new
0 2
150 1
151 2
fl=/rustc/ac68faa20c58cbccd01ee7208bf3b6e93a7d7f96/library/std/src/sys/pal/unix/weak/dlsym.rs
fn=<std::sys::thread::unix::Thread>::new
0 4
70 16
89 4
fl=/rustc/ac68faa20c58cbccd01ee7208bf3b6e93a7d7f96/library/std/src/sys/pal/unix/weak/syscall.rs
fn=std::sys::fs::unix::try_statx
0 7
12 14
13 35
fn=std::sys::pal::unix::stack_overflow::thread_info::set_current_info
12 10
13 15
fn=std::sys::random::linux::getrandom
13 4
fl=/rustc/ac68faa20c58cbccd01ee7208bf3b6e93a7d7f96/library/std/src/sys/path/mod.rs
fn=<rustledger_loader::vfs::DiskFileSystem as rustledger_loader::vfs::FileSystem>::is_encrypted
5 3
fn=<std::path::Components as core::iter::traits::iterator::Iterator>::next
5 35386
fn=<std::path::Components>::as_path
5 4201
fn=<std::path::Components>::parse_next_component_back
5 10788
fn=<std::path::Path>::_starts_with
5 20
fn=<std::path::Path>::_strip_prefix
5 3035
fn=<std::path::PathBuf>::pop
5 3
fn=jiff::tz::db::zoneinfo::inner::walk
5 6761
fn=rustledger_loader::Loader::load_recursive
5 7
fn=rustledger_loader::process::process
5 6
fn=rustledger_loader::process::run_plugins
5 6
fn=std::thread::functions::available_parallelism
5 14
fl=/rustc/ac68faa20c58cbccd01ee7208bf3b6e93a7d7f96/library/std/src/sys/random/linux.rs
fn=std::sys::random::linux::getrandom
0 6
72 11
89 2
91 3
96 6
106 2
158 8
fn=std::sys::random::linux::hashmap_random_keys
164 3
165 3
166 3
170 3
fl=/rustc/ac68faa20c58cbccd01ee7208bf3b6e93a7d7f96/library/std/src/sys/sync/mutex/futex.rs
fn=<&std::io::stdio::Stderr as std::io::Write>::write_fmt
32 1
90 2
fn=rayon_core::latch::LockLatch::wait_and_reset
32 2
90 4
fn=std::sys::pal::unix::stack_overflow::imp::drop_handler
32 1
fn=std::sys::pal::unix::stack_overflow::thread_info::set_current_info
0 5
32 5
fl=/rustc/ac68faa20c58cbccd01ee7208bf3b6e93a7d7f96/library/std/src/sys/sync/once/futex.rs
fn=<std::sys::sync::once::futex::Once>::call
0 6
62 12
146 66
149 12
150 12
151 21
159 9
160 6
177 30
179 6
183 6
210 48
fl=/rustc/ac68faa20c58cbccd01ee7208bf3b6e93a7d7f96/library/std/src/sys/sync/rwlock/futex.rs
fn=std::sys::env::unix::getenv::{closure#0}
54 10
97 5
99 5
111 5
118 20
fl=/rustc/ac68faa20c58cbccd01ee7208bf3b6e93a7d7f96/library/std/src/sys/thread/unix.rs
fn=<rayon_core::registry::DefaultSpawn as rayon_core::registry::ThreadSpawn>::spawn
142 8
fn=<std::sys::thread::unix::Thread>::new
0 4
46 40
49 16
51 16
71 16
98 20
99 8
100 8
122 36
1007 2
1009 8
fn=<std::sys::thread::unix::Thread>::new::thread_start
0 4
108 28
fn=rayon_core::registry::WorkerThread::wait_until_cold
768 37
fn=std::thread::functions::available_parallelism
0 19
168 5
169 1
176 2
190 1
806 2
808 48
809 4
812 3
823 1
829 3
833 2
861 1
864 8
869 10
874 6
fl=/rustc/ac68faa20c58cbccd01ee7208bf3b6e93a7d7f96/library/std/src/sys/thread_local/destructors/linux_like.rs
fn=std::sys::thread_local::destructors::linux_like::register
15 81
40 18
42 90
fl=/rustc/ac68faa20c58cbccd01ee7208bf3b6e93a7d7f96/library/std/src/sys/thread_local/guard/key.rs
fn=std::sys::thread_local::guard::key::enable
9 16
31 16
fl=/rustc/ac68faa20c58cbccd01ee7208bf3b6e93a7d7f96/library/std/src/sys/thread_local/key/racy.rs
fn=std::sys::thread_local::guard::key::enable
39 8
55 1
56 2
59 1
65 3
66 1
fl=/rustc/ac68faa20c58cbccd01ee7208bf3b6e93a7d7f96/library/std/src/sys/thread_local/key/unix.rs
fn=std::sys::thread_local::guard::key::enable
27 4
28 6
31 2
36 8
48 2
fl=/rustc/ac68faa20c58cbccd01ee7208bf3b6e93a7d7f96/library/std/src/sys/thread_local/native/eager.rs
fn=<std::thread::spawnhook::ChildSpawnHooks>::run
35 12
49 8
fn=std::sys::thread_local::native::eager::destroy::<core::cell::Cell<std::thread::spawnhook::SpawnHooks>>
64 5
75 4
fn=std::thread::spawnhook::run_spawn_hooks
35 6
49 2
fl=/rustc/ac68faa20c58cbccd01ee7208bf3b6e93a7d7f96/library/std/src/sys/thread_local/native/mod.rs
fn=<std::thread::spawnhook::ChildSpawnHooks>::run
68 8
fn=std::thread::spawnhook::run_spawn_hooks
68 5
fl=/rustc/ac68faa20c58cbccd01ee7208bf3b6e93a7d7f96/library/std/src/sys/time/unix.rs
fn=jiff::tz::db::zoneinfo::inner::CachedTimeZone::new
74 2
fn=jiff::tz::db::zoneinfo::inner::Database::from_dir
74 2
fn=jiff::tz::system::get
74 2
fn=jiff::util::fs::last_modified_from_file
28 1
fn=rustledger_loader::process::process
0 7
24 2
28 1
fl=/rustc/ac68faa20c58cbccd01ee7208bf3b6e93a7d7f96/library/std/src/thread/current.rs
fn=<&std::io::stdio::Stderr as std::io::Write>::write_fmt
34 1
fn=<std::sys::thread::unix::Thread>::new::thread_start
0 4
34 4
122 12
126 8
134 4
fn=std::rt::lang_start_internal
34 1
fn=std::sys::pal::unix::stack_overflow::thread_info::set_current_info
0 1
194 5
195 15
221 4
fl=/rustc/ac68faa20c58cbccd01ee7208bf3b6e93a7d7f96/library/std/src/thread/functions.rs
fn=std::thread::functions::available_parallelism
694 8
696 8
fl=/rustc/ac68faa20c58cbccd01ee7208bf3b6e93a7d7f96/library/std/src/thread/id.rs
fn=<rayon_core::registry::DefaultSpawn as rayon_core::registry::ThreadSpawn>::spawn
53 4
fn=std::rt::lang_start_internal
53 1
fl=/rustc/ac68faa20c58cbccd01ee7208bf3b6e93a7d7f96/library/std/src/thread/lifecycle.rs
fn=<std::sys::thread::unix::Thread>::new::thread_start
169 8
fl=/rustc/ac68faa20c58cbccd01ee7208bf3b6e93a7d7f96/library/std/src/thread/local.rs
fn=<std::thread::spawnhook::ChildSpawnHooks>::run
0 8
481 8
fl=/rustc/ac68faa20c58cbccd01ee7208bf3b6e93a7d7f96/library/std/src/thread/scoped.rs
fn=<rayon_core::registry::DefaultSpawn as rayon_core::registry::ThreadSpawn>::spawn
0 8
fl=/rustc/ac68faa20c58cbccd01ee7208bf3b6e93a7d7f96/library/std/src/thread/spawnhook.rs
fn=<std::thread::spawnhook::ChildSpawnHooks>::run
147 36
148 4
149 28
152 32
fn=<std::thread::spawnhook::SpawnHooks as core::ops::drop::Drop>::drop
22 72
28 63
fn=std::thread::spawnhook::run_spawn_hooks
0 1
113 40
116 8
119 4
127 16
133 36
fl=/rustc/ac68faa20c58cbccd01ee7208bf3b6e93a7d7f96/library/std/src/thread/thread.rs
fn=<std::sys::thread::unix::Thread>::new::thread_start
204 4
308 12
310 4
fn=std::sys::pal::unix::stack_overflow::thread_info::set_current_info
247 12
249 4
fl=???
fn=(below main)
0 12
fn=???
0 3722
fn=__cpu_indicator_init
0 367
fn=__rustc::__rust_alloc
0 180117
fn=__rustc::__rust_realloc
0 95
fn=main
0 12
summary: 1167657224
